market_seed,case_name,target,tdmi_at_plus_1,direct_peak,direct_peak_lag,exact_plus_1_recovered,outside_direct_positive_peak,outside_direct_positive_peak_lag,outside_direct_to_direct_ratio,negative_peak,negative_peak_lag,global_nonzero_peak,global_nonzero_peak_lag,tdmi_at_plus_21,tdmi_at_plus_42,direct_peak_at_window_boundary,global_peak_at_scan_boundary
20261001,dense_periodic,level,0.00917041397422613,0.013854442076994895,2,False,0.01450960008473911,23,1.0472886604962677,0.0128623777911982,-19,0.01450960008473911,23,0.008566815146228446,0.00950659797837493,False,False
20261001,dense_periodic,change,0.03418481995425665,0.03418481995425665,1,True,0.03253464466841769,22,0.9517278345169847,0.034835921162132535,-20,0.034835921162132535,-20,0.007323450564192988,0.006538489358048271,True,False
20261001,sparse_periodic,level,0.010982118406511495,0.014120869444480766,13,False,0.021170884984066607,42,1.4992621429795447,0.018043258768457436,-2,0.021170884984066607,42,0.009943492839768411,0.021170884984066607,True,True
20261001,sparse_periodic,change,0.020811555626034147,0.021014679981012595,4,False,0.019185931060820373,40,0.9129775508432889,0.01974332885307805,-41,0.021014679981012595,4,0.015098761262117082,0.008287883509620923,False,False
20261001,sparse_irregular,level,0.010982118406511499,0.018272880727779287,9,False,0.01617549827776696,25,0.8852188398064795,0.01440231285485827,-32,0.018272880727779287,9,0.006863680511055983,0.0017470306761948379,False,False
20261001,sparse_irregular,change,0.02386656252404932,0.02386656252404932,1,True,0.019711285319455464,18,0.8258954468031683,0.018998372745279806,-39,0.02386656252404932,1,0.008000343605644854,0.014105695520050494,True,False
20261002,dense_periodic,level,0.003899354800556096,0.007598997623446901,10,False,0.008827817200034307,39,1.1617081143433776,0.009823149196000532,-32,0.009823149196000532,-32,0.006064176360179603,0.006887169382310371,False,False
20261002,dense_periodic,change,0.024620398821354528,0.03201483399189849,2,False,0.03153537779654787,23,0.9850239362330615,0.030748366364144665,-19,0.03201483399189849,2,0.01246650934852282,0.012374209367258852,False,False
20261002,sparse_periodic,level,0.012049565992970768,0.012049565992970768,1,True,0.017239698154257938,17,1.430731875680409,0.01709412597725671,-25,0.017239698154257938,17,0.0037800305762888333,0.012602098819569562,True,False
20261002,sparse_periodic,change,0.030038312536846735,0.030038312536846735,1,True,0.021874891701157036,31,0.7282330415306794,0.032091134107752654,-41,0.032091134107752654,-41,0.006974929396288795,0.008625018354666105,True,False
20261002,sparse_irregular,level,0.004099848897850652,0.015049097756312168,3,False,0.01903590240872615,32,1.26491984549318,0.017241654623106697,-26,0.01903590240872615,32,0.012018721720824778,0.008387716600013534,False,False
20261002,sparse_irregular,change,0.03106364580853779,0.03106364580853779,1,True,0.02173754099632377,18,0.6997742998456815,0.020274040622378017,-41,0.03106364580853779,1,0.010714718508220955,0.010111200680737845,True,False
20261003,dense_periodic,level,0.003941788284539661,0.008588558710536631,4,False,0.012628221945619264,41,1.470354033922675,0.013665071897109804,-22,0.013665071897109804,-22,0.010295386482541762,0.01131583597704946,False,False
20261003,dense_periodic,change,0.033264649052525956,0.033264649052525956,1,True,0.03483919989129015,22,1.04733405833556,0.034990528049224645,-20,0.034990528049224645,-20,0.013305827901760884,0.013505329369439895,True,False
20261003,sparse_periodic,level,0.014956976954071562,0.018244626208424847,7,False,0.017504060023939613,42,0.9594090788144916,0.021115362664507097,-35,0.021115362664507097,-35,0.006923198614150146,0.017504060023939613,False,False
20261003,sparse_periodic,change,0.016786065039324095,0.021025114420246932,7,False,0.022426985265733255,41,1.0666760150487617,0.022026229272237203,-1,0.022426985265733255,41,0.006557324473353004,0.015563307504950314,False,False
20261003,sparse_irregular,level,0.012827465171740354,0.012968679553466277,11,False,0.01575668444150282,29,1.2149798579371456,0.01797866594277419,-37,0.01797866594277419,-37,0.010963087530622993,0.009210996784212378,False,False
20261003,sparse_irregular,change,0.03355014089836757,0.03355014089836757,1,True,0.018127531044501696,18,0.540311621921794,0.0214962237813254,-36,0.03355014089836757,1,0.010710857930713798,0.016938545186269933,True,False
20261004,dense_periodic,level,0.007129383464528927,0.011711968959198873,12,False,0.010853527963021019,33,0.926703955656951,0.014240849305786535,-30,0.014240849305786535,-30,0.005201166101054061,0.0051845277141277105,False,False
20261004,dense_periodic,change,0.027717117087292464,0.027717117087292464,1,True,0.029576945843369108,22,1.0671003679862985,0.03413249438210889,-41,0.03413249438210889,-41,0.008453065445162979,0.009642438092379944,True,False
20261004,sparse_periodic,level,0.012829234257660882,0.02120650460602084,9,False,0.02047620756011984,40,0.9655625922579595,0.018978547938962028,-42,0.02120650460602084,9,0.006335638018507233,0.01831188523177598,False,False
20261004,sparse_periodic,change,0.009973922369993934,0.02261162967034498,8,False,0.017447983160439863,29,0.7716375783087759,0.02258474463743359,-37,0.02261162967034498,8,0.014173495317772577,0.016023932524425147,False,False
20261004,sparse_irregular,level,0.01287166774164444,0.019389228726828585,12,False,0.017029504449197402,42,0.8782971560717077,0.021197429303850015,-6,0.021197429303850015,-6,0.009284063004137557,0.017029504449197402,False,False
20261004,sparse_irregular,change,0.01812743105576476,0.026789612646881192,3,False,0.019747573320676212,21,0.7371354554831608,0.022577556283939548,-13,0.026789612646881192,3,0.019747573320676212,0.014188440373844102,False,False
20261005,dense_periodic,level,0.017936219365394454,0.017936219365394454,1,True,0.018866260425428695,22,1.0518526809405906,0.01812951517850214,-41,0.018866260425428695,22,0.015790269824945122,0.01693053901425869,True,False
20261005,dense_periodic,change,0.036790541549306575,0.036790541549306575,1,True,0.03507278122404963,22,0.9533097298131693,0.038809624587171486,-40,0.038809624587171486,-40,0.015323991030864056,0.016285240238585644,True,False
20261005,sparse_periodic,level,0.007007259858951722,0.01407548146318566,13,False,0.015138069450937902,42,1.0754921236997423,0.013440753305542348,-42,0.015138069450937902,42,0.008019787400856791,0.015138069450937902,True,True
20261005,sparse_periodic,change,0.016828585122254568,0.016857968464054587,7,False,0.019728603025601883,23,1.1702835408470604,0.01934627632695325,-19,0.019728603025601883,23,0.010903273342384617,0.010379920436871038,False,False
20261005,sparse_irregular,level,0.004099848897850837,0.008083157386581434,2,False,0.013619679028324217,30,1.6849454213193682,0.019279074602771704,-41,0.019279074602771704,-41,0.0068194451806187694,0.008048223131402275,False,False
20261005,sparse_irregular,change,0.03393533805701905,0.03393533805701905,1,True,0.018478787463153366,25,0.5445293467271438,0.021681705047037817,-37,0.03393533805701905,1,0.0097816518743567,0.011424398880641473,True,False
20261006,dense_periodic,level,0.005787135049768504,0.011107911816284254,9,False,0.020161383828501116,42,1.8150471629550056,0.01725349512423329,-21,0.020161383828501116,42,0.018380511425619528,0.020161383828501116,False,True
20261006,dense_periodic,change,0.020731279624389427,0.021564620441102987,5,False,0.02557670510826537,22,1.186049398741802,0.024901031457266024,-24,0.02557670510826537,22,0.014650055484675089,0.014097658363767472,False,False
20261006,sparse_periodic,level,0.004141416270854299,0.013759906270561105,9,False,0.015483393522985486,14,1.125254287241166,0.015769833293361367,-30,0.015769833293361367,-30,0.006283256791776763,0.007418571246551601,False,False
20261006,sparse_periodic,change,0.015067266311325291,0.019365460116568964,2,False,0.01905936770044388,39,0.9841938991233576,0.019728365816867852,-3,0.019728365816867852,-3,0.011049854005856063,0.010299184854401507,False,False
20261006,sparse_irregular,level,0.012091133365974165,0.013866589159826324,10,False,0.016374408072071606,22,1.1808533362703804,0.01586549249469947,-5,0.016374408072071606,22,0.006715665593859724,0.006731487569025544,False,False
20261006,sparse_irregular,change,0.024093563006262215,0.024093563006262215,1,True,0.02606205927039018,39,1.0817021651640453,0.017811013968477826,-11,0.02606205927039018,39,0.009551306894958544,0.01703978897103891,True,False
20261007,dense_periodic,level,0.009906745779992327,0.009906745779992327,1,True,0.010478023126636376,22,1.057665489690651,0.011163177407323916,-41,0.011163177407323916,-41,0.009139279592740955,0.00964413565497564,True,False
20261007,dense_periodic,change,0.02495930572638326,0.03485944562622628,3,False,0.034828443399507934,24,0.9991106506095718,0.03306622177776044,-39,0.03485944562622628,3,0.016003057427360166,0.016560116349538575,False,False
20261007,sparse_periodic,level,0.014956976954071556,0.017045574505110822,13,False,0.020484022427377502,32,1.2017208584689076,0.019121664713466213,-10,0.020484022427377502,32,0.007907582819982115,0.011430531096823264,True,False
20261007,sparse_periodic,change,0.015299163707960481,0.02711478563179716,5,False,0.018534376959888656,32,0.6835524061143096,0.02855019472221334,-37,0.02855019472221334,-37,0.00776129546024594,0.014927401201635588,False,False
20261007,sparse_irregular,level,0.010940551033508274,0.015676559480325904,2,False,0.015974150385715254,15,1.0189831771290652,0.020825341248361256,-37,0.020825341248361256,-37,0.008019787400856791,0.004827684812016994,False,False
20261007,sparse_irregular,change,0.022153826460221127,0.022153826460221127,1,True,0.02477163504091119,37,1.118165075698798,0.02119190804669508,-4,0.02477163504091119,37,0.006506099145227474,0.017583376796640352,True,False
20261008,dense_periodic,level,0.002054008035327253,0.007465785542422388,11,False,0.009176821279637582,32,1.2291836173826154,0.00820257620827577,-31,0.009176821279637582,32,0.005767158644021565,0.007987809123492494,False,False
20261008,dense_periodic,change,0.017234419099940446,0.02709173525926453,2,False,0.03397096568005001,37,1.2539235805662539,0.030955920595485333,-5,0.03397096568005001,37,0.012086696914828872,0.011345774513679633,False,False
20261008,sparse_periodic,level,0.0109405510335081,0.013898521146817727,7,False,0.021375311127798845,33,1.537955794145267,0.019443400781054873,-9,0.021375311127798845,33,0.012167790675109444,0.014257366702753672,False,False
20261008,sparse_periodic,change,0.012065260011807378,0.024180263560871,2,False,0.02143119823106194,15,0.8863095382360656,0.028896482719901386,-40,0.028896482719901386,-40,0.013758641001502826,0.008143626010862439,False,False
20261008,sparse_irregular,level,0.004099848897850833,0.01223407654578539,10,False,0.021411199814018435,31,1.7501279915887513,0.015006490720246905,-3,0.021411199814018435,31,0.006863680511055983,0.00828782041944994,False,False
20261008,sparse_irregular,change,0.010953981756509064,0.022224507522747048,4,False,0.022844973463483596,21,1.0279180962773413,0.018835750476760896,-1,0.022844973463483596,21,0.022844973463483596,0.010210431461842574,False,False
20261009,dense_periodic,level,0.00902566179156222,0.010106235825976128,12,False,0.010666670824817847,42,1.0554543757430666,0.009430278603376597,-41,0.010666670824817847,42,0.009675164999517927,0.010666670824817847,False,True
20261009,dense_periodic,change,0.018155331249215957,0.04091243715532647,2,False,0.041654723649270774,23,1.0181432968934647,0.03913947863935276,-40,0.041654723649270774,23,0.015328328289602056,0.014475350098937434,False,False
20261009,sparse_periodic,level,0.012091133365974166,0.015122435741213167,9,False,0.013831425766388359,41,0.9146294950815086,0.015048979976244138,-33,0.015122435741213167,9,0.01096308753062299,0.009672515176205827,False,False
20261009,sparse_periodic,change,0.014936952260288596,0.024939817616353572,2,False,0.020676130227762553,31,0.8290409555443089,0.025339088279118512,-40,0.025339088279118512,-40,0.01768095979371338,0.014616027251368863,False,False
20261009,sparse_irregular,level,0.012091133365974163,0.012825449881725431,9,False,0.011578418679461532,30,0.9027690089810608,0.014663032000771127,-32,0.014663032000771127,-32,0.0038761450508525692,0.008977428798217977,False,False
20261009,sparse_irregular,change,0.012803094535544518,0.023864612118372784,2,False,0.01911550179906671,37,0.8009977997652076,0.02132741648878709,-22,0.023864612118372784,2,0.012050466218026391,0.011766340301293216,False,False
20261010,dense_periodic,level,0.007958214205103106,0.0085726256397052,2,False,0.013981147981313405,42,1.630906162116534,0.013457640065368181,-35,0.013981147981313405,42,0.013282921942745201,0.013981147981313405,False,True
20261010,dense_periodic,change,0.037532170873887105,0.037532170873887105,1,True,0.04058211782092009,22,1.0812622045572902,0.043276454805151875,-41,0.043276454805151875,-41,0.012515346608450035,0.012645742170023584,True,False
20261010,sparse_periodic,level,0.010982118406511495,0.01655297204009198,13,False,0.02115828448868761,32,1.2782166512117203,0.019789519684230743,-10,0.02115828448868761,32,0.00996787433203189,0.011733113459595605,True,False
20261010,sparse_periodic,change,0.027807012944898474,0.027807012944898474,1,True,0.023086828118531282,34,0.8302520002518585,0.0275602879392037,-41,0.027807012944898474,1,0.009968736532286452,0.00832083095396853,True,False
20261010,sparse_irregular,level,0.008116274818414105,0.013911618988597586,2,False,0.011450606329644935,41,0.8230966028490446,0.019150383516467234,-31,0.019150383516467234,-31,0.002747284543124556,0.007228039351807744,False,False
20261010,sparse_irregular,change,0.01091232955213222,0.021628821890502584,2,False,0.015556226504611005,30,0.7192359613189051,0.020795020878203205,-3,0.021628821890502584,2,0.010756040196528358,0.003914800753445105,False,False
20261011,dense_periodic,level,0.002054008035327246,0.0067387595899214585,5,False,0.00707153922381909,26,1.0493829212122865,0.00731119428975217,-37,0.00731119428975217,-37,0.004140470921267985,0.004412049245500544,False,False
20261011,dense_periodic,change,0.02356320870886449,0.03466207767865136,2,False,0.034430275455443395,23,0.9933125121535709,0.03397691856544476,-19,0.03466207767865136,2,0.01778333345011646,0.018195960209371274,False,False
20261011,sparse_periodic,level,0.0109405510335081,0.012301853392691686,5,False,0.013997303758531742,34,1.1378207260092446,0.013761270926982533,-35,0.013997303758531742,34,0.007907582819982115,0.008691302589824505,False,False
20261011,sparse_periodic,change,0.01974370227141262,0.026792711812115025,2,False,0.023113448564261597,23,0.862676713217594,0.02957106599327873,-39,0.02957106599327873,-39,0.013846520715050149,0.014404554614533115,False,False
20261011,sparse_irregular,level,0.00807470744541071,0.011635837373180209,13,False,0.01752254178985597,15,1.505911541033068,0.015954774622443227,-42,0.01752254178985597,15,0.01173542602068117,0.011607305208040746,True,False
20261011,sparse_irregular,change,0.01812743105576476,0.01812743105576476,1,True,0.022304585433765556,21,1.2304327825134609,0.020572028524869074,-24,0.022304585433765556,21,0.022304585433765556,0.013190871954489276,True,False
20261012,dense_periodic,level,0.0050508032440023075,0.009237337145796904,7,False,0.009895776626311307,24,1.071280226121659,0.012103327119625303,-35,0.012103327119625303,-35,0.009139279592740954,0.009866729737035954,False,False
20261012,dense_periodic,change,0.025467052488978077,0.02684879217798341,2,False,0.030457283665834254,22,1.134400514702106,0.03443192748546205,-40,0.03443192748546205,-40,0.011887947602602669,0.012019072255061991,False,False
20261012,sparse_periodic,level,0.00807470744541071,0.0160451340785879,7,False,0.018301360738836765,40,1.1406175011812323,0.017082503185859098,-12,0.018301360738836765,40,0.008858867662477576,0.008265086493231785,False,False
20261012,sparse_periodic,change,0.022067881476613864,0.022067881476613864,1,True,0.017994727244619386,39,0.8154261324853068,0.026244519726719266,-40,0.026244519726719266,-40,0.006554368705401735,0.016190657686166825,True,False
20261012,sparse_irregular,level,0.012091133365974165,0.0151608842629119,4,False,0.018819068533154633,39,1.2412909568336825,0.016172175453664075,-37,0.018819068533154633,39,0.006907012952976726,0.012429604834293433,False,False
20261012,sparse_irregular,change,0.0167860650393241,0.023915146982348565,2,False,0.02422997798508264,15,1.01316450210264,0.01891200573637121,-40,0.02422997798508264,15,0.010801312965319028,0.016742026894616048,False,False
20261013,dense_periodic,level,0.003856018341632228,0.003856018341632228,1,True,0.012100599779683108,35,3.1381074226324874,0.011429020055980016,-28,0.012100599779683108,35,0.004180345327456751,0.0051072590089106295,True,False
20261013,dense_periodic,change,0.01925960267359088,0.025131646918327873,2,False,0.038492096034913326,36,1.5316185270310325,0.0361384455349308,-27,0.038492096034913326,36,0.01779537043647865,0.017318318310986604,False,False
20261013,sparse_periodic,level,0.008116274818414107,0.011110202698087396,12,False,0.015211467717006898,24,1.3691440318749115,0.014879674308955764,-27,0.015211467717006898,24,0.008767532111793867,0.007632965533498461,False,False
20261013,sparse_periodic,change,0.027080675304758214,0.027080675304758214,1,True,0.024622889776502198,15,0.9092420886629747,0.025396005839012647,-27,0.027080675304758214,1,0.018628909893079304,0.011464649478476576,True,False
20261013,sparse_irregular,level,0.007007259858951726,0.014102433057635422,6,False,0.015894948797863698,35,1.1271068426917836,0.011142062714280981,-21,0.015894948797863698,35,0.01175506757199728,0.01214688357990429,False,False
20261013,sparse_irregular,change,0.010996501839439536,0.02228476232904437,2,False,0.01925006024277126,21,0.8638216534928939,0.021327776189569873,-2,0.02228476232904437,2,0.01925006024277126,0.008372630309555606,False,False
20261014,dense_periodic,level,0.0035266716468597015,0.011180855133426003,13,False,0.011735994584129968,34,1.049650893789361,0.014916032255746423,-29,0.014916032255746423,-29,0.0029800031072187505,0.0038509008183948462,True,False
20261014,dense_periodic,change,0.0456267826085507,0.0456267826085507,1,True,0.04677076024583395,22,1.0250725028564442,0.051748743978331915,-41,0.051748743978331915,-41,0.01242920730673352,0.01103952791069972,True,False
20261014,sparse_periodic,level,0.008074707445410712,0.01294093147523619,10,False,0.015599567042236827,29,1.2054439104393846,0.014179243979442802,-13,0.015599567042236827,29,0.011066840964154369,0.00846245663154768,False,False
20261014,sparse_periodic,change,0.027166620288365473,0.027166620288365473,1,True,0.02082097180403951,21,0.7664174484360284,0.03173192964385286,-41,0.03173192964385286,-41,0.02082097180403951,0.011020991211416514,True,False
20261014,sparse_irregular,level,0.010982118406511497,0.011452835314849162,10,False,0.020528306137902717,35,1.7924213152080133,0.01574776836211321,-3,0.020528306137902717,35,0.0068194451806187694,0.008094522777259907,False,False
20261014,sparse_irregular,change,0.020944704801432342,0.020944704801432342,1,True,0.020122784181154717,38,0.9607575934791205,0.026363130586114697,-4,0.026363130586114697,-4,0.016472020591547044,0.0071081721372704245,True,False
20261015,dense_periodic,level,0.009719560113344997,0.009719560113344997,1,True,0.015533968592181672,38,1.5982172455370143,0.012355265619384173,-4,0.015533968592181672,38,0.007690864082933183,0.009245921901108511,True,False
20261015,dense_periodic,change,0.020293679026633545,0.020293679026633545,1,True,0.022036644911757698,39,1.0858871317929428,0.023633039497157275,-41,0.023633039497157275,-41,0.013020416031077899,0.013778585421888735,True,False
20261015,sparse_periodic,level,0.008116274818414107,0.01882045037302427,11,False,0.02261195034940609,15,1.2014563892592205,0.020478824878533877,-27,0.02261195034940609,15,0.0068194451806187694,0.01730932905385102,False,False
20261015,sparse_periodic,change,0.018170855956441547,0.021204938860194734,8,False,0.021563819915626045,41,1.0169244088746228,0.02226148975545131,-41,0.02226148975545131,-41,0.007762148277898928,0.006521371210362935,False,False
20261015,sparse_irregular,level,0.00996162158364296,0.01697416470685268,12,False,0.021136660084751416,14,1.2452253439144658,0.018005171064906948,-21,0.021136660084751416,14,0.01096308753062299,0.015719938552103577,False,False
20261015,sparse_irregular,change,0.01288903951915178,0.02808319245198518,2,False,0.024412523774479455,18,0.869293041245877,0.025567672983785636,-30,0.02808319245198518,2,0.009322634760137418,0.007184269406095178,False,False
20261016,dense_periodic,level,0.003899354800556096,0.014399993066149275,4,False,0.015840116643523996,42,1.10000862991803,0.014843478263138456,-40,0.015840116643523996,42,0.014434667908297586,0.015840116643523996,False,True
20261016,dense_periodic,change,0.023660459792873092,0.023660459792873092,1,True,0.02509337967298111,22,1.0605617935007179,0.02435409797535992,-20,0.02509337967298111,22,0.007693928059209451,0.007525488143489788,True,False
20261016,sparse_periodic,level,0.014956976954071556,0.019459401090294898,12,False,0.025065238766648387,32,1.2880786335787755,0.023538695190755993,-10,0.025065238766648387,32,0.011930006934639394,0.015969004187046148,False,False
20261016,sparse_periodic,change,0.022067881476613864,0.022067881476613864,1,True,0.021422409821469646,32,0.9707506288798837,0.022026755092089956,-41,0.022067881476613864,1,0.010940128063074601,0.0070167705001989746,True,False
20261016,sparse_irregular,level,0.010982118406511499,0.0150228972438959,2,False,0.017489421603586335,37,1.164184332731999,0.01911610130644525,-21,0.01911610130644525,-21,0.015061553232364737,0.012244366028186291,False,False
20261016,sparse_irregular,change,0.012107780094737852,0.0158925868877332,8,False,0.018753469328569906,35,1.180013641646024,0.02335995507623234,-29,0.02335995507623234,-29,0.009915408253862518,0.01127322391077057,False,False
20261017,dense_periodic,level,0.009719560113344995,0.009719560113344995,1,True,0.016048398817342893,41,1.6511445610906175,0.018612149916877128,-22,0.018612149916877128,-22,0.0066920541339050964,0.007544348118809765,True,False
20261017,dense_periodic,change,0.018062379434685295,0.03489239882166504,2,False,0.037181839029747955,40,1.0656142966777447,0.03515983929176178,-40,0.037181839029747955,40,0.006481133527661988,0.007289866230871034,False,False
20261017,sparse_periodic,level,0.010982118406511495,0.010982118406511495,1,True,0.01604616007079827,32,1.4611170155736268,0.01583128596859113,-25,0.01604616007079827,32,0.009851215971259398,0.012196036848298793,True,False
20261017,sparse_periodic,change,0.019657757287805357,0.019657757287805357,1,True,0.022770581663645824,40,1.158350941578239,0.020170410208915763,-8,0.022770581663645824,40,0.006644914242983025,0.005140831308658439,True,False
20261017,sparse_irregular,level,0.015693308759837748,0.022153826460221127,2,False,0.015741088387635913,17,0.7105358713493685,0.017901633292487427,-8,0.022153826460221127,2,0.014038190763184364,0.008977428798217977,False,False
20261017,sparse_irregular,change,0.018084910972834288,0.029207764680246273,2,False,0.02150466637043627,15,0.7362653940094313,0.019832003480680763,-32,0.029207764680246273,2,0.010846585734109732,0.014244792585317642,False,False
20261018,dense_periodic,level,0.007916646832099711,0.009137421897358501,7,False,0.012288895176242721,41,1.344897424490738,0.014947282828091286,-1,0.014947282828091286,-1,0.008213407643879294,0.008840715840239636,False,False
20261018,dense_periodic,change,0.026304586906309078,0.032870270990071025,3,False,0.032545945624317216,24,0.9901331703090681,0.03410890665264641,-39,0.03410890665264641,-39,0.012393568517472605,0.012723243098411576,False,False
20261018,sparse_periodic,level,0.008160477388318193,0.020265325777629496,7,False,0.0233954278351338,39,1.1544560443710983,0.02091495101693871,-2,0.0233954278351338,39,0.007243651306827439,0.007261316025323007,False,False
20261018,sparse_periodic,change,0.016786065039324095,0.02363578801164576,3,False,0.019513341361123045,39,0.8255845479536577,0.023214222594367447,-39,0.02363578801164576,3,0.007083410926769295,0.011019371629312677,False,False
20261018,sparse_irregular,level,0.010898983660504747,0.012734618951879264,7,False,0.01197541561212342,34,0.9403827203134485,0.0181342073538965,-31,0.0181342073538965,-31,0.0058733403768844675,0.006978263981111216,False,False
20261018,sparse_irregular,change,0.027807012944898474,0.027807012944898474,1,True,0.02209445096178254,39,0.7945639830342162,0.01970466525671563,-10,0.027807012944898474,1,0.01380850636469104,0.010219243227115036,True,False
20261019,dense_periodic,level,0.0038993548005560865,0.004510094814639331,13,False,0.011133873159999476,42,2.468656118682916,0.0119958653801051,-42,0.0119958653801051,-42,0.010252054040621043,0.011133873159999476,True,True
20261019,dense_periodic,change,0.017874811756473687,0.02097160542866797,2,False,0.02152707561156563,23,1.0264867744525814,0.02163940842219475,-7,0.02163940842219475,-7,0.018350519970601886,0.01870304714722021,False,False
20261019,sparse_periodic,level,0.006965692485948349,0.018163958754990512,6,False,0.01449735240792767,41,0.7981383685945967,0.01855881992725582,-36,0.01855881992725582,-36,0.007990796413767726,0.011245213500248936,False,False
20261019,sparse_periodic,change,0.019196189228132602,0.019196189228132602,1,True,0.018230308648832835,21,0.9496837331711526,0.02106974229673523,-40,0.02106974229673523,-40,0.018230308648832835,0.013180038674107315,True,False
20261019,sparse_irregular,level,0.012091133365974163,0.01445763107142126,11,False,0.015591876461572519,27,1.078453059463756,0.016718322862313437,-1,0.016718322862313437,-1,0.0098512159712594,0.00902372844407561,False,False
20261019,sparse_irregular,change,0.024935320696417212,0.024935320696417212,1,True,0.019319645057233655,41,0.7747903182175461,0.022108692683345185,-11,0.024935320696417212,1,0.014167452255461786,0.015363070171971874,True,False
20261020,dense_periodic,level,0.005050803244002299,0.011716781854986008,5,False,0.01255565541683397,39,1.071595901693005,0.013901501881639942,-37,0.013901501881639942,-37,0.006108411690616796,0.006933469028168007,False,False
20261020,dense_periodic,change,0.015385306320904969,0.0285899185173194,2,False,0.03207000157016954,24,1.1217241333074086,0.02715171733260621,-19,0.03207000157016954,24,0.02339936591539172,0.023378893729820518,False,False
20261020,sparse_periodic,level,0.012049565992970745,0.012803962414098325,2,False,0.019963497402773027,33,1.5591655736814256,0.017987791173906247,-20,0.019963497402773027,33,0.006979235914831343,0.014024771887762938,False,False
20261020,sparse_periodic,change,0.012889039519151779,0.024128907786595363,5,False,0.022149582411757435,42,0.9179687123700838,0.023962613846381885,-37,0.024128907786595363,5,0.010710942713345635,0.022149582411757435,False,False
20261020,sparse_irregular,level,0.006965692485948222,0.014030329811631532,5,False,0.01782481490561859,31,1.2704487453203932,0.017402981218755005,-27,0.01782481490561859,31,0.015222285284402604,0.011174987403336936,False,False
20261020,sparse_irregular,change,0.015214086602906657,0.02698136531976386,5,False,0.02171060975506261,21,0.8046520069597656,0.0224454936500545,-31,0.02698136531976386,5,0.02171060975506261,0.014510985054040925,False,False
20261021,dense_periodic,level,0.005050803244002314,0.01108088556862641,3,False,0.011603334585746958,24,1.0471486700124195,0.013630250086600685,-18,0.013630250086600685,-18,0.008615759572816715,0.009557826478203812,False,False
20261021,dense_periodic,change,0.02804358263695942,0.029271694083946066,2,False,0.032752869375923865,22,1.1189263348405596,0.03256459177850801,-42,0.032752869375923865,22,0.029881229307955993,0.030161542034990635,False,False
20261021,sparse_periodic,level,0.018098524345410375,0.018098524345410375,1,True,0.017480690180655553,41,0.965862732620436,0.01748604610801323,-41,0.018098524345410375,1,0.005032251940653376,0.016533049174636806,True,False
20261021,sparse_periodic,change,0.01826531420980771,0.026969641644017536,2,False,0.019629265296054386,28,0.727828183820477,0.025749789290450374,-40,0.026969641644017536,2,0.013842405317429522,0.01917280478886789,False,False
20261021,sparse_irregular,level,0.00811627481841438,0.01691637909036075,2,False,0.018454873265629494,42,1.0909470145502596,0.018362339938885835,-32,0.018454873265629494,42,0.0038761450508525684,0.018454873265629494,False,True
20261021,sparse_irregular,change,0.011084295807545712,0.019398590364985653,6,False,0.020345462157299984,38,1.0488113710583542,0.020154082764753372,-16,0.020345462157299984,38,0.01379319243662631,0.01547333542708246,False,False
20261022,dense_periodic,level,0.004635686606322281,0.004635686606322281,1,True,0.010602483098079523,39,2.2871440626766173,0.009047458677056157,-23,0.010602483098079523,39,0.004140470921267984,0.0048736910229161155,True,False
20261022,dense_periodic,change,0.033490483784990616,0.033490483784990616,1,True,0.036064792624563545,22,1.0768668752622395,0.03900204713338924,-41,0.03900204713338924,-41,0.011256325227843098,0.012945988904470448,True,False
20261022,sparse_periodic,level,0.004099848897850832,0.010574296902096606,12,False,0.015552243960003268,33,1.47075915344496,0.014838273279203484,-9,0.015552243960003268,33,0.0008116692916221433,0.004682917471886777,False,False
20261022,sparse_periodic,change,0.012845614618474992,0.016855755828909278,2,False,0.020141802989900728,18,1.1949510419079254,0.020139114910570976,-24,0.020141802989900728,18,0.013721911907592862,0.00863774659001007,False,False
20261022,sparse_irregular,level,0.014956976954071562,0.014956976954071562,1,True,0.019536842163228187,33,1.3062025985077086,0.014983094024017958,-2,0.019536842163228187,33,0.003821546192030328,0.004945951314346188,True,False
20261022,sparse_irregular,change,0.027765360740521633,0.027765360740521633,1,True,0.02026667339115234,21,0.7299265289780487,0.017461787216507086,-9,0.027765360740521633,1,0.02026667339115234,0.014608902413982064,True,False
20261023,dense_periodic,level,0.002791205952073617,0.00943482410337563,3,False,0.013692397206845005,42,1.451261523990265,0.014030796677914884,-21,0.014030796677914884,-21,0.012494755717507177,0.013692397206845005,False,False
20261023,dense_periodic,change,0.02096976987052202,0.04152694505128094,3,False,0.039162186014041575,24,0.9430548277914698,0.04659271807034781,-39,0.04659271807034781,-39,0.008399246719286962,0.009393138315073605,False,False
20261023,sparse_periodic,level,0.004058281524847465,0.008118263462035867,8,False,0.019915770066032797,20,2.4532056836005167,0.02017398619915557,-22,0.02017398619915557,-22,0.011595083674469372,0.008367643022188903,False,False
20261023,sparse_periodic,change,0.013911618988597586,0.0446300058181391,3,False,0.025654587713886613,17,0.5748282404090511,0.04989131058744543,-39,0.04989131058744543,-39,0.01301000417000488,0.015868478372451766,False,False
20261023,sparse_irregular,level,0.012701896941750031,0.012701896941750031,1,True,0.018818099444847632,26,1.4815188259789902,0.021245911234839078,-10,0.021245911234839078,-10,0.0008155216725742206,0.007019273264339643,True,False
20261023,sparse_irregular,change,0.024209850934830583,0.024209850934830583,1,True,0.021514990743852554,22,0.8886874521354055,0.023809227543027178,-13,0.024209850934830583,1,0.009914423909801287,0.01157308521374459,True,False
20261024,dense_periodic,level,0.005050803244002299,0.007957261512151412,11,False,0.008334108429443736,32,1.047358870475332,0.009361061644690364,-31,0.009361061644690364,-31,0.006447975604718525,0.007288879258261162,False,False
20261024,dense_periodic,change,0.02110871545262636,0.024870230936500783,8,False,0.027054511748183158,29,1.0878271222032208,0.028366068439359664,-40,0.028366068439359664,-40,0.01799609842316189,0.017368083225879447,False,False
20261024,sparse_periodic,level,0.004099848897850837,0.017336611176963203,10,False,0.014044465842625434,35,0.8101044488606658,0.017465525512646306,-32,0.017465525512646306,-32,0.0038761450508525684,0.005205230280436372,False,False
20261024,sparse_periodic,change,0.01682858512225457,0.019203159751277316,12,False,0.018333400616519686,29,0.954707498868785,0.019101893917700452,-30,0.019203159751277316,12,0.01458756726643998,0.01126313340736175,False,False
20261024,sparse_irregular,level,0.008074707445410712,0.010994550464154058,9,False,0.01314025782083962,30,1.1951609903180027,0.018004679224713042,-18,0.018004679224713042,-18,0.008063119842777534,0.0035757082540959634,False,False
20261024,sparse_irregular,change,0.008082289508027798,0.02030605462425825,11,False,0.025331225871649925,15,1.2474715714291662,0.018809163581450242,-35,0.025331225871649925,15,0.01047742565695599,0.01058764559017822,False,False
20261025,dense_periodic,level,0.013965605184539338,0.013965605184539338,1,True,0.014718235823727055,22,1.0538917310952567,0.01193629223804391,-20,0.014718235823727055,22,0.009139279592740955,0.009301780859003952,True,False
20261025,dense_periodic,change,0.030392956804044795,0.030392956804044795,1,True,0.02996593907931288,40,0.9859501091820363,0.028875517246282678,-23,0.030392956804044795,1,0.015692757862295913,0.01789811633260496,True,False
20261025,sparse_periodic,level,0.012827465171740356,0.013339510260012677,9,False,0.01640088184541373,14,1.22949655015282,0.01574072689132899,-28,0.01640088184541373,14,0.011007322861060207,0.011821251564117789,False,False
20261025,sparse_periodic,change,0.010953981756509062,0.02109909384474842,9,False,0.021111291729791468,18,1.0005781236451576,0.02232468481105732,-29,0.02232468481105732,-29,0.016855641779112317,0.011371932700225245,False,False
20261025,sparse_irregular,level,0.007007259858951726,0.016571287837961798,12,False,0.01457258539204503,15,0.8793876211999586,0.01545459839643576,-9,0.016571287837961798,12,0.005036612864901806,0.006152821594188082,False,False
20261025,sparse_irregular,change,0.022067881476613864,0.022995195414756295,12,False,0.020239661578389523,42,0.880169148960634,0.02209918995078515,-3,0.022995195414756295,12,0.012317549533901311,0.020239661578389523,False,False
20261026,dense_periodic,level,0.007590048331013777,0.008247566578720963,13,False,0.010740587141466997,37,1.3022734692652402,0.013085939839120193,-26,0.013085939839120193,-26,0.00723317484369045,0.008379197448245891,True,False
20261026,dense_periodic,change,0.02525705584059,0.02525705584059,1,True,0.024162316692957923,22,0.9566561061375669,0.023528000356308143,-20,0.02525705584059,1,0.01967661884764425,0.023842510701869706,True,False
20261026,sparse_periodic,level,0.007007259858951722,0.014706070618731405,9,False,0.02027574825326682,40,1.3787332305776643,0.01957358500049822,-2,0.02027574825326682,40,0.014087816733580446,0.008608272597929484,False,False
20261026,sparse_periodic,change,0.012023607807430538,0.015234083304813269,8,False,0.024095886561414127,27,1.581708992873955,0.023667936533926695,-15,0.024095886561414127,27,0.012964731401214052,0.014871390132092648,False,False
20261026,sparse_irregular,level,0.012091133365974165,0.015049671862958832,8,False,0.01738372400538563,32,1.155089902536115,0.025925510301392,-3,0.025925510301392,-3,0.008194312900855339,0.013834891290445855,False,False
20261026,sparse_irregular,change,0.022067881476613864,0.022067881476613864,1,True,0.01565460838228528,35,0.709384287697713,0.01944214205042717,-13,0.022067881476613864,1,0.010480381424907289,0.010425350506795925,True,False
20261027,dense_periodic,level,0.013651082201981189,0.015846889612754038,9,False,0.016568556860673336,30,1.0455399933712215,0.015989031433883673,-33,0.016568556860673336,30,0.0157469373830244,0.01619136420627792,False,False
20261027,dense_periodic,change,0.015464042237707913,0.02505452191092515,2,False,0.025038874132613062,23,0.9993754509318629,0.026707616644096745,-40,0.026707616644096745,-40,0.019132068844796186,0.01836621468842948,False,False
20261027,sparse_periodic,level,0.01384796199460923,0.015807999194956374,9,False,0.026337473677088132,37,1.666085211181643,0.025263430020787386,-5,0.026337473677088132,37,0.011034569243133003,0.012738569596169582,False,False
20261027,sparse_periodic,change,0.019833426546134028,0.02210485982265218,2,False,0.02173262286120931,21,0.9831604016298073,0.022582912510706557,-34,0.022582912510706557,-34,0.02173262286120931,0.011936234419785885,False,False
20261027,sparse_irregular,level,0.010982118406511497,0.017013120715285504,13,False,0.01524206876171029,15,0.8959008177738957,0.01986654763748974,-8,0.01986654763748974,-8,0.0056905846728907555,0.012348212174416714,True,False
20261027,sparse_irregular,change,0.015717306866956254,0.02683531884818019,2,False,0.01923668926277818,28,0.7168422097612861,0.022582212245524768,-40,0.02683531884818019,2,0.009924407084124915,0.01612646921330351,False,False
20261028,dense_periodic,level,0.009719560113344997,0.011996657399865185,13,False,0.01380636697224588,34,1.150851150621425,0.014185926175028408,-29,0.014185926175028408,-29,0.010252054040621043,0.011270481354505636,True,False
20261028,dense_periodic,change,0.028743318237537153,0.028743318237537153,1,True,0.034993742649446165,22,1.2174566054014706,0.0318764740500636,-20,0.034993742649446165,22,0.01031011831900004,0.010573679776909393,True,False
20261028,sparse_periodic,level,0.010983887492432027,0.01820205271877265,13,False,0.014489231656562322,14,0.7960218487675779,0.017643876826569718,-29,0.01820205271877265,13,0.00338578191969564,0.012424674637941642,True,False
20261028,sparse_periodic,change,0.022110401559544336,0.022110401559544336,1,True,0.024027811159364167,36,1.0867197999392348,0.024079504231834935,-39,0.024079504231834935,-39,0.010805428362939564,0.013596582205196389,True,False
20261028,sparse_irregular,level,0.010897214574584549,0.019886161049351314,7,False,0.016922427373111386,35,0.8509650168836078,0.01789331583221643,-28,0.019886161049351314,7,0.010173372226149124,0.005925714059645112,False,False
20261028,sparse_irregular,change,0.022067881476613864,0.022067881476613864,1,True,0.020972079167062035,26,0.9503440187172888,0.017989139156885,-23,0.022067881476613864,1,0.007851925780459072,0.006500443963752848,True,False
20261029,dense_periodic,level,0.003941788284539641,0.015007854610881211,4,False,0.015699596666811987,25,1.046092001412996,0.016302640921563895,-38,0.016302640921563895,-38,0.010247693116372617,0.011457749694642416,False,False
20261029,dense_periodic,change,0.018655166363141285,0.02423150600049281,2,False,0.0313948356359255,40,1.295620488272046,0.02815426627927076,-2,0.0313948356359255,40,0.014681540056125986,0.013284248894101956,False,False
20261029,sparse_periodic,level,0.0109405510335081,0.015142463930024653,11,False,0.014487009853163303,38,0.9567141728129391,0.016240611909629894,-31,0.016240611909629894,-31,0.008063119842777534,0.009256351406755927,False,False
20261029,sparse_periodic,change,0.012065260011807376,0.021535879313922895,3,False,0.019377174079347925,21,0.8997623824359299,0.020997208049134356,-39,0.021535879313922895,3,0.019377174079347925,0.016633475593702644,False,False
20261029,sparse_irregular,level,0.006965692485948214,0.02236869532052412,6,False,0.012360621507700951,37,0.5525857154645768,0.01560930790285079,-1,0.02236869532052412,6,0.00387614505085257,0.009164697138354747,False,False
20261029,sparse_irregular,change,0.033550140898367775,0.033550140898367775,1,True,0.019056771457926246,34,0.5680086863317275,0.02385335620181551,-40,0.033550140898367775,1,0.011009300352569824,0.014400246737291044,True,False
20261030,dense_periodic,level,0.0020964415193108193,0.003864275415680216,8,False,0.007286130462617549,35,1.8855101354971604,0.007713235241599574,-28,0.007713235241599574,-28,0.0034171077025943655,0.003877523158682345,False,False
20261030,dense_periodic,change,0.017033054066318422,0.02267097051226647,2,False,0.025208978839568477,40,1.1119496991065636,0.028403049633236765,-2,0.028403049633236765,-2,0.012811121113076373,0.013952655241339217,False,False
20261030,sparse_periodic,level,0.009873103447049152,0.014030133734527224,13,False,0.022427889321578097,40,1.5985513570968006,0.019573585000498037,-2,0.022427889321578097,40,0.0098512159712594,0.009884698615506154,True,False
20261030,sparse_periodic,change,0.00812480959095822,0.019933505969213068,4,False,0.025438533110907637,25,1.2761695383740814,0.024989581835738527,-17,0.025438533110907637,25,0.009689003386476965,0.009993147503700478,False,False
20261030,sparse_irregular,level,0.012091133365974163,0.012091133365974163,1,True,0.013728769059343598,32,1.1354410412821951,0.022002595813161194,-6,0.022002595813161194,-6,0.006907012952976726,0.004969582334256907,True,False
20261030,sparse_irregular,change,0.027010741945480848,0.027010741945480848,1,True,0.02015866067140014,33,0.7463201385614983,0.019821958423962425,-6,0.027010741945480848,1,0.0069699611810151805,0.004249582659565993,True,False
20261031,dense_periodic,level,0.003941788284539661,0.008424950255341075,10,False,0.017035466225630475,42,2.022025734197147,0.01345760906124715,-21,0.017035466225630475,42,0.015790269824945122,0.017035466225630475,False,True
20261031,dense_periodic,change,0.02894977662857516,0.03458015705606416,3,False,0.034374156591720745,24,0.9940428129343244,0.03454913226647256,-39,0.03458015705606416,3,0.003090485519324756,0.0027674118529324586,False,False
20261031,sparse_periodic,level,0.00811627481841438,0.016599647918558856,8,False,0.018427264743658463,17,1.1100997342875136,0.019066819877145584,-25,0.019066819877145584,-25,0.009612806821204713,0.010474610696109478,False,False
20261031,sparse_periodic,change,0.027080675304758214,0.027080675304758214,1,True,0.025043386777072303,35,0.9247696556766459,0.025404532553143698,-41,0.027080675304758214,1,0.019454833814555553,0.014510985054041078,True,False
20261031,sparse_irregular,level,0.01569330875983774,0.01758781371665141,11,False,0.014937415554967824,19,0.8493048536684069,0.015529647301965276,-42,0.01758781371665141,11,0.006285100998118501,0.011863314613461557,False,False
20261031,sparse_irregular,change,0.02099487027556811,0.024075067550674303,6,False,0.02315479610225432,30,0.9617749172880635,0.022780582763564528,-25,0.024075067550674303,6,0.006748802284738998,0.013656814195207628,False,False
20261032,dense_periodic,level,0.003941788284539661,0.007227270643267611,2,False,0.010951684400464973,42,1.5153278382713882,0.009011409584457026,-21,0.010951684400464973,42,0.010295386482541764,0.010951684400464973,False,True
20261032,dense_periodic,change,0.022364136485459953,0.022364136485459953,1,True,0.02471041421425651,22,1.1049125116152814,0.02688662868865469,-20,0.02688662868865469,-20,0.01646551891387648,0.022058578392483815,True,False
20261032,sparse_periodic,level,0.008074707445410712,0.010543461290164452,13,False,0.01769773690139812,42,1.6785509439777229,0.01913924731163687,-42,0.01913924731163687,-42,0.003777310861593113,0.01769773690139812,True,True
20261032,sparse_periodic,change,0.013914372790842833,0.024573046077518836,10,False,0.021894808730712752,42,0.8910091431743041,0.027597277765988505,-32,0.027597277765988505,-32,0.010432152888165373,0.021894808730712752,False,False
20261032,sparse_irregular,level,0.010982118406511806,0.012503791919228516,9,False,0.01595530045203671,21,1.2760369458404384,0.013445057829219245,-41,0.01595530045203671,21,0.01595530045203671,0.007755665336442689,False,False
20261032,sparse_irregular,change,0.01493695226028864,0.018085884459379593,4,False,0.0190866561905658,31,1.0553344091871157,0.020116406000450456,-23,0.020116406000450456,-23,0.010802297309380374,0.014395742849260448,False,False
20261033,dense_periodic,level,0.0020540080353272454,0.008853966568164217,13,False,0.009302414621771147,34,1.0506493954042466,0.012024478900455538,-8,0.012024478900455538,-8,0.006108411690616796,0.006694421332812509,True,False
20261033,dense_periodic,change,0.030634083220949477,0.030634083220949477,1,True,0.02945355561910539,22,0.9614635896452495,0.03170317875507967,-20,0.03170317875507967,-20,0.004657771131643582,0.004488232801416235,True,False
20261033,sparse_periodic,level,0.010982118406511497,0.015434410901408646,10,False,0.02207516077742896,29,1.4302561282344917,0.02090003672518507,-13,0.02207516077742896,29,0.006257691014931923,0.020672053836720976,False,False
20261033,sparse_periodic,change,0.012065260011807376,0.01807106015408218,4,False,0.018062741188359162,28,0.9995396525908227,0.019773074444012384,-36,0.019773074444012384,-36,0.010758872670774595,0.006712973106688751,False,False
20261033,sparse_irregular,level,0.0109405510335081,0.0109405510335081,1,True,0.02001637853065369,39,1.8295585358862325,0.015027558886339946,-10,0.02001637853065369,39,0.009002748408160325,0.006510708384994213,True,False
20261033,sparse_irregular,change,0.014936952260288596,0.033612376668963606,2,False,0.018976351547234357,33,0.5645644083465362,0.01999291791337467,-31,0.033612376668963606,2,0.009325590528088658,0.006971282917630701,False,False
20261034,dense_periodic,level,0.0070833356758784796,0.007914330513701717,9,False,0.008927519176093728,40,1.1280195034359413,0.011530043411516634,-23,0.011530043411516634,-23,0.006845479983980999,0.007973410161750035,False,False
20261034,dense_periodic,change,0.006853863850899149,0.023350895329059315,4,False,0.03037449149941138,14,1.3007848766129093,0.029384702771115795,-7,0.03037449149941138,14,0.016964577612362364,0.018721148585672934,False,False
20261034,sparse_periodic,level,0.0070090289448719685,0.016465053372101378,13,False,0.015340966387385652,25,0.9317289194688919,0.01629658375927869,-29,0.016465053372101378,13,0.008715554867385887,0.011907229917242072,True,False
20261034,sparse_periodic,change,0.01280309453554452,0.025021275845809907,4,False,0.02297585752752058,37,0.9182528368699531,0.024435010989372195,-37,0.025021275845809907,4,0.01848615468331101,0.015725372115647902,False,False
20261034,sparse_irregular,level,0.007989803613483639,0.01452788015853974,10,False,0.016332465337531542,39,1.1242153128535435,0.018313870129375104,-24,0.018313870129375104,-24,0.009963850567084435,0.013785807910607552,False,False
20261034,sparse_irregular,change,0.018635177818359553,0.027819148104112214,3,False,0.018904855888170306,17,0.6795627176439597,0.02367368634650533,-10,0.027819148104112214,3,0.0096901219927139,0.007110317358606523,False,False
20261035,dense_periodic,level,0.003941788284539661,0.0057443582919009355,2,False,0.010122975301519685,38,1.7622465011961794,0.011651971476680657,-24,0.011651971476680657,-24,0.004184706251705176,0.004735069489733327,False,False
20261035,dense_periodic,change,0.020834909308121166,0.022874869151796918,13,False,0.02514302530122813,22,1.0991549343683584,0.02591000075523726,-41,0.02591000075523726,-41,0.016350217274320383,0.017339553399555476,True,False
20261035,sparse_periodic,level,0.010982118406511502,0.011780280321899433,11,False,0.015825048230829267,20,1.3433507351612548,0.015605836044020072,-22,0.015825048230829267,20,0.010429725602281469,0.01115875470397073,False,False
20261035,sparse_periodic,change,0.026050851980393443,0.026050851980393443,1,True,0.022586386738986268,34,0.8670114419284781,0.02635283128085357,-41,0.02635283128085357,-41,0.011825909480825987,0.012902892545330343,True,False
20261035,sparse_irregular,level,0.010982118406511802,0.011147889878523458,3,False,0.010594254543699076,20,0.950337208130216,0.017388857905469058,-34,0.017388857905469058,-34,0.0061937654474348,0.010145205358542879,False,False
20261035,sparse_irregular,change,0.00997392236999373,0.01801618818021319,11,False,0.022512999338518032,16,1.249598367497271,0.022622804491565618,-11,0.022622804491565618,-11,0.00637307228966956,0.015727898568172468,False,False
20261036,dense_periodic,level,0.006347003870112278,0.01840566784546674,2,False,0.01926461208164961,23,1.046667376777335,0.020377915808133685,-23,0.020377915808133685,-23,0.005531586319855864,0.006521557914288241,False,False
20261036,dense_periodic,change,0.039749344118443664,0.039749344118443664,1,True,0.04271851819251163,22,1.0746974356412153,0.037941218401368194,-20,0.04271851819251163,22,0.010027341806297609,0.01036141844883146,True,False
20261036,sparse_periodic,level,0.00807470744541071,0.015757712806246726,7,False,0.0217615908333039,34,1.3810120225491795,0.02194694141912052,-8,0.02194694141912052,-8,0.009186048612001275,0.012024992972855694,False,False
20261036,sparse_periodic,change,0.027123195387688682,0.027123195387688682,1,True,0.020025722709876754,37,0.7383246119653919,0.025723793585914853,-41,0.027123195387688682,1,0.00936799231155997,0.012386293207831234,True,False
20261036,sparse_irregular,level,0.010982118406511499,0.016634615678497323,11,False,0.01704989593865916,21,1.0249648244472909,0.017856869906867,-18,0.017856869906867,-18,0.01704989593865916,0.015781015792800963,False,False
20261036,sparse_irregular,change,0.00521146513810017,0.02222450752274705,4,False,0.019725443187684794,20,0.8875536687368917,0.022773159827229585,-27,0.022773159827229585,-27,0.009844854915702236,0.012790194738664497,False,False
20261037,dense_periodic,level,0.006112867439874256,0.00940657091629773,8,False,0.013036938147928927,35,1.3859394952672137,0.014010070714425178,-28,0.014010070714425178,-28,0.012219091921453382,0.012867672559027937,False,False
20261037,dense_periodic,change,0.027731224264758856,0.027731224264758856,1,True,0.03298443190632818,22,1.1894329507927697,0.030743367472405386,-19,0.03298443190632818,22,0.009905803308138221,0.010278425990314907,True,False
20261037,sparse_periodic,level,0.007007259858951727,0.016814538344070845,6,False,0.01669483057802325,37,0.9928806986193703,0.015171853544229424,-39,0.016814538344070845,6,0.0038761450508525684,0.01163199186070863,False,False
20261037,sparse_periodic,change,0.01812743105576476,0.02230753482318957,6,False,0.020183199044194727,36,0.9047704824476387,0.02072653552047378,-36,0.02230753482318957,6,0.013569743337191877,0.015559771375053207,False,False
20261037,sparse_irregular,level,0.006965692485948218,0.01514845372353334,5,False,0.0204108348357346,23,1.3473873444935225,0.018110352112196516,-3,0.0204108348357346,23,0.0079303754221571,0.013596322095084363,False,False
20261037,sparse_irregular,change,0.02420898305627695,0.02420898305627695,1,True,0.020749438076858615,35,0.8570966417145169,0.021713277713365224,-31,0.02420898305627695,1,0.010711886033974587,0.013706702367010035,True,False
20261038,dense_periodic,level,0.0020964415193108193,0.00415646184818588,8,False,0.0057800812380616046,37,1.390625356175076,0.008315033340127514,-26,0.008315033340127514,-26,0.003454944864419946,0.004812326452398164,False,False
20261038,dense_periodic,change,0.020046964111181894,0.024231506000492932,2,False,0.027727003473045034,36,1.1442542396036381,0.022584301724603142,-19,0.027727003473045034,36,0.012133828371183042,0.012929819107168478,False,False
20261038,sparse_periodic,level,0.008074707445410896,0.014044686841879483,2,False,0.01687287859163547,33,1.201370937038103,0.014749206934747634,-9,0.01687287859163547,33,0.006907012952976726,0.015023836293331875,False,False
20261038,sparse_periodic,change,0.012803094535544518,0.021105868740552126,9,False,0.019228932302273426,28,0.9110704012542058,0.02513972770747775,-33,0.02513972770747775,-33,0.013661273218834763,0.011272256152637262,False,False
20261038,sparse_irregular,level,0.012827465171740353,0.012827465171740353,1,True,0.015313254889594697,23,1.1937865107855201,0.015289832398453006,-36,0.015313254889594697,23,0.015150965211064429,0.008548209898366355,True,False
20261038,sparse_irregular,change,0.016828585122254568,0.025493647626277694,4,False,0.02306636231256917,22,0.9047886222759826,0.022762842152274622,-10,0.025493647626277694,4,0.010846585734109664,0.006661282181237218,False,False
20261039,dense_periodic,level,0.012385239541326986,0.012385239541326986,1,True,0.015433477913601855,42,1.2461186448678305,0.016725096198393047,-20,0.016725096198393047,-20,0.014046159567607585,0.015433477913601855,True,False
20261039,dense_periodic,change,0.027562879820747573,0.027562879820747573,1,True,0.027288404345381847,42,0.9900418433360103,0.0282432212021848,-41,0.0282432212021848,-41,0.022560547850262867,0.027288404345381847,True,False
20261039,sparse_periodic,level,0.0040998488978506486,0.015035245178133176,9,False,0.016084126780066477,23,1.0697615229752797,0.015597925963135532,-19,0.016084126780066477,23,0.011007322861060206,0.015606842092487859,False,False
20261039,sparse_periodic,change,0.027123195387688682,0.027123195387688682,1,True,0.02494693478538376,30,0.9197638563156635,0.026411512505681748,-41,0.027123195387688682,1,0.01401159935082937,0.015168637621220539,True,False
20261039,sparse_irregular,level,0.007007259858951727,0.01302849336146512,13,False,0.014880370580938765,33,1.1421405505682656,0.015211154099935748,-24,0.015211154099935748,-24,0.0068194451806187694,0.004827684812016838,True,False
20261039,sparse_irregular,change,0.011039926740116323,0.02712790476291969,2,False,0.01914212787700239,42,0.7056250028998621,0.019521977713385485,-9,0.02712790476291969,2,0.006944595829013819,0.01914212787700239,False,False
20261040,dense_periodic,level,0.0070833356758784796,0.011068694812120979,2,False,0.011816563264366507,34,1.0675660920225718,0.014055377772026333,-29,0.014055377772026333,-29,0.0066920541339050964,0.007544348118809767,False,False
20261040,dense_periodic,change,0.03578830247025547,0.03578830247025547,1,True,0.0392426053553262,22,1.0965204451354373,0.0387296318474593,-41,0.0392426053553262,22,0.0049780698979908404,0.00932453048876803,True,False
20261040,sparse_periodic,level,0.012827465171740356,0.01817085595644155,2,False,0.022225495963458283,25,1.2231397363303278,0.022726931342332043,-17,0.022726931342332043,-17,0.008767532111793867,0.00752816538394451,False,False
20261040,sparse_periodic,change,0.01804325876845744,0.02402486882568458,8,False,0.01986860381857711,29,0.8270015525469143,0.02240436721964966,-34,0.02402486882568458,8,0.007065431174670423,0.007777295837051471,False,False
20261040,sparse_irregular,level,0.0109405510335081,0.014662389180776437,11,False,0.017856979581092537,20,1.2178765248234213,0.021465217862463967,-2,0.021465217862463967,-2,0.006651169330908066,0.009507865067135503,False,False
20261040,sparse_irregular,change,0.019530160099821243,0.021578935621943914,13,False,0.024394757630476663,26,1.1304893836222998,0.019586914307797104,-39,0.024394757630476663,26,0.006834101851211019,0.015934353773200547,True,False
20261041,dense_periodic,level,0.0020540080353272454,0.0068251901086250595,11,False,0.00795447259998853,41,1.165458027306285,0.010012837787845843,-22,0.010012837787845843,-22,0.002984364031467175,0.0036636324782580785,False,False
20261041,dense_periodic,change,0.02259260643825148,0.02259260643825148,1,True,0.023956371958057037,22,1.060363354867129,0.022114767051777683,-20,0.023956371958057037,22,0.00787420734015116,0.007354083455553537,True,False
20261041,sparse_periodic,level,0.004099848897850838,0.008202859131746404,11,False,0.010429579691717816,18,1.2714566377659273,0.012840107439399676,-24,0.012840107439399676,-24,0.006790454193529703,0.009429790415346402,False,False
20261041,sparse_periodic,change,0.019196189228132602,0.0253823562503715,6,False,0.024577702786686566,35,0.9682987089241112,0.023440282699583873,-36,0.0253823562503715,6,0.01838793408298989,0.010301921846880542,False,False
20261041,sparse_irregular,level,0.00807470744541071,0.013505816072421226,12,False,0.012957333364219323,21,0.9593891472191821,0.01494864884515349,-41,0.01494864884515349,-41,0.012957333364219323,0.009967934047905596,False,False
20261041,sparse_irregular,change,0.016786065039324095,0.022583278561175296,12,False,0.02317618963752905,34,1.0262544286803899,0.021525176949162367,-20,0.02317618963752905,34,0.006606504563427395,0.01872730306866145,False,False
20261042,dense_periodic,level,0.006523466855534706,0.008643602819571118,8,False,0.010666670824817846,42,1.2340537907024178,0.010406941545111226,-7,0.010666670824817846,42,0.009675164999517928,0.010666670824817846,False,True
20261042,dense_periodic,change,0.029176279154790097,0.030364472661628877,2,False,0.03389826368171621,41,1.1163791335837336,0.03551034967451759,-19,0.03551034967451759,-19,0.005052783833874037,0.005757605569173292,False,False
20261042,sparse_periodic,level,0.0040998488978506486,0.013028493361465011,13,False,0.013834119819734989,33,1.0618357346408769,0.01549709045765963,-29,0.01549709045765963,-29,0.0038761450508525692,0.00902372844407548,True,False
20261042,sparse_periodic,change,0.022067881476613864,0.022067881476613864,1,True,0.022001107675375834,41,0.9969741635005248,0.026083646757569762,-41,0.026083646757569762,-41,0.012499794518389043,0.014878631012602386,True,False
20261042,sparse_irregular,level,0.005250431230316713,0.01629613959869736,10,False,0.014235315704475043,25,0.8735391359566501,0.018141777463205618,-19,0.018141777463205618,-19,0.006863680511055983,0.0048739844578744715,False,False
20261042,sparse_irregular,change,0.023909987424726158,0.023909987424726158,1,True,0.023927511679557055,14,1.000732926141683,0.024934209854237263,-23,0.024934209854237263,-23,0.015680686312316304,0.011266613452046537,True,False
20261043,dense_periodic,level,0.003941788284539661,0.009043827140394806,3,False,0.011719025191924226,39,1.295803757634916,0.014249627547677703,-3,0.014249627547677703,-3,0.006692054133905095,0.007305300423454409,False,False
20261043,dense_periodic,change,0.016306218470180312,0.021553738340048242,6,False,0.02298048602220394,27,1.0661949059437503,0.022728167825109218,-23,0.02298048602220394,27,0.015983057835941124,0.01744126988220225,False,False
20261043,sparse_periodic,level,0.01680232371930041,0.01680232371930041,1,True,0.015596251609313237,40,0.9282199218313009,0.01884647900111895,-41,0.01884647900111895,-41,0.006767566036492248,0.012758843933075996,True,False
20261043,sparse_periodic,change,0.018635177818359553,0.02209918995078515,3,False,0.019999403564777127,40,0.904983558642455,0.02281025575976703,-41,0.02281025575976703,-41,0.015774319144257216,0.013537541969099464,False,False
20261043,sparse_irregular,level,0.008116274818414107,0.018656483965582137,12,False,0.01310804023166076,41,0.7025997104193235,0.018962601478494677,-18,0.018962601478494677,-18,0.0068194451806187694,0.012291650920034343,False,False
20261043,sparse_irregular,change,0.029952367553239476,0.029952367553239476,1,True,0.020632824289897548,41,0.688854537232267,0.01965750027461075,-5,0.029952367553239476,1,0.0036038218908725312,0.011560264256935411,True,False
20261044,dense_periodic,level,0.003899354800556089,0.009324647601032191,11,False,0.013747324960639826,42,1.4742996785334888,0.01589997566863163,-42,0.01589997566863163,-42,0.012618465129284172,0.013747324960639826,False,True
20261044,dense_periodic,change,0.027193615664070202,0.027193615664070202,1,True,0.03252389937608044,22,1.1960123206070357,0.028694767684204668,-41,0.03252389937608044,22,0.01195848451478585,0.015879890804293983,True,False
20261044,sparse_periodic,level,0.012049565992970766,0.02083798962056677,11,False,0.016431430329189207,39,0.7885324173965248,0.02082302352408393,-31,0.02083798962056677,11,0.0037800305762888333,0.014614680085271,False,False
20261044,sparse_periodic,change,0.01682858512225457,0.02106965449355453,3,False,0.022228235045869037,42,1.054988113481829,0.02482652104185796,-40,0.02482652104185796,-40,0.010483213899153635,0.022228235045869037,False,False
20261044,sparse_irregular,level,0.005208863857313316,0.01437690972176926,9,False,0.018642141605766258,42,1.2966723702478746,0.01891738594584362,-8,0.01891738594584362,-8,0.006819445180618768,0.018642141605766258,False,False
20261044,sparse_irregular,change,0.01682858512225457,0.027090705105797516,3,False,0.01818306547993753,41,0.6711920346453545,0.019660606348299726,-20,0.027090705105797516,3,0.013025104301388292,0.012040741408659902,False,False
20261045,dense_periodic,level,0.007958214205103106,0.014747925900169373,10,False,0.016842616418060778,31,1.1420328886970708,0.01611927063725529,-32,0.016842616418060778,31,0.010295386482541764,0.01097908851588633,False,False
20261045,dense_periodic,change,0.03985635007908852,0.03985635007908852,1,True,0.0457302136872928,22,1.1473758534474066,0.0382372778072252,-20,0.0457302136872928,22,0.01996708071911916,0.019857552815291894,True,False
20261045,sparse_periodic,level,0.010982118406511502,0.012209124764493064,9,False,0.01647084239940926,17,1.349060044607804,0.01524758185425839,-25,0.01647084239940926,17,0.0038761450508525675,0.015029487038834005,False,False
20261045,sparse_periodic,change,0.03355014089836757,0.03355014089836757,1,True,0.024142229437216122,26,0.7195865290208304,0.031620314794234564,-41,0.03355014089836757,1,0.014636780147243393,0.007199038672933664,True,False
20261045,sparse_irregular,level,0.0070072598589517275,0.009260266436156041,4,False,0.012326150062520545,16,1.33107941844891,0.014428518303951397,-35,0.014428518303951397,-35,0.0008886095906491541,0.0047240545847342125,False,False
20261045,sparse_irregular,change,0.020956603221315546,0.020956603221315546,1,True,0.020682366778574317,37,0.9869140795459497,0.024037668077631406,-24,0.024037668077631406,-24,0.013750875435786885,0.010074240104686627,True,False
20261046,dense_periodic,level,0.011099761596441927,0.011099761596441927,1,True,0.011641153469881624,22,1.0487750902337616,0.0091611737963685,-20,0.011641153469881624,22,0.007215574153829335,0.007755551611834037,True,False
20261046,dense_periodic,change,0.023980407701107834,0.023980407701107834,1,True,0.02599602095501521,22,1.0840525014849627,0.023730122638598285,-41,0.02599602095501521,22,0.011744519067922985,0.015787591839660668,True,False
20261046,sparse_periodic,level,0.007007259858951723,0.012083559420672378,3,False,0.011328303070399615,26,0.9374971956540652,0.015346055312298428,-39,0.015346055312298428,-39,0.0079303754221571,0.005509783947394117,False,False
20261046,sparse_periodic,change,0.02502551870870239,0.02502551870870239,1,True,0.020543013255422207,29,0.8208826156429904,0.02560314275260733,-41,0.02560314275260733,-41,0.009455661615695318,0.014293111896219856,True,False
20261046,sparse_irregular,level,0.004141416270854299,0.008154855230327697,13,False,0.014259386291376486,26,1.7485762639103875,0.014684328450791704,-6,0.014684328450791704,-6,0.006819445180618769,0.004969582334256748,True,False
20261046,sparse_irregular,change,0.02211040155954434,0.02447182057349678,12,False,0.024862186829607273,23,1.0159516638714352,0.020751411948740812,-39,0.024862186829607273,23,0.006598657130131094,0.007965038194082827,False,False
20261047,dense_periodic,level,0.002054008035327246,0.007914330513701589,9,False,0.012261169509378549,42,1.549236475296495,0.012650245334472447,-42,0.012650245334472447,-42,0.011015291665483429,0.012261169509378549,False,True
20261047,dense_periodic,change,0.01719099419926374,0.02500106637638945,2,False,0.03543471748160018,38,1.4173282430490277,0.033337286361706714,-25,0.03543471748160018,38,0.006991530432137594,0.006802706873139677,False,False
20261047,sparse_periodic,level,0.01282746517174035,0.015160884262911675,4,False,0.014425806251051672,41,0.9515148325709315,0.013932775452452865,-38,0.015160884262911675,4,0.007209253478243416,0.008158298890878027,False,False
20261047,sparse_periodic,change,0.02099487027556811,0.02099487027556811,1,True,0.020164422175842443,21,0.9604451902381095,0.020126783446359656,-21,0.02099487027556811,1,0.020164422175842443,0.0069184531796187875,True,False
20261047,sparse_irregular,level,0.00409984889785084,0.013186795189680878,7,False,0.015369267359905101,17,1.1655043654528041,0.015336741083818167,-10,0.015369267359905101,17,0.007965900082119953,0.00670197549744727,False,False
20261047,sparse_irregular,change,0.03393533805701905,0.03393533805701905,1,True,0.015914691160030074,24,0.46897105115881826,0.02197051917919667,-31,0.03393533805701905,1,0.006921601117864979,0.007317532215524451,True,False
20261048,dense_periodic,level,0.00902566179156222,0.012179973067419487,2,False,0.013224079848559715,30,1.0857232421911618,0.011483180152693853,-12,0.013224079848559715,30,0.009527787933430952,0.01037580796780716,False,False
20261048,dense_periodic,change,0.023052286485028224,0.027580683687888068,3,False,0.029101849234039592,42,1.055153293637153,0.03098537762729832,-40,0.03098537762729832,-40,0.024473236968860376,0.029101849234039592,False,False
20261048,sparse_periodic,level,0.00700725985895144,0.02081008668491347,9,False,0.0171638897757389,41,0.8247870388825469,0.020984470344068397,-33,0.020984470344068397,-33,0.006289558481728226,0.011271727431947666,False,False
20261048,sparse_periodic,change,0.01288903951915178,0.027899241460261997,2,False,0.018814746486568418,38,0.6743820083197248,0.029375822839268994,-40,0.029375822839268994,-40,0.007665650180982671,0.012043878725539962,False,False
20261048,sparse_irregular,level,0.012827465171740354,0.017821161977387347,11,False,0.01677965616820219,36,0.9415579180242742,0.02085614567514454,-4,0.02085614567514454,-4,0.0070707855445231865,0.010729240821951074,False,False
20261048,sparse_irregular,change,0.01812743105576476,0.02165226674585877,5,False,0.020040753880520724,25,0.9255730180930702,0.02193574137990585,-41,0.02193574137990585,-41,0.01098746002296389,0.0161861125760297,False,False
20261049,dense_periodic,level,0.00976199359732856,0.010958830564487217,4,False,0.011468496592635807,25,1.0465073371788587,0.014768304398693248,-30,0.014768304398693248,-30,0.008615759572816717,0.00937290529916328,False,False
20261049,dense_periodic,change,0.017133619658323797,0.035137406254165636,2,False,0.03288868470841808,23,0.9360020620337917,0.03748937673820508,-40,0.03748937673820508,-40,0.008690996329268773,0.0077136225220981215,False,False
20261049,sparse_periodic,level,0.014956976954071555,0.014956976954071555,1,True,0.018678491874863923,40,1.2488146456479834,0.019002470314732657,-41,0.019002470314732657,-41,0.013696926032048988,0.010294320702413786,True,False
20261049,sparse_periodic,change,0.016006578311210114,0.022063122439943246,2,False,0.019993115823079506,35,0.9061779844399457,0.023002664412072306,-35,0.023002664412072306,-35,0.017950619262223123,0.011258730794265055,False,False
20261049,sparse_irregular,level,0.01278766688465749,0.016650585229973015,10,False,0.014327388131393018,32,0.8604735469358777,0.017342037669308835,-14,0.017342037669308835,-14,0.006482984629331982,0.010414832612702736,False,False
20261049,sparse_irregular,change,0.021506870066840815,0.022148373526806986,2,False,0.023039699449883193,32,1.0402434030651238,0.021135908105792963,-31,0.023039699449883193,32,0.007624492809812585,0.013689669696244914,False,False
20261050,dense_periodic,level,0.0031630229947898995,0.009638409941498543,9,False,0.011550439071322248,30,1.1983759916240324,0.012356386034689217,-33,0.012356386034689217,-33,0.0030285993619043666,0.0033575520555235196,False,False
20261050,dense_periodic,change,0.013936134031924272,0.01569155184982704,3,False,0.018072561759501088,18,1.1517383323498556,0.019012171954244744,-21,0.019012171954244744,-21,0.014357833449926269,0.013042519077451822,False,False
20261050,sparse_periodic,level,0.012654946178159427,0.01658198213369503,9,False,0.01749461570120624,14,1.05503766438493,0.018420912906016742,-28,0.018420912906016742,-28,0.0036415102027323397,0.010975041403071472,False,False
20261050,sparse_periodic,change,0.01497947234321905,0.02114034099756352,5,False,0.02014393147349414,36,0.9528669133490223,0.022348702285971103,-6,0.022348702285971103,-6,0.013750875435786892,0.015814268005247156,False,False
20261050,sparse_irregular,level,0.008074707445410709,0.018203494012237236,3,False,0.018985857589094202,25,1.0429787587114334,0.015400405664650944,-42,0.018985857589094202,25,0.010196788938446869,0.013316167415365352,False,False
20261050,sparse_irregular,change,0.01867769790129003,0.02206225278658689,2,False,0.017583398596250535,15,0.7969901698769698,0.024733148505530676,-26,0.024733148505530676,-26,0.007992493257297117,0.01142871928485069,False,False
