market_seed,case_name,target,direction,lag_order,restricted_RSS,unrestricted_RSS,numerator_df,denominator_df,F_statistic,p_value,partial_R_squared,sample_size,significant_5pct,restricted_model_degenerate
20261001,dense_periodic,powered-state level,powered-state history -> event indicator,13,19.355191256830604,18.168377685276983,13,452,2.2712316787008566,0.00666032725669048,0.06131758430104818,479,True,False
20261001,dense_periodic,powered-state change,powered-state history -> event indicator,13,19.355191256830604,18.22076047604412,13,451,2.159954945591497,0.01038584331772832,0.05861118940822321,478,True,False
20261001,sparse_periodic,powered-state level,powered-state history -> event indicator,13,10.628834355828223,10.06744729774296,13,452,1.9388227816004615,0.024348559744712926,0.052817368235438845,479,True,False
20261001,sparse_periodic,powered-state change,powered-state history -> event indicator,13,10.628834355828223,10.081047229142477,13,451,1.8851215669270867,0.029752583808729895,0.051537836450087485,478,True,False
20261001,sparse_irregular,powered-state level,powered-state history -> event indicator,13,10.628834355828223,10.267530724594774,13,452,1.2234927431992304,0.25892557512942777,0.03399278031229563,479,False,False
20261001,sparse_irregular,powered-state change,powered-state history -> event indicator,13,10.628834355828223,10.270069568215474,13,451,1.2119078958867844,0.2672019618120728,0.03375391652575936,478,False,False
20261002,dense_periodic,powered-state level,powered-state history -> event indicator,13,19.355191256830604,18.35674771669836,13,452,1.8911364034995586,0.029090455869890893,0.05158530995036714,479,True,False
20261002,dense_periodic,powered-state change,powered-state history -> event indicator,13,19.355191256830604,18.248346354886287,13,451,2.1042456756983046,0.012924069766210942,0.057185944962114627,478,True,False
20261002,sparse_periodic,powered-state level,powered-state history -> event indicator,13,10.628834355828223,10.270324844953306,13,452,1.2137006477160477,0.2659006007674932,0.033729899147250504,479,False,False
20261002,sparse_periodic,powered-state change,powered-state history -> event indicator,13,10.628834355828223,10.27821769410819,13,451,1.1834445885898883,0.288302550788295,0.03298731074191372,478,False,False
20261002,sparse_irregular,powered-state level,powered-state history -> event indicator,13,10.628834355828223,10.309125871373562,13,452,1.0782697013868245,0.3758449490703508,0.03007935524739384,479,False,False
20261002,sparse_irregular,powered-state change,powered-state history -> event indicator,13,10.628834355828223,10.303862753727616,13,451,1.0941542100080734,0.3616925817864887,0.030574528797921486,478,False,False
20261003,dense_periodic,powered-state level,powered-state history -> event indicator,13,19.355191256830604,18.43393942252232,13,452,1.7376219423020645,0.05075288318090266,0.04759714446030935,479,False,False
20261003,dense_periodic,powered-state change,powered-state history -> event indicator,13,19.355191256830604,18.293362713940304,13,451,2.013696612397757,0.01833771938361664,0.054860142108674445,478,True,False
20261003,sparse_periodic,powered-state level,powered-state history -> event indicator,13,10.628834355828223,10.448991432840948,13,452,0.5984309712327371,0.8559500425702036,0.016920286549452122,479,False,False
20261003,sparse_periodic,powered-state change,powered-state history -> event indicator,13,10.628834355828223,10.449956509225132,13,451,0.5938479541243588,0.8596424814654233,0.016829488598155223,478,False,False
20261003,sparse_irregular,powered-state level,powered-state history -> event indicator,13,10.628834355828223,10.390306475461559,13,452,0.7981892485029526,0.6623215337238859,0.022441584126849226,479,False,False
20261003,sparse_irregular,powered-state change,powered-state history -> event indicator,13,10.628834355828223,10.398881246688648,13,451,0.7671598345844471,0.6952293640532787,0.021634837973882153,478,False,False
20261004,dense_periodic,powered-state level,powered-state history -> event indicator,13,19.355191256830604,18.59521357060632,13,452,1.421002208523527,0.14558288123420224,0.039264798582451785,479,False,False
20261004,dense_periodic,powered-state change,powered-state history -> event indicator,13,19.355191256830604,18.3366647390396,13,451,1.9270154006115616,0.025456742273467045,0.052622911562889355,478,True,False
20261004,sparse_periodic,powered-state level,powered-state history -> event indicator,13,10.628834355828223,10.167307302462357,13,452,1.578288149197044,0.08778538146212948,0.043422170100222944,479,False,False
20261004,sparse_periodic,powered-state change,powered-state history -> event indicator,13,10.628834355828223,9.897955686851523,13,451,2.5617277417766995,0.002011375668086595,0.06876376510430138,478,True,False
20261004,sparse_irregular,powered-state level,powered-state history -> event indicator,13,10.628834355828223,10.31505682072241,13,452,1.0576581125929647,0.39468655722304447,0.029521349623230966,479,False,False
20261004,sparse_irregular,powered-state change,powered-state history -> event indicator,13,10.628834355828223,10.001678798767959,13,451,2.175382152759745,0.009771410288464982,0.05900511157334668,478,True,False
20261005,dense_periodic,powered-state level,powered-state history -> event indicator,13,19.355191256830604,18.074313101611537,13,452,2.4640022509130657,0.003025181206750877,0.06617749926738828,479,True,False
20261005,dense_periodic,powered-state change,powered-state history -> event indicator,13,19.355191256830604,17.997413594239543,13,451,2.6172894344900883,0.0015906530239204492,0.07015056811241226,478,True,False
20261005,sparse_periodic,powered-state level,powered-state history -> event indicator,13,10.628834355828223,10.360280145865822,13,452,0.9012713139766974,0.5517778307601015,0.0252665721349907,479,False,False
20261005,sparse_periodic,powered-state change,powered-state history -> event indicator,13,10.628834355828223,10.370411207424665,13,451,0.8645072215470555,0.591089891109756,0.02431340443854546,478,False,False
20261005,sparse_irregular,powered-state level,powered-state history -> event indicator,13,10.628834355828223,10.47375919688,13,452,0.5147954890591803,0.9158187167173949,0.014590043814464895,479,False,False
20261005,sparse_irregular,powered-state change,powered-state history -> event indicator,13,10.628834355828223,10.473939216895241,13,451,0.5130514612150546,0.9168837812446505,0.01457310686642199,478,False,False
20261006,dense_periodic,powered-state level,powered-state history -> event indicator,13,19.355191256830604,18.60412825848795,13,452,1.4036606471841497,0.15356436287907968,0.03880421476473903,479,False,False
20261006,dense_periodic,powered-state change,powered-state history -> event indicator,13,19.355191256830604,18.523696756798856,13,451,1.5572735517264014,0.09413581931024935,0.042959766658896094,478,False,False
20261006,sparse_periodic,powered-state level,powered-state history -> event indicator,13,10.628834355828223,10.441316869477141,13,452,0.6244268647057476,0.8341605244152641,0.017642337821198454,479,False,False
20261006,sparse_periodic,powered-state change,powered-state history -> event indicator,13,10.628834355828223,10.36803453498974,13,451,0.8726579372486971,0.5823412393142682,0.024537010560850135,478,False,False
20261006,sparse_irregular,powered-state level,powered-state history -> event indicator,13,10.628834355828223,10.392643547290458,13,452,0.7901909355643991,0.6708501055330383,0.02222170377584747,479,False,False
20261006,sparse_irregular,powered-state change,powered-state history -> event indicator,13,10.628834355828223,10.39001357737748,13,451,0.7974237827147159,0.6631376060151916,0.022469141060589337,478,False,False
20261007,dense_periodic,powered-state level,powered-state history -> event indicator,13,19.355191256830604,18.272234307517092,13,452,2.0606992801276194,0.015301190560879025,0.05595175655685284,479,True,False
20261007,dense_periodic,powered-state change,powered-state history -> event indicator,13,19.355191256830604,17.74795717534066,13,451,3.1416944912445945,0.00016211059066795216,0.08303891499510445,478,True,False
20261007,sparse_periodic,powered-state level,powered-state history -> event indicator,13,10.628834355828223,10.393990334591637,13,452,0.7855833713809022,0.6757503812988267,0.02209499305140756,479,False,False
20261007,sparse_periodic,powered-state change,powered-state history -> event indicator,13,10.628834355828223,10.382136101489433,13,451,0.8243517194355291,0.6342789859151092,0.023210283092192103,478,False,False
20261007,sparse_irregular,powered-state level,powered-state history -> event indicator,13,10.628834355828223,10.349747899052065,13,452,0.9375708002613216,0.5135436813590566,0.02625748482223013,479,False,False
20261007,sparse_irregular,powered-state change,powered-state history -> event indicator,13,10.628834355828223,10.300399790572634,13,451,1.1061855099124054,0.3511829228288028,0.03090033716401794,478,False,False
20261008,dense_periodic,powered-state level,powered-state history -> event indicator,13,19.355191256830604,18.42015144392584,13,452,1.7649483030729767,0.04605441028548809,0.04830951037876117,479,True,False
20261008,dense_periodic,powered-state change,powered-state history -> event indicator,13,19.355191256830604,18.367139940113653,13,451,1.8662557375343949,0.031898425006696006,0.05104838818723945,478,True,False
20261008,sparse_periodic,powered-state level,powered-state history -> event indicator,13,10.628834355828223,10.31829845169364,13,452,1.0464026179834758,0.4051912592317269,0.029216365006601536,479,False,False
20261008,sparse_periodic,powered-state change,powered-state history -> event indicator,13,10.628834355828223,10.315562319956907,13,451,1.0535664002356349,0.398494404106586,0.02947379038789294,478,False,False
20261008,sparse_irregular,powered-state level,powered-state history -> event indicator,13,10.628834355828223,10.234061184911475,13,452,1.3412035782375602,0.18531379926874242,0.0371417182449812,479,False,False
20261008,sparse_irregular,powered-state change,powered-state history -> event indicator,13,10.628834355828223,10.222031549548902,13,451,1.3806382867365794,0.164721719435438,0.03827351077837193,478,False,False
20261009,dense_periodic,powered-state level,powered-state history -> event indicator,13,19.355191256830604,18.909072906215673,13,452,0.8203041978763751,0.638628446960527,0.023049028278524106,479,False,False
20261009,dense_periodic,powered-state change,powered-state history -> event indicator,13,19.355191256830604,18.717638040504553,13,451,1.1816764649012064,0.28965036495813684,0.03293964951656332,478,False,False
20261009,sparse_periodic,powered-state level,powered-state history -> event indicator,13,10.628834355828223,10.459437450298179,13,452,0.5631086880107302,0.8832384605613993,0.01593748663861314,479,False,False
20261009,sparse_periodic,powered-state change,powered-state history -> event indicator,13,10.628834355828223,10.452047353241946,13,451,0.586789255965395,0.8652465671825158,0.016632774269300515,478,False,False
20261009,sparse_irregular,powered-state level,powered-state history -> event indicator,13,10.628834355828223,10.003749915121377,13,452,2.1725558269244467,0.009877860535403063,0.05881025329593993,479,True,False
20261009,sparse_irregular,powered-state change,powered-state history -> event indicator,13,10.628834355828223,9.978774424297754,13,451,2.2600049068332955,0.006971029768996008,0.061160039734179786,478,True,False
20261010,dense_periodic,powered-state level,powered-state history -> event indicator,13,19.355191256830604,18.280901676456562,13,452,2.04323741761108,0.016367666932551223,0.05550395065173623,479,True,False
20261010,dense_periodic,powered-state change,powered-state history -> event indicator,13,19.355191256830604,18.118498196423584,13,451,2.367952117634717,0.004498051662610168,0.06389464428415717,478,True,False
20261010,sparse_periodic,powered-state level,powered-state history -> event indicator,13,10.628834355828223,10.356561146752728,13,452,0.914080446634853,0.5382033907416897,0.025616469309844535,479,False,False
20261010,sparse_periodic,powered-state change,powered-state history -> event indicator,13,10.628834355828223,10.30429918373349,13,451,1.0926385042332583,0.36302983668667277,0.030533467850759964,478,False,False
20261010,sparse_irregular,powered-state level,powered-state history -> event indicator,13,10.628834355828223,10.366230874807405,13,452,0.8807946825307205,0.573622202842761,0.02470670557367582,479,False,False
20261010,sparse_irregular,powered-state change,powered-state history -> event indicator,13,10.628834355828223,10.35350840131681,13,451,0.9225561383978214,0.5292703000011699,0.025903682877552812,478,False,False
20261011,dense_periodic,powered-state level,powered-state history -> event indicator,13,19.355191256830604,18.476970230840053,13,452,1.6526015433033383,0.06826711587363635,0.045373926526332854,479,False,False
20261011,dense_periodic,powered-state change,powered-state history -> event indicator,13,19.355191256830604,18.307254934166604,13,451,1.98584274259247,0.020391744397759027,0.05414239047078262,478,True,False
20261011,sparse_periodic,powered-state level,powered-state history -> event indicator,13,10.628834355828223,10.556734285373674,13,452,0.2374658602125929,0.997491687850472,0.0067834409720586315,479,False,False
20261011,sparse_periodic,powered-state change,powered-state history -> event indicator,13,10.628834355828223,10.56365050318025,13,451,0.21407166698223493,0.9985423497538946,0.006132737651728472,478,False,False
20261011,sparse_irregular,powered-state level,powered-state history -> event indicator,13,10.628834355828223,10.482525714727512,13,452,0.485287519859467,0.9328549153871217,0.01376525743112033,479,False,False
20261011,sparse_irregular,powered-state change,powered-state history -> event indicator,13,10.628834355828223,10.481053085001127,13,451,0.48915631636583,0.9307446636338752,0.013903807875796044,478,False,False
20261012,dense_periodic,powered-state level,powered-state history -> event indicator,13,19.355191256830604,18.728683488639277,13,452,1.1630925998708652,0.3040687645549885,0.03236897842434018,479,False,False
20261012,dense_periodic,powered-state change,powered-state history -> event indicator,13,19.355191256830604,18.55671673300569,13,451,1.4927707451465746,0.11613226851578606,0.04125376562957633,478,False,False
20261012,sparse_periodic,powered-state level,powered-state history -> event indicator,13,10.628834355828223,10.422351093400977,13,452,0.6888334634842807,0.7748507419559759,0.019426708095608185,479,False,False
20261012,sparse_periodic,powered-state change,powered-state history -> event indicator,13,10.628834355828223,10.399640353187761,13,451,0.7645715227447466,0.6979495670909212,0.02156341843024257,478,False,False
20261012,sparse_irregular,powered-state level,powered-state history -> event indicator,13,10.628834355828223,10.142102145846717,13,452,1.6686190188485643,0.06460351011870452,0.045793564344580345,479,False,False
20261012,sparse_irregular,powered-state change,powered-state history -> event indicator,13,10.628834355828223,10.14277805399822,13,451,1.6625045612848208,0.06599036573369071,0.04572997240882561,478,False,False
20261013,dense_periodic,powered-state level,powered-state history -> event indicator,13,19.355191256830604,17.93804798136669,13,452,2.7468418876374483,0.000914142390724936,0.0732177355759165,479,True,False
20261013,dense_periodic,powered-state change,powered-state history -> event indicator,13,19.355191256830604,17.857510290183974,13,451,2.909588631085841,0.0004516303921842422,0.07737877382731036,478,True,False
20261013,sparse_periodic,powered-state level,powered-state history -> event indicator,13,10.628834355828223,10.205132686546294,13,452,1.4435658574035977,0.1357140931796619,0.03986341823547151,479,False,False
20261013,sparse_periodic,powered-state change,powered-state history -> event indicator,13,10.628834355828223,10.171944112570417,13,451,1.5582642536469602,0.0938282237086995,0.042985921876492014,478,False,False
20261013,sparse_irregular,powered-state level,powered-state history -> event indicator,13,10.628834355828223,10.39056692956523,13,452,0.7972977013368155,0.6632734675662082,0.0224170796426366,479,False,False
20261013,sparse_irregular,powered-state change,powered-state history -> event indicator,13,10.628834355828223,10.388146107998969,13,451,0.8038037456159096,0.6563190083431101,0.022644839478307918,478,False,False
20261014,dense_periodic,powered-state level,powered-state history -> event indicator,13,19.355191256830604,18.67222598442959,13,452,1.2717378840253357,0.22649269353625745,0.035285896343699996,479,False,False
20261014,dense_periodic,powered-state change,powered-state history -> event indicator,13,19.355191256830604,18.685594447748073,13,451,1.2431961207034634,0.2453034078526436,0.03459520498647746,478,False,False
20261014,sparse_periodic,powered-state level,powered-state history -> event indicator,13,10.628834355828223,10.43363862379757,13,452,0.6504735018005143,0.8110183115662608,0.018364735538814677,479,False,False
20261014,sparse_periodic,powered-state change,powered-state history -> event indicator,13,10.628834355828223,10.430574628552653,13,451,0.6594159676312557,0.8027923299804991,0.01865300753011132,478,False,False
20261014,sparse_irregular,powered-state level,powered-state history -> event indicator,13,10.628834355828223,10.265729025687131,13,452,1.2298096886858283,0.25449646378948415,0.03416229080115326,479,False,False
20261014,sparse_irregular,powered-state change,powered-state history -> event indicator,13,10.628834355828223,10.254909728783385,13,451,1.264985120128397,0.23085075179330256,0.035180210221245935,478,False,False
20261015,dense_periodic,powered-state level,powered-state history -> event indicator,13,19.355191256830604,18.26139409707145,13,452,2.082562024576981,0.014058167760225147,0.05651182389495354,479,True,False
20261015,dense_periodic,powered-state change,powered-state history -> event indicator,13,19.355191256830604,18.317024795349862,13,451,1.96627949789464,0.02196107351051788,0.05363762350394572,478,True,False
20261015,sparse_periodic,powered-state level,powered-state history -> event indicator,13,10.628834355828223,10.410006306844538,13,452,0.7308816834137486,0.7328825392253631,0.020588151217512632,479,False,False
20261015,sparse_periodic,powered-state change,powered-state history -> event indicator,13,10.628834355828223,10.427446407514955,13,451,0.670021441047281,0.7928705112975913,0.01894732212124833,478,False,False
20261015,sparse_irregular,powered-state level,powered-state history -> event indicator,13,10.628834355828223,10.33040800532069,13,452,1.0044186679820946,0.44563356990034747,0.02807705346766402,479,False,False
20261015,sparse_irregular,powered-state change,powered-state history -> event indicator,13,10.628834355828223,10.328023177478354,13,451,1.0104386654898354,0.4397237883467621,0.028301426880824654,478,False,False
20261016,dense_periodic,powered-state level,powered-state history -> event indicator,13,19.355191256830604,18.44547514838636,13,452,1.7147907036567458,0.05500666751118856,0.04700114281346598,479,False,False
20261016,dense_periodic,powered-state change,powered-state history -> event indicator,13,19.355191256830604,18.42985662009267,13,451,1.7418471883858158,0.050007648360473486,0.04780808541023199,478,False,False
20261016,sparse_periodic,powered-state level,powered-state history -> event indicator,13,10.628834355828223,10.391581161253914,13,452,0.7938263624066221,0.6669769503028773,0.022321656978708478,479,False,False
20261016,sparse_periodic,powered-state change,powered-state history -> event indicator,13,10.628834355828223,10.346703217654133,13,451,0.9459805746062241,0.5048044583012872,0.026543939695455553,478,False,False
20261016,sparse_irregular,powered-state level,powered-state history -> event indicator,13,10.628834355828223,10.359987879164752,13,452,0.9022776182398847,0.5507085961860804,0.025294069665885027,479,False,False
20261016,sparse_irregular,powered-state change,powered-state history -> event indicator,13,10.628834355828223,10.37963953760372,13,451,0.8328943676563332,0.6250930934018888,0.023445169045075844,478,False,False
20261017,dense_periodic,powered-state level,powered-state history -> event indicator,13,19.355191256830604,18.191297371421076,13,452,2.2245634418728244,0.008032236399706835,0.060133422086375975,479,True,False
20261017,dense_periodic,powered-state change,powered-state history -> event indicator,13,19.355191256830604,17.94210482736074,13,451,2.732300902190427,0.0009737635204782399,0.07300813568407258,478,True,False
20261017,sparse_periodic,powered-state level,powered-state history -> event indicator,13,10.628834355828223,10.330930997727496,13,452,1.00260766498309,0.4474201415724566,0.028027848410054013,479,False,False
20261017,sparse_periodic,powered-state change,powered-state history -> event indicator,13,10.628834355828223,10.335245561812823,13,451,0.9854891899839203,0.4644706287472474,0.02762191828254563,478,False,False
20261017,sparse_irregular,powered-state level,powered-state history -> event indicator,13,10.628834355828223,10.299906891962957,13,452,1.1103551728601775,0.34757669031327615,0.030946710886025058,479,False,False
20261017,sparse_irregular,powered-state change,powered-state history -> event indicator,13,10.628834355828223,10.218539499164555,13,451,1.3929657377270999,0.15867450345482642,0.03860205577845768,478,False,False
20261018,dense_periodic,powered-state level,powered-state history -> event indicator,13,19.355191256830604,18.516716496492954,13,452,1.5744218172739644,0.08892302916554498,0.04332040687232919,479,False,False
20261018,dense_periodic,powered-state change,powered-state history -> event indicator,13,19.355191256830604,18.174530290586905,13,451,2.253695301409687,0.007150075815588983,0.0609997054835113,478,True,False
20261018,sparse_periodic,powered-state level,powered-state history -> event indicator,13,10.628834355828223,10.405121327442442,13,452,0.7475482183484147,0.7157212154838868,0.021047748125184576,479,False,False
20261018,sparse_periodic,powered-state change,powered-state history -> event indicator,13,10.628834355828223,10.37482408173333,13,451,0.8493833260674621,0.6073508491034477,0.02389822492205924,478,False,False
20261018,sparse_irregular,powered-state level,powered-state history -> event indicator,13,10.628834355828223,10.054120853062479,13,452,1.9874782386138226,0.020260029122706254,0.05407116937998058,479,True,False
20261018,sparse_irregular,powered-state change,powered-state history -> event indicator,13,10.628834355828223,10.046588008235046,13,451,2.010580052338925,0.01855750795791682,0.05477988724830466,478,True,False
20261019,dense_periodic,powered-state level,powered-state history -> event indicator,13,19.355191256830604,18.50488142317572,13,452,1.597665943142213,0.08227325174260904,0.04393187452254195,479,False,False
20261019,dense_periodic,powered-state change,powered-state history -> event indicator,13,19.355191256830604,18.519780701618192,13,451,1.5649386187547158,0.09177862180179283,0.04316209249121159,478,False,False
20261019,sparse_periodic,powered-state level,powered-state history -> event indicator,13,10.628834355828223,10.461246170454087,13,452,0.5569998255013847,0.8876693675612677,0.015767315564781614,479,False,False
20261019,sparse_periodic,powered-state change,powered-state history -> event indicator,13,10.628834355828223,10.466046280141107,13,451,0.5396014750185074,0.8997982895096066,0.015315703513419862,478,False,False
20261019,sparse_irregular,powered-state level,powered-state history -> event indicator,13,10.628834355828223,10.209759978566144,13,452,1.4271534064548352,0.14283533408870927,0.03942806550864009,479,False,False
20261019,sparse_irregular,powered-state change,powered-state history -> event indicator,13,10.628834355828223,10.197721316625314,13,451,1.46663217613233,0.12621995419543905,0.04056070729585812,478,False,False
20261020,dense_periodic,powered-state level,powered-state history -> event indicator,13,19.355191256830604,17.898568297646605,13,452,2.829592790295268,0.0006393593923421593,0.07525748208093501,479,True,False
20261020,dense_periodic,powered-state change,powered-state history -> event indicator,13,19.355191256830604,17.744136481765665,13,451,3.149840964261614,0.00015633104577461888,0.08323631390087066,478,True,False
20261020,sparse_periodic,powered-state level,powered-state history -> event indicator,13,10.628834355828223,10.259141913025731,13,452,1.2529236817672098,0.2387600782051284,0.034782030693683234,479,False,False
20261020,sparse_periodic,powered-state change,powered-state history -> event indicator,13,10.628834355828223,10.265272581268977,13,451,1.2286860235143982,0.2552904923259207,0.03420523477815703,478,False,False
20261020,sparse_irregular,powered-state level,powered-state history -> event indicator,13,10.628834355828223,10.453745842708782,13,452,0.5823456021687514,0.8687221503481707,0.016472974105898326,479,False,False
20261020,sparse_irregular,powered-state change,powered-state history -> event indicator,13,10.628834355828223,10.447031280083333,13,451,0.6037282816577658,0.8516185444848376,0.017104704961856877,478,False,False
20261021,dense_periodic,powered-state level,powered-state history -> event indicator,13,19.355191256830604,18.614147233776244,13,452,1.3841907622275313,0.16294877825738527,0.0382865771369136,479,False,False
20261021,dense_periodic,powered-state change,powered-state history -> event indicator,13,19.355191256830604,18.56129259493018,13,451,1.483850142133083,0.11949529110887122,0.04101735040309929,478,False,False
20261021,sparse_periodic,powered-state level,powered-state history -> event indicator,13,10.628834355828223,10.503740779162248,13,452,0.41408175680385056,0.964854699880888,0.01176926579887673,479,False,False
20261021,sparse_periodic,powered-state change,powered-state history -> event indicator,13,10.628834355828223,10.457927156666111,13,451,0.566954144099496,0.8804008617820158,0.016079580642669147,478,False,False
20261021,sparse_irregular,powered-state level,powered-state history -> event indicator,13,10.628834355828223,10.199513710640659,13,452,1.4635157135921781,0.1274593083759774,0.040392072245640974,479,False,False
20261021,sparse_irregular,powered-state change,powered-state history -> event indicator,13,10.628834355828223,10.206157848219691,13,451,1.4367427659198,0.1386492275293733,0.039766967238205324,478,False,False
20261022,dense_periodic,powered-state level,powered-state history -> event indicator,13,19.355191256830604,18.29599039671439,13,452,2.0128781409374743,0.01839011099824135,0.054724380971560425,479,True,False
20261022,dense_periodic,powered-state change,powered-state history -> event indicator,13,19.355191256830604,18.31788248370221,13,451,1.9645630525972906,0.022104018670591294,0.05359331041290123,478,True,False
20261022,sparse_periodic,powered-state level,powered-state history -> event indicator,13,10.628834355828223,10.320964936298925,13,452,1.0371494293867713,0.4139375773879189,0.028965492284718994,479,False,False
20261022,sparse_periodic,powered-state change,powered-state history -> event indicator,13,10.628834355828223,10.321778172236217,13,451,1.0320399665876323,0.4188145698004122,0.02888898004357696,478,False,False
20261022,sparse_irregular,powered-state level,powered-state history -> event indicator,13,10.628834355828223,10.432638558975247,13,452,0.653868807797008,0.8079122974585189,0.018458825331621975,479,False,False
20261022,sparse_irregular,powered-state change,powered-state history -> event indicator,13,10.628834355828223,10.376120015770766,13,451,0.844944317356233,0.6121272616792854,0.023776298660528414,478,False,False
20261023,dense_periodic,powered-state level,powered-state history -> event indicator,13,19.355191256830604,18.33017049485341,13,452,1.9442908851526695,0.023853387657768996,0.05295844140085453,479,True,False
20261023,dense_periodic,powered-state change,powered-state history -> event indicator,13,19.355191256830604,18.288253000302262,13,451,2.0239522213282917,0.01763159177863332,0.055124139171283615,478,True,False
20261023,sparse_periodic,powered-state level,powered-state history -> event indicator,13,10.628834355828223,10.27202598054955,13,452,1.2077415656803823,0.2702104420241014,0.03356985002621858,479,False,False
20261023,sparse_periodic,powered-state change,powered-state history -> event indicator,13,10.628834355828223,10.234600789822363,13,451,1.336336654001372,0.18800399481935492,0.03709095022161921,478,False,False
20261023,sparse_irregular,powered-state level,powered-state history -> event indicator,13,10.628834355828223,10.410969392746475,13,452,0.7275976801158298,0.736232737992351,0.020497540538138497,479,False,False
20261023,sparse_irregular,powered-state change,powered-state history -> event indicator,13,10.628834355828223,10.217073442900864,13,451,1.3981436432628453,0.15618898668771455,0.03873998776748029,478,False,False
20261024,dense_periodic,powered-state level,powered-state history -> event indicator,13,19.355191256830604,18.174184755905234,13,452,2.2593963978105647,0.006985349955471669,0.061017557783552445,479,True,False
20261024,dense_periodic,powered-state change,powered-state history -> event indicator,13,19.355191256830604,18.10493632357399,13,451,2.3957128632309814,0.004013769516462656,0.06459532828513839,478,True,False
20261024,sparse_periodic,powered-state level,powered-state history -> event indicator,13,10.628834355828223,10.154011508124535,13,452,1.6258820617943277,0.07479106987576173,0.04467308754730226,479,False,False
20261024,sparse_periodic,powered-state change,powered-state history -> event indicator,13,10.628834355828223,10.119326718441634,13,451,1.746756105382312,0.04914458209882433,0.04793636068918556,478,True,False
20261024,sparse_irregular,powered-state level,powered-state history -> event indicator,13,10.628834355828223,10.389063623980736,13,452,0.8024442056615614,0.657774350979377,0.02255851618536246,479,False,False
20261024,sparse_irregular,powered-state change,powered-state history -> event indicator,13,10.628834355828223,10.38735566431454,13,451,0.80650488323116,0.6534280071208282,0.022719207340104044,478,False,False
20261025,dense_periodic,powered-state level,powered-state history -> event indicator,13,19.355191256830604,18.548476749396333,13,452,1.51219117627982,0.10907750039277474,0.04167949036151093,479,False,False
20261025,dense_periodic,powered-state change,powered-state history -> event indicator,13,19.355191256830604,18.576193147209377,13,451,1.4548321013105714,0.13101042566101212,0.04024750255807018,478,False,False
20261025,sparse_periodic,powered-state level,powered-state history -> event indicator,13,10.628834355828223,10.246647917540972,13,452,1.29684640056109,0.2108694482332436,0.03595751194275433,479,False,False
20261025,sparse_periodic,powered-state change,powered-state history -> event indicator,13,10.628834355828223,10.20446170661109,13,451,1.4427479808466932,0.13607319059057932,0.039926546506431584,478,False,False
20261025,sparse_irregular,powered-state level,powered-state history -> event indicator,13,10.628834355828223,10.422237789258094,13,452,0.6892189416951398,0.7744760896353522,0.019437368167925535,479,False,False
20261025,sparse_irregular,powered-state change,powered-state history -> event indicator,13,10.628834355828223,10.362672126899218,13,451,0.891061864063673,0.5626511779460519,0.025041525723190662,478,False,False
20261026,dense_periodic,powered-state level,powered-state history -> event indicator,13,19.355191256830604,18.534020912043772,13,452,1.5404893171448228,0.09947075278611675,0.04242636168717964,479,False,False
20261026,dense_periodic,powered-state change,powered-state history -> event indicator,13,19.355191256830604,18.29774443680777,13,451,2.004906701762016,0.01896396641678078,0.054633757217441827,478,True,False
20261026,sparse_periodic,powered-state level,powered-state history -> event indicator,13,10.628834355828223,10.252722796020702,13,452,1.2754767565742189,0.22411230927624037,0.03538596493427182,479,False,False
20261026,sparse_periodic,powered-state change,powered-state history -> event indicator,13,10.628834355828223,10.215940169816404,13,451,1.4021472235916956,0.15428905222209566,0.038846610285671844,478,False,False
20261026,sparse_irregular,powered-state level,powered-state history -> event indicator,13,10.628834355828223,10.44335417967281,13,452,0.6175221999477574,0.8400808810015971,0.01745066015199565,479,False,False
20261026,sparse_irregular,powered-state change,powered-state history -> event indicator,13,10.628834355828223,10.34462531262236,13,451,0.9531391691686784,0.4974030805793265,0.026739436676799764,478,False,False
20261027,dense_periodic,powered-state level,powered-state history -> event indicator,13,19.355191256830604,18.79720096928659,13,452,1.0321160637856197,0.41873606715307365,0.028828973071867537,479,False,False
20261027,dense_periodic,powered-state change,powered-state history -> event indicator,13,19.355191256830604,18.82123947175382,13,451,0.9842082743031279,0.46575727939442957,0.027587006400070998,478,False,False
20261027,sparse_periodic,powered-state level,powered-state history -> event indicator,13,10.628834355828223,10.494818900752977,13,452,0.44399187143862123,0.9529667613108961,0.012608669077786546,479,False,False
20261027,sparse_periodic,powered-state change,powered-state history -> event indicator,13,10.628834355828223,10.497700589057356,13,451,0.43336471135482774,0.9574416636689053,0.012337549196912776,478,False,False
20261027,sparse_irregular,powered-state level,powered-state history -> event indicator,13,10.628834355828223,10.423389489881288,13,452,0.6853010684669361,0.7782742684099648,0.019329011918817012,479,False,False
20261027,sparse_irregular,powered-state change,powered-state history -> event indicator,13,10.628834355828223,10.435018105382827,13,451,0.6443623698891863,0.8165548069387653,0.01823494881535327,478,False,False
20261028,dense_periodic,powered-state level,powered-state history -> event indicator,13,19.355191256830604,18.357973630502755,13,452,1.888688287433169,0.029355610352781968,0.05152197222416611,479,True,False
20261028,dense_periodic,powered-state change,powered-state history -> event indicator,13,19.355191256830604,18.315204083440197,13,451,1.9699237229867905,0.021660441502065482,0.053731691905828514,478,True,False
20261028,sparse_periodic,powered-state level,powered-state history -> event indicator,13,10.628834355828223,10.294529493704582,13,452,1.1290970515515932,0.33168587247137415,0.03145263637873219,479,False,False
20261028,sparse_periodic,powered-state change,powered-state history -> event indicator,13,10.628834355828223,10.313134398578047,13,451,1.0619817052788134,0.3906979772627766,0.02970221820016089,478,False,False
20261028,sparse_irregular,powered-state level,powered-state history -> event indicator,13,10.628834355828223,10.229181927224836,13,452,1.3584280362256254,0.17607513665021346,0.03760077683252646,479,False,False
20261028,sparse_irregular,powered-state change,powered-state history -> event indicator,13,10.628834355828223,10.235935328250331,13,451,1.3316393196742322,0.19061844555694726,0.03696539191641925,478,False,False
20261029,dense_periodic,powered-state level,powered-state history -> event indicator,13,19.355191256830604,18.687269467209866,13,452,1.2427244590158106,0.2456130655384584,0.03450866389062538,479,False,False
20261029,dense_periodic,powered-state change,powered-state history -> event indicator,13,19.355191256830604,18.343821177944182,13,451,1.9127291760621865,0.026852339806883986,0.05225316895432389,478,True,False
20261029,sparse_periodic,powered-state level,powered-state history -> event indicator,13,10.628834355828223,10.424454207085768,13,452,0.6816798668889458,0.7817654807455405,0.01922883939106505,479,False,False
20261029,sparse_periodic,powered-state change,powered-state history -> event indicator,13,10.628834355828223,10.394818883191057,13,451,0.7810176274083486,0.6805942565150817,0.022017040138446218,478,False,False
20261029,sparse_irregular,powered-state level,powered-state history -> event indicator,13,10.628834355828223,10.263248073413264,13,452,1.2385117974765592,0.248485420293762,0.03439570795592402,479,False,False
20261029,sparse_irregular,powered-state change,powered-state history -> event indicator,13,10.628834355828223,10.260677067478778,13,451,1.244774184255949,0.24423477041493272,0.03463759769175159,478,False,False
20261030,dense_periodic,powered-state level,powered-state history -> event indicator,13,19.355191256830604,18.386906492133562,13,452,1.8310049299747764,0.03628770388665584,0.05002713493494035,479,True,False
20261030,dense_periodic,powered-state change,powered-state history -> event indicator,13,19.355191256830604,18.395217271357296,13,451,1.8104549888903592,0.03910857998151663,0.049597752496221156,478,True,False
20261030,sparse_periodic,powered-state level,powered-state history -> event indicator,13,10.628834355828223,10.241729454055445,13,452,1.3141666865949677,0.20058371538286257,0.0364202591566885,479,False,False
20261030,sparse_periodic,powered-state change,powered-state history -> event indicator,13,10.628834355828223,10.240692663819774,13,451,1.3149043184299045,0.20016560875042674,0.036517804212050385,478,False,False
20261030,sparse_irregular,powered-state level,powered-state history -> event indicator,13,10.628834355828223,10.470718537439495,13,452,0.5250418448520185,0.9093880958944948,0.014876120287078005,479,False,False
20261030,sparse_irregular,powered-state change,powered-state history -> event indicator,13,10.628834355828223,10.456715652941025,13,451,0.5710392439029491,0.8773528044301626,0.016193563388521407,478,False,False
20261031,dense_periodic,powered-state level,powered-state history -> event indicator,13,19.355191256830604,18.179472158307895,13,452,2.2486268193241616,0.007294237576793658,0.060744380301992015,479,True,False
20261031,dense_periodic,powered-state change,powered-state history -> event indicator,13,19.355191256830604,18.081900739226718,13,451,2.442961448327298,0.0033027173770681715,0.06578547846457118,478,True,False
20261031,sparse_periodic,powered-state level,powered-state history -> event indicator,13,10.628834355828223,10.086091276122973,13,452,1.8709685318184675,0.031342537669667,0.05106327387703074,479,True,False
20261031,sparse_periodic,powered-state change,powered-state history -> event indicator,13,10.628834355828223,10.080459943361012,13,451,1.8872525613705156,0.029518781601560053,0.051593090465890584,478,True,False
20261031,sparse_irregular,powered-state level,powered-state history -> event indicator,13,10.628834355828223,10.459525047806885,13,452,0.5628127830916186,0.8834551044951678,0.015929245141401528,479,False,False
20261031,sparse_irregular,powered-state change,powered-state history -> event indicator,13,10.628834355828223,10.41841277358142,13,451,0.7006835335723511,0.7632386774643163,0.019797239772715164,478,False,False
20261032,dense_periodic,powered-state level,powered-state history -> event indicator,13,19.355191256830604,17.86181644283885,13,452,2.906954827287651,0.00045649360553789525,0.0771562933259432,479,True,False
20261032,dense_periodic,powered-state change,powered-state history -> event indicator,13,19.355191256830604,17.894307980896343,13,451,2.8322644365663336,0.0006324623210941103,0.07547759443703268,478,True,False
20261032,sparse_periodic,powered-state level,powered-state history -> event indicator,13,10.628834355828223,10.41465563299217,13,452,0.7150336701057423,0.7489447860705389,0.020150725438543488,479,False,False
20261032,sparse_periodic,powered-state change,powered-state history -> event indicator,13,10.628834355828223,10.415591610311271,13,451,0.7102700660136088,0.7537152759016872,0.020062665234783967,478,False,False
20261032,sparse_irregular,powered-state level,powered-state history -> event indicator,13,10.628834355828223,10.092297138107469,13,452,1.8484380794511712,0.03404824603167252,0.05047940345655581,479,True,False
20261032,sparse_irregular,powered-state change,powered-state history -> event indicator,13,10.628834355828223,10.068465272260203,13,451,1.930830185406614,0.025095660193336783,0.052721593432373565,478,True,False
20261033,dense_periodic,powered-state level,powered-state history -> event indicator,13,19.355191256830604,18.77609955493176,13,452,1.0723512069672045,0.381201877545937,0.029919192955247958,479,False,False
20261033,dense_periodic,powered-state change,powered-state history -> event indicator,13,19.355191256830604,18.592284781647823,13,451,1.4235467285666865,0.14445247922785817,0.03941611658905955,478,False,False
20261033,sparse_periodic,powered-state level,powered-state history -> event indicator,13,10.628834355828223,10.544157709628605,13,452,0.27922020265217895,0.9943058650688403,0.007966691677078077,479,False,False
20261033,sparse_periodic,powered-state change,powered-state history -> event indicator,13,10.628834355828223,10.467542228736134,13,451,0.5345663747182398,0.9031726070870632,0.015174959143440431,478,False,False
20261033,sparse_irregular,powered-state level,powered-state history -> event indicator,13,10.628834355828223,10.362836729966867,13,452,0.8924711523145427,0.5611466031443437,0.025026039258528737,479,False,False
20261033,sparse_irregular,powered-state change,powered-state history -> event indicator,13,10.628834355828223,10.305284473060386,13,451,1.089217101782584,0.36605922364395604,0.030440768191144288,478,False,False
20261034,dense_periodic,powered-state level,powered-state history -> event indicator,13,19.355191256830604,17.766743598502003,13,452,3.108566456822621,0.0001876779169268821,0.0820683008114438,479,True,False
20261034,dense_periodic,powered-state change,powered-state history -> event indicator,13,19.355191256830604,17.725400101463393,13,451,3.189841465498596,0.00013076634882458975,0.0842043425839073,478,True,False
20261034,sparse_periodic,powered-state level,powered-state history -> event indicator,13,10.628834355828223,10.235130096941928,13,452,1.3374323630860865,0.18738696045150666,0.03704115105250568,479,False,False
20261034,sparse_periodic,powered-state change,powered-state history -> event indicator,13,10.628834355828223,10.239291030116679,13,451,1.3198332653423706,0.19731571649997515,0.03664967508858976,478,False,False
20261034,sparse_irregular,powered-state level,powered-state history -> event indicator,13,10.628834355828223,10.230986115486608,13,452,1.3520570865237724,0.17944854731007087,0.03743103213603648,479,False,False
20261034,sparse_irregular,powered-state change,powered-state history -> event indicator,13,10.628834355828223,10.152316302435603,13,451,1.6283486878034215,0.07417642825851863,0.044832578760748705,478,False,False
20261035,dense_periodic,powered-state level,powered-state history -> event indicator,13,19.355191256830604,18.298306713127126,13,452,2.0082220269101314,0.018720297516839488,0.05460470680342648,479,True,False
20261035,dense_periodic,powered-state change,powered-state history -> event indicator,13,19.355191256830604,18.311369268350468,13,451,1.9776016238687026,0.021039593666647108,0.05392982040989975,478,True,False
20261035,sparse_periodic,powered-state level,powered-state history -> event indicator,13,10.628834355828223,10.35215077119555,13,452,0.9292827757994875,0.5222059644505603,0.026031413734560298,479,False,False
20261035,sparse_periodic,powered-state change,powered-state history -> event indicator,13,10.628834355828223,10.351894791519747,13,451,0.9281076334966107,0.5234402331132432,0.026055497248070176,478,False,False
20261035,sparse_irregular,powered-state level,powered-state history -> event indicator,13,10.628834355828223,10.23273412934818,13,452,1.3458866426256344,0.18276468496811454,0.03726657253463024,479,False,False
20261035,sparse_irregular,powered-state change,powered-state history -> event indicator,13,10.628834355828223,10.208917009556849,13,451,1.4269781768767842,0.14292440675121815,0.03950737514703259,478,False,False
20261036,dense_periodic,powered-state level,powered-state history -> event indicator,13,19.355191256830604,18.40005085802608,13,452,1.8048589756241709,0.03990091669849462,0.04934802173383055,479,True,False
20261036,dense_periodic,powered-state change,powered-state history -> event indicator,13,19.355191256830604,17.907802504591974,13,451,2.80398758754303,0.0007148994377873116,0.07478039007895804,478,True,False
20261036,sparse_periodic,powered-state level,powered-state history -> event indicator,13,10.628834355828223,10.247588505966025,13,452,1.2935360281058328,0.21288074107630495,0.03586901790911302,479,False,False
20261036,sparse_periodic,powered-state change,powered-state history -> event indicator,13,10.628834355828223,10.183365511958932,13,451,1.5176065496913629,0.10719077397896555,0.041911354430415236,478,False,False
20261036,sparse_irregular,powered-state level,powered-state history -> event indicator,13,10.628834355828223,10.329789041767492,13,452,1.0065622340391522,0.4435231986512229,0.02813528784525201,479,False,False
20261036,sparse_irregular,powered-state change,powered-state history -> event indicator,13,10.628834355828223,10.31492021702021,13,451,1.0557915779633047,0.3964246532282034,0.02953420180415934,478,False,False
20261037,dense_periodic,powered-state level,powered-state history -> event indicator,13,19.355191256830604,18.265948760736137,13,452,2.073372930497326,0.014568542002283122,0.056276503891950165,479,True,False
20261037,dense_periodic,powered-state change,powered-state history -> event indicator,13,19.355191256830604,18.286621246713626,13,451,2.0272284902500943,0.017411448606742846,0.05520844490440628,478,True,False
20261037,sparse_periodic,powered-state level,powered-state history -> event indicator,13,10.628834355828223,10.411150169728508,13,452,0.7269813207881671,0.7368602956946448,0.020480532371863553,479,False,False
20261037,sparse_periodic,powered-state change,powered-state history -> event indicator,13,10.628834355828223,10.401071396540626,13,451,0.7596931472986459,0.703063959575662,0.021428780585211155,478,False,False
20261037,sparse_irregular,powered-state level,powered-state history -> event indicator,13,10.628834355828223,10.31962011194696,13,452,1.0418156178243705,0.40951472288721336,0.02909201832764548,479,False,False
20261037,sparse_irregular,powered-state change,powered-state history -> event indicator,13,10.628834355828223,10.26457109573471,13,451,1.231140880832173,0.2535803988398024,0.03427123312856726,478,False,False
20261038,dense_periodic,powered-state level,powered-state history -> event indicator,13,19.355191256830604,18.343146298659946,13,452,1.9183200159093095,0.026291690851839074,0.05228803708222206,479,True,False
20261038,dense_periodic,powered-state change,powered-state history -> event indicator,13,19.355191256830604,18.275610860883525,13,451,2.0493506652050044,0.01599126698925823,0.055777304477220645,478,True,False
20261038,sparse_periodic,powered-state level,powered-state history -> event indicator,13,10.628834355828223,10.340995949664466,13,452,0.9677907250780801,0.4823746056708117,0.027080900551049045,479,False,False
20261038,sparse_periodic,powered-state change,powered-state history -> event indicator,13,10.628834355828223,10.337544277400143,13,451,0.9775556706089291,0.47246370369554,0.027405646628442738,478,False,False
20261038,sparse_irregular,powered-state level,powered-state history -> event indicator,13,10.628834355828223,10.334755168764415,13,452,0.9893710061320955,0.4605762997045474,0.02766805627209275,479,False,False
20261038,sparse_irregular,powered-state change,powered-state history -> event indicator,13,10.628834355828223,10.331741127663292,13,451,0.9975907794671808,0.4523911134734909,0.027951628393006467,478,False,False
20261039,dense_periodic,powered-state level,powered-state history -> event indicator,13,19.355191256830604,18.00324936875778,13,452,2.610971971235715,0.001632823784904718,0.06984905858761353,479,True,False
20261039,dense_periodic,powered-state change,powered-state history -> event indicator,13,19.355191256830604,18.102897848425314,13,451,2.3998891563774762,0.003945405261553033,0.06470064758276906,478,True,False
20261039,sparse_periodic,powered-state level,powered-state history -> event indicator,13,10.628834355828223,10.093020161540178,13,452,1.8458149367044976,0.03437687736292724,0.05041137874109748,479,True,False
20261039,sparse_periodic,powered-state change,powered-state history -> event indicator,13,10.628834355828223,10.094116117180663,13,451,1.837764639171919,0.03541102464636349,0.050308267185888766,478,True,False
20261039,sparse_irregular,powered-state level,powered-state history -> event indicator,13,10.628834355828223,10.220682088809388,13,452,1.3884729255496977,0.16084576863840863,0.03840047302976628,479,False,False
20261039,sparse_irregular,powered-state change,powered-state history -> event indicator,13,10.628834355828223,10.225869126499894,13,451,1.3671007864682807,0.17157604716848718,0.03791245736249211,478,False,False
20261040,dense_periodic,powered-state level,powered-state history -> event indicator,13,19.355191256830604,18.579029730751408,13,452,1.4525268329690357,0.13195254784516702,0.04010094841120635,479,False,False
20261040,dense_periodic,powered-state change,powered-state history -> event indicator,13,19.355191256830604,18.48669582728878,13,451,1.6298267117346033,0.07380436883771466,0.04487144652912301,478,False,False
20261040,sparse_periodic,powered-state level,powered-state history -> event indicator,13,10.628834355828223,10.349091795561762,13,452,0.9398345116671253,0.5111856375940005,0.026319213462299103,479,False,False
20261040,sparse_periodic,powered-state change,powered-state history -> event indicator,13,10.628834355828223,10.18564298990227,13,451,1.509510126019528,0.11003866120585519,0.041697080892311895,478,False,False
20261040,sparse_irregular,powered-state level,powered-state history -> event indicator,13,10.628834355828223,10.27114265008954,13,452,1.210835628006746,0.2679665430387071,0.03365295701899293,479,False,False
20261040,sparse_irregular,powered-state change,powered-state history -> event indicator,13,10.628834355828223,10.274157839883587,13,451,1.1976209645740077,0.2776527258423745,0.03336927682480556,478,False,False
20261041,dense_periodic,powered-state level,powered-state history -> event indicator,13,19.355191256830604,18.651240441305784,13,452,1.3122895730283715,0.20167927516752956,0.03637012965585602,479,False,False
20261041,dense_periodic,powered-state change,powered-state history -> event indicator,13,19.355191256830604,18.556857635372314,13,451,1.4924959915601375,0.11623463592425763,0.04124648580656893,478,False,False
20261041,sparse_periodic,powered-state level,powered-state history -> event indicator,13,10.628834355828223,10.307373236795927,13,452,1.0843651019707767,0.3703736170379723,0.030244249582836523,479,False,False
20261041,sparse_periodic,powered-state change,powered-state history -> event indicator,13,10.628834355828223,10.236058846098416,13,451,1.3312046210776982,0.1908618306118295,0.03695377090098617,478,False,False
20261041,sparse_irregular,powered-state level,powered-state history -> event indicator,13,10.628834355828223,10.40376481044803,13,452,0.7521791490894746,0.7109094669626068,0.021175374255106256,479,False,False
20261041,sparse_irregular,powered-state change,powered-state history -> event indicator,13,10.628834355828223,10.408222315556442,13,451,0.7353360208589326,0.7283187168364111,0.020755995708109886,478,False,False
20261042,dense_periodic,powered-state level,powered-state history -> event indicator,13,19.355191256830604,18.059622861516015,13,452,2.49428888185728,0.002666809047964769,0.06693648118084974,479,True,False
20261042,dense_periodic,powered-state change,powered-state history -> event indicator,13,19.355191256830604,17.9037040022942,13,451,2.8125712109285996,0.000688824351479239,0.07499214217395869,478,True,False
20261042,sparse_periodic,powered-state level,powered-state history -> event indicator,13,10.628834355828223,10.46253157734385,13,452,0.552659711461096,0.8907638066387791,0.015646379736192165,479,False,False
20261042,sparse_periodic,powered-state change,powered-state history -> event indicator,13,10.628834355828223,10.420996765870015,13,451,0.6919074809112914,0.7718541477312277,0.0195541282327203,478,False,False
20261042,sparse_irregular,powered-state level,powered-state history -> event indicator,13,10.628834355828223,10.278023268409246,13,452,1.1867487878107355,0.28578589073510774,0.0330056030298951,479,False,False
20261042,sparse_irregular,powered-state change,powered-state history -> event indicator,13,10.628834355828223,10.288871033258776,13,451,1.146297990571955,0.3175245205395915,0.03198500524030012,478,False,False
20261043,dense_periodic,powered-state level,powered-state history -> event indicator,13,19.355191256830604,18.091828947962703,13,452,2.427954398005886,0.0035125333404966326,0.06527253035652902,479,True,False
20261043,dense_periodic,powered-state change,powered-state history -> event indicator,13,19.355191256830604,18.069772479157812,13,451,2.467886289101354,0.0029782668628325387,0.06641209382103921,478,True,False
20261043,sparse_periodic,powered-state level,powered-state history -> event indicator,13,10.628834355828223,10.223813235708521,13,452,1.3773992606466414,0.16632982123725132,0.038105883162777174,479,False,False
20261043,sparse_periodic,powered-state change,powered-state history -> event indicator,13,10.628834355828223,10.206135295527563,13,451,1.4368226009727625,0.13861471665316832,0.039769089078792265,478,False,False
20261043,sparse_irregular,powered-state level,powered-state history -> event indicator,13,10.628834355828223,10.359420724251459,13,452,0.9042305528474317,0.5486348346753149,0.025347429695245356,479,False,False
20261043,sparse_irregular,powered-state change,powered-state history -> event indicator,13,10.628834355828223,10.322126067858637,13,451,1.0308359177237987,0.41996669996753205,0.02885624873826411,478,False,False
20261044,dense_periodic,powered-state level,powered-state history -> event indicator,13,19.355191256830604,18.19022320596769,13,452,2.2267479920721964,0.007962403397654439,0.06018891962391677,479,True,False
20261044,dense_periodic,powered-state change,powered-state history -> event indicator,13,19.355191256830604,18.164406209063916,13,451,2.2742874607102386,0.006581437861118121,0.061522773501215114,478,True,False
20261044,sparse_periodic,powered-state level,powered-state history -> event indicator,13,10.628834355828223,10.467729055591015,13,452,0.5351215466454815,0.9028070460672865,0.015157381782779207,479,False,False
20261044,sparse_periodic,powered-state change,powered-state history -> event indicator,13,10.628834355828223,10.474752797850625,13,451,0.5103170377601504,0.9185433472674532,0.014496562164703304,478,False,False
20261044,sparse_irregular,powered-state level,powered-state history -> event indicator,13,10.628834355828223,10.238167998802973,13,452,1.3267186788470091,0.19337656330077888,0.036755334023154805,479,False,False
20261044,sparse_irregular,powered-state change,powered-state history -> event indicator,13,10.628834355828223,10.115318523878065,13,451,1.7611950829657355,0.04668371707671444,0.04831346644033236,478,True,False
20261045,dense_periodic,powered-state level,powered-state history -> event indicator,13,19.355191256830604,18.404936081879825,13,452,1.79515111166552,0.0413243119795061,0.049095623098812144,479,True,False
20261045,dense_periodic,powered-state change,powered-state history -> event indicator,13,19.355191256830604,18.109272577334785,13,451,2.386832160379579,0.0041629548011332725,0.0643712925882933,478,True,False
20261045,sparse_periodic,powered-state level,powered-state history -> event indicator,13,10.628834355828223,10.284207174873925,13,452,1.1651284129344004,0.30246501289410166,0.03242379826583003,479,False,False
20261045,sparse_periodic,powered-state change,powered-state history -> event indicator,13,10.628834355828223,10.26493154435199,13,451,1.2298794445225203,0.2544580942185591,0.034237320791126125,478,False,False
20261045,sparse_irregular,powered-state level,powered-state history -> event indicator,13,10.628834355828223,10.315297567915184,13,452,1.0568219541721948,0.3954617866898664,0.029498699237994412,479,False,False
20261045,sparse_irregular,powered-state change,powered-state history -> event indicator,13,10.628834355828223,10.286878642583591,13,451,1.1532393093388147,0.3119201469565775,0.03217245671507935,478,False,False
20261046,dense_periodic,powered-state level,powered-state history -> event indicator,13,19.355191256830604,18.364164263771425,13,452,1.8763307562102494,0.03072852570156488,0.05120212866454823,479,True,False
20261046,dense_periodic,powered-state change,powered-state history -> event indicator,13,19.355191256830604,18.300128843758294,13,451,2.0001252549310555,0.019312993435426862,0.054510565102267844,478,True,False
20261046,sparse_periodic,powered-state level,powered-state history -> event indicator,13,10.628834355828223,10.464823589824467,13,452,0.5449234879953236,0.8961679784986183,0.015430738735129686,479,False,False
20261046,sparse_periodic,powered-state change,powered-state history -> event indicator,13,10.628834355828223,10.454584996494425,13,451,0.5782259545665963,0.8718979170646944,0.016394023417840724,478,False,False
20261046,sparse_irregular,powered-state level,powered-state history -> event indicator,13,10.628834355828223,10.179792321734467,13,452,1.5337096882768644,0.10170328631671155,0.04224753336639664,479,False,False
20261046,sparse_irregular,powered-state change,powered-state history -> event indicator,13,10.628834355828223,10.178235378464796,13,451,1.5358574239308904,0.10100225054322592,0.04239401634068604,478,False,False
20261047,dense_periodic,powered-state level,powered-state history -> event indicator,13,19.355191256830604,18.021321463963393,13,452,2.573486452536006,0.0019130826309177685,0.06891535067608688,479,True,False
20261047,dense_periodic,powered-state change,powered-state history -> event indicator,13,19.355191256830604,17.96272307323393,13,451,2.6893436190121824,0.0011705307963372717,0.07194287905087271,478,True,False
20261047,sparse_periodic,powered-state level,powered-state history -> event indicator,13,10.628834355828223,10.281754713863622,13,452,1.1736996750659194,0.29577543561860525,0.032654534857275624,479,False,False
20261047,sparse_periodic,powered-state change,powered-state history -> event indicator,13,10.628834355828223,10.281133674560555,13,451,1.1732693495864426,0.2961181418248009,0.032712964529079264,478,False,False
20261047,sparse_irregular,powered-state level,powered-state history -> event indicator,13,10.628834355828223,10.359208948663843,13,452,0.9049598332655799,0.5478608829234957,0.025367354324844982,479,False,False
20261047,sparse_irregular,powered-state change,powered-state history -> event indicator,13,10.628834355828223,10.359066299385661,13,451,0.9034478735034455,0.5494674764951795,0.025380775295894692,478,False,False
20261048,dense_periodic,powered-state level,powered-state history -> event indicator,13,19.355191256830604,17.89550720225449,13,452,2.836024213794265,0.0006217603789972759,0.07541563579543452,479,True,False
20261048,dense_periodic,powered-state change,powered-state history -> event indicator,13,19.355191256830604,17.884008238854236,13,451,2.8538755546113466,0.000575794666905375,0.07600973808291232,478,True,False
20261048,sparse_periodic,powered-state level,powered-state history -> event indicator,13,10.628834355828223,10.354842076022667,13,452,0.9200044515991497,0.5319538373568916,0.025778205834519865,479,False,False
20261048,sparse_periodic,powered-state change,powered-state history -> event indicator,13,10.628834355828223,10.369807205426874,13,451,0.8665782713571064,0.5888656447951196,0.0243702311777316,478,False,False
20261048,sparse_irregular,powered-state level,powered-state history -> event indicator,13,10.628834355828223,10.181059190688767,13,452,1.5291923716250293,0.10321471128609583,0.04212834165525616,479,False,False
20261048,sparse_irregular,powered-state change,powered-state history -> event indicator,13,10.628834355828223,10.200814988928162,13,451,1.4556660022636,0.13066695028158742,0.04026964317732178,478,False,False
20261049,dense_periodic,powered-state level,powered-state history -> event indicator,13,19.355191256830604,18.120638953120398,13,452,2.368814590668393,0.0044801606188924654,0.06378404053612866,479,True,False
20261049,dense_periodic,powered-state change,powered-state history -> event indicator,13,19.355191256830604,18.15017765756227,13,451,2.303266852146445,0.005854015842610473,0.062257901938482504,478,True,False
20261049,sparse_periodic,powered-state level,powered-state history -> event indicator,13,10.628834355828223,10.28933008302697,13,452,1.1472372168950775,0.3167536233801323,0.03194181614234014,479,False,False
20261049,sparse_periodic,powered-state change,powered-state history -> event indicator,13,10.628834355828223,10.314059097470306,13,451,1.0587761824592312,0.39365777327317203,0.029615219112462055,478,False,False
20261049,sparse_irregular,powered-state level,powered-state history -> event indicator,13,10.628834355828223,10.405890597921449,13,452,0.7449225892081281,0.7184414087652251,0.020975372316770127,479,False,False
20261049,sparse_irregular,powered-state change,powered-state history -> event indicator,13,10.628834355828223,10.425783740797325,13,451,0.675660898873155,0.7875226639064398,0.019103751948072976,478,False,False
20261050,dense_periodic,powered-state level,powered-state history -> event indicator,13,19.355191256830604,18.603541450705215,13,452,1.404801641454699,0.15302840919699584,0.03883453261460931,479,False,False
20261050,dense_periodic,powered-state change,powered-state history -> event indicator,13,19.355191256830604,18.559833605030143,13,451,1.4866939525909681,0.11841433016061688,0.0410927301748968,478,False,False
20261050,sparse_periodic,powered-state level,powered-state history -> event indicator,13,10.628834355828223,10.113979825635688,13,452,1.7699358987719762,0.04524078255006906,0.04843941611623848,479,True,False
20261050,sparse_periodic,powered-state change,powered-state history -> event indicator,13,10.628834355828223,10.114476567411273,13,451,1.7642295714233713,0.046181000105935066,0.04839268081498575,478,True,False
20261050,sparse_irregular,powered-state level,powered-state history -> event indicator,13,10.628834355828223,10.385592647214935,13,452,0.8143326420322656,0.6450389439205486,0.02288507850156767,479,False,False
20261050,sparse_irregular,powered-state change,powered-state history -> event indicator,13,10.628834355828223,10.401930314300817,13,451,0.7567657720677655,0.7061247114712687,0.02134797042941834,478,False,False
