seed,case_name,n,simulation_success,failure_stage,exception_type,failure_message,minimum_price,minimum_sigma,maximum_sigma,mean_sigma,standard_deviation_sigma,q05_sigma,median_sigma,q95_sigma,minimum_state,maximum_state,all_finite,all_prices_positive,all_states_positive,all_transition_quantities_positive,state_identity_max_absolute_error,transition_identity_max_absolute_error
20260721,n1_reference,1,True,,,,80.7188563779582,0.19409966507334572,0.26388819707848465,0.23287170172999458,0.018091373733625196,0.199818155917456,0.23496209941413523,0.2601629409987012,0.19409966507334572,0.26388819707848465,True,True,True,True,,
20260721,n2_scale_matched,2,True,,,,80.58987909440617,0.19400996373727383,0.26832064768687297,0.2350694313026177,0.019654455865952172,0.19977488088781756,0.23666083086987988,0.26490101478910644,0.03763986602933831,0.071995969975103,True,True,True,True,1.3877787807814457e-17,0.0
20260722,n1_reference,1,True,,,,56.7101983256441,0.19720253462870768,0.2656618495644798,0.23049884687519248,0.01729131337043877,0.20128328419140218,0.2283417731876821,0.2573045087034817,0.19720253462870768,0.2656618495644798,True,True,True,True,,
20260722,n2_scale_matched,2,True,,,,56.477755393793764,0.19718269156161522,0.26880952661768814,0.23270545149712574,0.01867259286885039,0.20127761758226415,0.23051297202297918,0.2614212889901035,0.038881013851483084,0.0722585616004256,True,True,True,True,1.3877787807814457e-17,0.0
20260723,n1_reference,1,True,,,,68.83411991527078,0.19760789689783895,0.27228139157169684,0.2394053185200981,0.022196932542719414,0.20091389316015898,0.24319221364946095,0.2660052260483489,0.19760789689783895,0.27228139157169684,True,True,True,True,,
20260723,n2_scale_matched,2,True,,,,68.69421368414866,0.19759341780316367,0.27673695300451784,0.24131659870451422,0.023810730538505822,0.20094718156776972,0.24422874251275434,0.26820919533923593,0.039043158759135596,0.07658334115822471,True,True,True,True,1.3877787807814457e-17,0.0
20260724,n1_reference,1,True,,,,74.68851063478266,0.2,0.26947870254304507,0.24827925884733953,0.018979804191630426,0.20616123231821462,0.2556908024448602,0.26656042958489634,0.2,0.26947870254304507,True,True,True,True,,
20260724,n2_scale_matched,2,True,,,,74.7368250631843,0.2,0.2748659523071204,0.2510359299700035,0.021101462071744858,0.20619691826761016,0.25817804947177964,0.2726599712350214,0.04000000000000001,0.0755512917377002,True,True,True,True,1.3877787807814457e-17,0.0
20260725,n1_reference,1,True,,,,81.13608787866006,0.19598374622474796,0.2692385040061297,0.24161653650870057,0.015217157071931631,0.2051731108477703,0.24414891143166814,0.26076327423057233,0.19598374622474796,0.2692385040061297,True,True,True,True,,
20260725,n2_scale_matched,2,True,,,,81.14947446316802,0.19594258978052523,0.2742876538764103,0.24492451161831738,0.017314883102675253,0.20518006143748876,0.24885162585184858,0.26709583853392016,0.03839349848989919,0.07523371706902544,True,True,True,True,1.3877787807814457e-17,0.0
20260726,n1_reference,1,True,,,,76.09937191047713,0.19983294942172017,0.2515747146907758,0.234922352300296,0.013435814750793881,0.20287350344603036,0.23940373526460518,0.24831341779021893,0.19983294942172017,0.2515747146907758,True,True,True,True,,
20260726,n2_scale_matched,2,True,,,,75.76097122601774,0.19983287959864876,0.2559382695610895,0.23831653357268634,0.015578287296266846,0.20287553805448855,0.24328375795345483,0.25373918376751076,0.03993317976868805,0.0655043978259249,True,True,True,True,1.3877787807814457e-17,0.0
20260727,n1_reference,1,True,,,,61.359629236597215,0.19831104509499195,0.2576674276790878,0.23777393120721574,0.014069957852557394,0.20661197433658823,0.24387419482389472,0.2535665522737588,0.19831104509499195,0.2576674276790878,True,True,True,True,,
20260727,n2_scale_matched,2,True,,,,61.04598874323107,0.1983038528067389,0.2615704448941076,0.24101673202233065,0.016314422164578454,0.20658007331631226,0.24668870695203207,0.25880981104619166,0.03932441803799677,0.06841909764210136,True,True,True,True,1.3877787807814457e-17,0.0
20260728,n1_reference,1,True,,,,91.07506205149572,0.19958341441236138,0.25231360117116186,0.22833489863047246,0.012733018804242144,0.20642914991866027,0.2261236235441407,0.24803784011609536,0.19958341441236138,0.25231360117116186,True,True,True,True,,
20260728,n2_scale_matched,2,True,,,,90.94068203486559,0.19958297964742525,0.25728818793643493,0.23107514157848297,0.014399811149018478,0.20654716219416758,0.2292159753908928,0.2522997663149315,0.039833365764944555,0.06619721165161427,True,True,True,True,1.3877787807814457e-17,0.0
20260729,n1_reference,1,True,,,,73.88529040737015,0.19965862188837089,0.2824138228997204,0.25453299620262354,0.023767772260426947,0.21152939726928852,0.2649999683645527,0.28021647238430614,0.19965862188837089,0.2824138228997204,True,True,True,True,,
20260729,n2_scale_matched,2,True,,,,73.59224327646314,0.1996583300424712,0.2877750776353317,0.25631522101537657,0.02534764229415016,0.21134571298214275,0.26455979178389655,0.28539766636022473,0.039863448755348356,0.0828144953080212,True,True,True,True,1.3877787807814457e-17,0.0
20260730,n1_reference,1,True,,,,64.31890122352593,0.19808168575248752,0.28253602849478976,0.24759712663336528,0.0233620972344245,0.20861071223399183,0.2558802498709293,0.27635703941060397,0.19808168575248752,0.28253602849478976,True,True,True,True,,
20260730,n2_scale_matched,2,True,,,,64.28482922191579,0.19807239661546736,0.2813992167294339,0.24961788182313036,0.02480017407318028,0.20858122686383795,0.256143523183831,0.27872256283917696,0.039232674300995,0.07918551917593893,True,True,True,True,1.3877787807814457e-17,0.0
20260731,n1_reference,1,True,,,,38.068857272983095,0.1989847782217763,0.2781145283433581,0.24777276007383084,0.021882319141193617,0.2038952222354938,0.2545724523580503,0.2743202545764673,0.1989847782217763,0.2781145283433581,True,True,True,True,,
20260731,n2_scale_matched,2,True,,,,37.595573061921456,0.19898218837049336,0.2810038302482218,0.24994656822320413,0.023649203084554055,0.20385799427343174,0.25559796065189816,0.27818116768869994,0.03959391128871051,0.07896315261417146,True,True,True,True,1.3877787807814457e-17,0.0
20260732,n1_reference,1,True,,,,78.01310868953084,0.1968555483262016,0.2818714632477077,0.23509036674811246,0.024460005882799306,0.20002958415289582,0.23108080386577226,0.27633729117885164,0.1968555483262016,0.2818714632477077,True,True,True,True,,
20260732,n2_scale_matched,2,True,,,,77.76093163369278,0.19683043293779712,0.2824940559753918,0.23630086970913267,0.02473008569799449,0.20002957322070353,0.23254847934648665,0.2771180727199875,0.03874221933048065,0.07980289166142777,True,True,True,True,1.3877787807814457e-17,0.0
20260733,n1_reference,1,True,,,,61.982129314106515,0.1992764598646582,0.2811612069254206,0.2466203451060146,0.022809694626924375,0.2043571877543828,0.25761159237104764,0.27598549845601944,0.1992764598646582,0.2811612069254206,True,True,True,True,,
20260733,n2_scale_matched,2,True,,,,61.90313133382719,0.1992751463325602,0.2848028234069545,0.24856005638975512,0.0242708943205637,0.20434448716117018,0.2585982180982798,0.28085761690886973,0.03971058394586328,0.08111264822057292,True,True,True,True,1.3877787807814457e-17,0.0
20260734,n1_reference,1,True,,,,71.16738722679449,0.19595613178279417,0.28881486515289206,0.24672509476232893,0.026001528998738678,0.2015429103418824,0.24869693997994521,0.28370209614975445,0.19595613178279417,0.28881486515289206,True,True,True,True,,
20260734,n2_scale_matched,2,True,,,,70.85699696899495,0.19591440149493278,0.2910612563391974,0.24801705332810006,0.02701253969512666,0.2015187679277704,0.24944713068334134,0.28648332600666704,0.03838245271311772,0.08471665494175198,True,True,True,True,1.3877787807814457e-17,0.0
20260735,n1_reference,1,True,,,,85.08802868494507,0.19480136641280424,0.2589585036778397,0.23477783932822535,0.019151818949576863,0.19814247028165147,0.24230870921513945,0.2560476101742263,0.19480136641280424,0.2589585036778397,True,True,True,True,,
20260735,n2_scale_matched,2,True,,,,84.60669958339525,0.19473198649713847,0.2640097969324584,0.2369895534496461,0.021061243465179087,0.19809570256915107,0.24338184746985986,0.2620778431757765,0.03792054656512171,0.06970117287631793,True,True,True,True,1.3877787807814457e-17,0.0
20260736,n1_reference,1,True,,,,97.96078504694903,0.19166917259716304,0.28399430358066835,0.2500582671777179,0.02626804582341422,0.19865558515063184,0.25634126091599296,0.28040208477883605,0.19166917259716304,0.28399430358066835,True,True,True,True,,
20260736,n2_scale_matched,2,True,,,,97.92832442523392,0.19148803889242072,0.2871154158823692,0.2514522329507439,0.027598109799394272,0.1985503947894779,0.25771368131109124,0.28327784709240816,0.03666766903886523,0.08243526203730583,True,True,True,True,1.3877787807814457e-17,0.0
20260737,n1_reference,1,True,,,,82.80988270719504,0.19490571745590804,0.2774554412808797,0.24145118307697927,0.0226968387285041,0.20000809726876742,0.24681587318905082,0.271653426055724,0.19490571745590804,0.2774554412808797,True,True,True,True,,
20260737,n2_scale_matched,2,True,,,,82.76381449949906,0.1948104944069704,0.28045999169343516,0.24326392661993004,0.02421168305845518,0.19998505241899497,0.24875204544212598,0.27624442660282256,0.037951128731088246,0.07865780694068171,True,True,True,True,1.3877787807814457e-17,0.0
20260738,n1_reference,1,True,,,,93.99242894677906,0.1989214076628767,0.2729183405855939,0.24640494851008696,0.0186467045146423,0.21039305745161174,0.24834018594928006,0.26965322670199576,0.1989214076628767,0.2729183405855939,True,True,True,True,,
20260738,n2_scale_matched,2,True,,,,93.99289679234614,0.1989184834678534,0.275087062217922,0.2491601329528539,0.02051968332623009,0.2102869310258357,0.2510778434663541,0.2732854167810609,0.03956856306515067,0.07567289179968689,True,True,True,True,1.3877787807814457e-17,0.0
20260739,n1_reference,1,True,,,,98.4454316667879,0.19355728845441317,0.2625550084824221,0.23770646573016616,0.021592819448356813,0.19604630271964182,0.2487062615195276,0.258977855776626,0.19355728845441317,0.2625550084824221,True,True,True,True,,
20260739,n2_scale_matched,2,True,,,,98.44743401383963,0.1934500332948156,0.26604431423101665,0.23998154415574155,0.023467562058070594,0.19589484939041985,0.2524361406002698,0.26245873915547707,0.03742291538176527,0.07077957713465194,True,True,True,True,1.3877787807814457e-17,0.0
20260740,n1_reference,1,True,,,,75.70659923766263,0.1971887151269743,0.2478750517013529,0.23137276687391634,0.012966770645173086,0.20124066127530663,0.23517385713370909,0.2460523195737028,0.1971887151269743,0.2478750517013529,True,True,True,True,,
20260740,n2_scale_matched,2,True,,,,75.57368992541528,0.1971686741112536,0.25467394081041306,0.23457047523178987,0.014953264171695032,0.2012462896238984,0.23856851516548178,0.2523678553950573,0.03887548605078973,0.06485881612790577,True,True,True,True,1.3877787807814457e-17,0.0
20260741,n1_reference,1,True,,,,68.6545120104647,0.2,0.2936975832003612,0.2527798267279136,0.028821292227421334,0.2086342093519439,0.25675685783632857,0.28844423466782304,0.2,0.2936975832003612,True,True,True,True,,
20260741,n2_scale_matched,2,True,,,,68.52920394725425,0.2,0.2945561499982797,0.2536191570113024,0.02940772561368992,0.2085737961201179,0.25748103590682553,0.29107359933827326,0.04000000000000001,0.08676332550180907,True,True,True,True,1.3877787807814457e-17,0.0
20260742,n1_reference,1,True,,,,57.50127173687258,0.1989285340338851,0.2626331054747782,0.24234757562163026,0.016375073543816353,0.2135693556924934,0.24674898472790202,0.25875836384484885,0.1989285340338851,0.2626331054747782,True,True,True,True,,
20260742,n2_scale_matched,2,True,,,,56.99625930911638,0.19892564845578373,0.2697605850165059,0.24543427429809644,0.018597228742936445,0.213302520073273,0.24932114984536924,0.2654489875664114,0.03957141361355405,0.07277077322844751,True,True,True,True,1.3877787807814457e-17,0.0
20260743,n1_reference,1,True,,,,52.26445662501756,0.2,0.2728101662715837,0.24618883000072428,0.020768809266016094,0.20294366420964044,0.2460207395213073,0.27054105749007074,0.2,0.2728101662715837,True,True,True,True,,
20260743,n2_scale_matched,2,True,,,,51.91515550433319,0.2,0.276990653405024,0.24850569490550575,0.02258196336677184,0.20292229542397547,0.24884206434095157,0.2752105672173895,0.04000000000000001,0.07672382207374213,True,True,True,True,1.3877787807814457e-17,0.0
20260744,n1_reference,1,True,,,,61.507822694559906,0.19929322030868046,0.26149513086868903,0.23629346633759496,0.014033247521945761,0.21205421375264036,0.23354394622293725,0.2560940682555746,0.19929322030868046,0.26149513086868903,True,True,True,True,,
20260744,n2_scale_matched,2,True,,,,60.90945994252762,0.19929196703197094,0.26568955453303816,0.23934293364606846,0.015925798141500334,0.21185232907868026,0.23706542134518632,0.2621456033854422,0.039717288123472194,0.07059093938796425,True,True,True,True,1.3877787807814457e-17,0.0
20260745,n1_reference,1,True,,,,100.0,0.19892770881743152,0.27147237066083824,0.24583940328379045,0.019635015787231314,0.20284897160851867,0.253975013826411,0.26756636066012995,0.19892770881743152,0.27147237066083824,True,True,True,True,,
20260745,n2_scale_matched,2,True,,,,100.0,0.19892481878079618,0.2774435869014333,0.2483923393149982,0.021549739884463435,0.20283619130037744,0.2554500557242018,0.2731975554350761,0.0395710835269726,0.07697494391273317,True,True,True,True,1.3877787807814457e-17,0.0
20260746,n1_reference,1,True,,,,78.36484187969455,0.1991659507397713,0.2878968806424139,0.24512524939301944,0.023586146286820826,0.20289218436352677,0.24853767370819882,0.2808703397238859,0.1991659507397713,0.2878968806424139,True,True,True,True,,
20260746,n2_scale_matched,2,True,,,,78.02947773263989,0.19916420435386611,0.28957387882784624,0.2468129663679147,0.024733127818169467,0.20287487924209507,0.2497420194058197,0.2835523029034135,0.03966638029590854,0.08385303129940416,True,True,True,True,1.3877787807814457e-17,0.0
20260747,n1_reference,1,True,,,,95.21926145392801,0.19568816473373113,0.2617128272242879,0.2406567075641825,0.01908875762758441,0.20168039508105973,0.24989989782234195,0.2580484270001956,0.19568816473373113,0.2617128272242879,True,True,True,True,,
20260747,n2_scale_matched,2,True,,,,94.6664148931156,0.19564065501191844,0.26880129092744637,0.2433497880726737,0.02120589098685475,0.20168367814933455,0.2518833036982041,0.2648837280742167,0.038275265893492484,0.07225413400426167,True,True,True,True,1.3877787807814457e-17,0.0
20260748,n1_reference,1,True,,,,52.45690553629719,0.19704075698694826,0.2694300406409344,0.24215018105846337,0.020480871754090812,0.20490279217696386,0.24746432241974847,0.26613224540758507,0.19704075698694826,0.2694300406409344,True,True,True,True,,
20260748,n2_scale_matched,2,True,,,,51.95886107184264,0.19701853414026638,0.2740378849072829,0.24447552389024682,0.02220931012691537,0.20488166067203048,0.24909030463017992,0.2710350007161591,0.03881630279477931,0.07509676236445725,True,True,True,True,1.3877787807814457e-17,0.0
20260749,n1_reference,1,True,,,,79.91966718434996,0.19300691676162682,0.26070253056045484,0.23872527497228976,0.016863268837292174,0.20118396134632874,0.2476414940505019,0.25506067287320416,0.19300691676162682,0.26070253056045484,True,True,True,True,,
20260749,n2_scale_matched,2,True,,,,79.9394442772089,0.1928801874341964,0.2622370981927011,0.24174368275702907,0.01892425096059257,0.20118021925610866,0.25188942494560457,0.2601572586583163,0.03720276670465074,0.06876829566852835,True,True,True,True,1.3877787807814457e-17,0.0
20260750,n1_reference,1,True,,,,81.2923182227342,0.19622620577060046,0.2636709453396671,0.2423489986089215,0.015086596672990369,0.20800318553819408,0.24660102769110395,0.2592801522117956,0.19622620577060046,0.2636709453396671,True,True,True,True,,
20260750,n2_scale_matched,2,True,,,,81.30637831378807,0.19618991387999588,0.2697461269555982,0.24572549220166565,0.017291569266247378,0.20796987005526218,0.25012261906267463,0.26580908272574705,0.0384904823082402,0.0727629730075457,True,True,True,True,1.3877787807814457e-17,0.0
20260751,n1_reference,1,True,,,,73.64259814897191,0.2,0.270291083105185,0.24603955198790567,0.016936967279374587,0.21773368187798164,0.25051248855584807,0.26789674790634377,0.2,0.270291083105185,True,True,True,True,,
20260751,n2_scale_matched,2,True,,,,73.62592014782402,0.2,0.2756716287560893,0.2488889040396827,0.018947020770418724,0.21730228817112157,0.2543427465723458,0.2730479168024813,0.04000000000000001,0.07599484690103513,True,True,True,True,1.3877787807814457e-17,0.0
20260752,n1_reference,1,True,,,,98.1027988857396,0.19346412546803982,0.2684022409895352,0.23273518318415215,0.019530390648375476,0.1966261744356146,0.2334269854487465,0.2625253029365724,0.19346412546803982,0.2684022409895352,True,True,True,True,,
20260752,n2_scale_matched,2,True,,,,98.10450032199223,0.193353691941002,0.27177049688932525,0.23474912332790007,0.021025851280345183,0.1965972144522356,0.23577287182181397,0.26621172196847964,0.0373856501872159,0.07385920297947075,True,True,True,True,1.3877787807814457e-17,0.0
20260753,n1_reference,1,True,,,,67.11926699761366,0.19375272870808158,0.25572201233401254,0.23420709631191608,0.016414752180050222,0.1992708214495657,0.23830316570036886,0.25258505171382745,0.19375272870808158,0.25572201233401254,True,True,True,True,,
20260753,n2_scale_matched,2,True,,,,66.98519454929499,0.19365198548745288,0.26195894953949733,0.23716761912212417,0.018298243777000036,0.19926082620147836,0.24444260653006944,0.25858726667730975,0.03750109148323266,0.0686224912438369,True,True,True,True,1.3877787807814457e-17,0.0
20260754,n1_reference,1,True,,,,99.9895326488037,0.1902097854414497,0.27196150853053747,0.2420724058725836,0.021237289062391116,0.19995006100487966,0.24748091896759125,0.26784330948874824,0.1902097854414497,0.27196150853053747,True,True,True,True,,
20260754,n2_scale_matched,2,True,,,,99.9895326488037,0.18995766416909812,0.2761100724832809,0.24425838900816718,0.023041275517073505,0.19990831321837152,0.24979607262934225,0.2721703320481864,0.036083914176579863,0.07623677212672263,True,True,True,True,1.3877787807814457e-17,0.0
20260755,n1_reference,1,True,,,,58.43165498277359,0.19669367595113507,0.28115149806116696,0.24229279856778935,0.023759298245423017,0.20037476941608612,0.2425369711034537,0.2769021573479132,0.19669367595113507,0.28115149806116696,True,True,True,True,,
20260755,n2_scale_matched,2,True,,,,58.06974223277585,0.19666588514649427,0.2819266041884114,0.24396754863233625,0.02479195070592684,0.200356180637991,0.24404270678655265,0.2779645348357782,0.038677470380454076,0.07948261014920921,True,True,True,True,1.3877787807814457e-17,0.0
20260756,n1_reference,1,True,,,,78.74696541608756,0.19266779681045695,0.26391168420035993,0.23629063261661332,0.02109833307361008,0.19630935248105044,0.24103680536899819,0.26147247717552735,0.19266779681045695,0.26391168420035993,True,True,True,True,,
20260756,n2_scale_matched,2,True,,,,78.63387777441496,0.19252822838270445,0.2694539896654598,0.23824645648398446,0.022793561376787033,0.1961933231469732,0.24237695546183902,0.2667367142447404,0.0370671187241828,0.07260545254663373,True,True,True,True,1.3877787807814457e-17,0.0
20260757,n1_reference,1,True,,,,94.62970253245275,0.19866974540056845,0.25585658179308884,0.23522636928990404,0.016470784253081728,0.20385188307289534,0.23776078553642432,0.25411537499764986,0.19866974540056845,0.25585658179308884,True,True,True,True,,
20260757,n2_scale_matched,2,True,,,,94.62978748296703,0.19866529178552397,0.2615175146536259,0.23794756488437527,0.01845873349026649,0.20383129364207422,0.24012922450105414,0.25916379105723253,0.03946789816022738,0.06839141047060944,True,True,True,True,1.3877787807814457e-17,0.0
20260758,n1_reference,1,True,,,,56.798800576080446,0.19906910292036603,0.26917294700981703,0.24279717450860067,0.02025660028049485,0.20699725265860847,0.24788471630297473,0.26661482354938926,0.19906910292036603,0.26917294700981703,True,True,True,True,,
20260758,n2_scale_matched,2,True,,,,56.19073082117784,0.19906692635429526,0.2734838054941565,0.24531433226741167,0.021748913984020596,0.20695648433222671,0.24926108797990004,0.2696994866524347,0.03962764116814642,0.07479339186756565,True,True,True,True,1.3877787807814457e-17,0.0
20260759,n1_reference,1,True,,,,88.71328704045193,0.2,0.2644364845852939,0.2404504388744672,0.015140667572237233,0.20971316400807882,0.24173178801351064,0.25966360279017503,0.2,0.2644364845852939,True,True,True,True,,
20260759,n2_scale_matched,2,True,,,,88.65771685641424,0.2,0.2677884226160816,0.24356831426320447,0.017293974097481863,0.20960884873662403,0.24501435589833923,0.26590489893734265,0.04000000000000001,0.07171063928720911,True,True,True,True,1.3877787807814457e-17,0.0
20260760,n1_reference,1,True,,,,80.18776202355328,0.19736842734866167,0.2787933966338636,0.24659477257333856,0.024655561407047707,0.2004853101231491,0.2544622028771854,0.2724176252720366,0.19736842734866167,0.2787933966338636,True,True,True,True,,
20260760,n2_scale_matched,2,True,,,,80.20202663231115,0.1973508827937303,0.2822933137924055,0.24825702758593948,0.026169717738926904,0.2004735904203814,0.25468993551416846,0.27790336270950383,0.038947370939464675,0.07968951501189754,True,True,True,True,1.3877787807814457e-17,0.0
20260761,n1_reference,1,True,,,,69.55918442503912,0.19711049077508067,0.27127034431220265,0.24443937718127468,0.021563820111080528,0.20164763592169924,0.25425199797599474,0.2680603106174103,0.19711049077508067,0.27127034431220265,True,True,True,True,,
20260761,n2_scale_matched,2,True,,,,69.12242896189623,0.19708931049154407,0.27635617643306176,0.2466270477416273,0.023349161897581287,0.20171645981772257,0.25508377464698806,0.27307405661514383,0.03884419631003227,0.07637273625270155,True,True,True,True,1.3877787807814457e-17,0.0
20260762,n1_reference,1,True,,,,67.09271559295561,0.1998221214539737,0.26514280988083455,0.23640677035243432,0.015731043622164854,0.20685641784050562,0.2368858322216782,0.2582056281033862,0.1998221214539737,0.26514280988083455,True,True,True,True,,
20260762,n2_scale_matched,2,True,,,,66.55689682450324,0.1998220422815999,0.2700304645367569,0.23923479914303677,0.017499873743669268,0.20683554659798548,0.23947239535102186,0.2638004022614224,0.039928848581589495,0.07291645177793672,True,True,True,True,1.3877787807814457e-17,0.0
20260763,n1_reference,1,True,,,,89.81344287213601,0.19293230250289936,0.267978010054685,0.2373468169556093,0.020438025579352443,0.19842633501389054,0.2419484108768597,0.26439268211277767,0.19293230250289936,0.267978010054685,True,True,True,True,,
20260763,n2_scale_matched,2,True,,,,89.81597979195882,0.19280280340586264,0.2728702206597253,0.2394373224390292,0.022104705545067185,0.19834185276133,0.24382001781522844,0.2691305213891545,0.037172921001159716,0.0744581573228872,True,True,True,True,1.3877787807814457e-17,0.0
20260764,n1_reference,1,True,,,,68.95970747153372,0.19822208434731142,0.2626954028558625,0.24045871848901262,0.019750334040817552,0.20280030914274744,0.25068018456094326,0.2586988125101769,0.19822208434731142,0.2626954028558625,True,True,True,True,,
20260764,n2_scale_matched,2,True,,,,68.78908411861258,0.19821411084714569,0.2691843535379873,0.24297363297144167,0.021673187892144608,0.20281204420361595,0.2527378637843363,0.26557935510772984,0.039288833738924556,0.07246021618966414,True,True,True,True,1.3877787807814457e-17,0.0
20260765,n1_reference,1,True,,,,96.28709413287542,0.19860007304790236,0.2678459204767426,0.2336805444274083,0.01549068133206874,0.20273673604532974,0.23706630971890344,0.2608865274288109,0.19860007304790236,0.2678459204767426,True,True,True,True,,
20260765,n2_scale_matched,2,True,,,,96.28738166744998,0.1985951389615592,0.27115213880111505,0.23638870792134306,0.01711339861711264,0.20273239586550076,0.24026557812892788,0.2649105310851745,0.03944002921916101,0.07352348237641916,True,True,True,True,1.3877787807814457e-17,0.0
20260766,n1_reference,1,True,,,,83.80632121547548,0.1998731262249434,0.2655728979234392,0.2443431136310756,0.01645720167116158,0.20995326731409036,0.24871914786574498,0.26231682187021554,0.1998731262249434,0.2655728979234392,True,True,True,True,,
20260766,n2_scale_matched,2,True,,,,83.37429880194205,0.19987308595700765,0.2724985464663113,0.24744393679610133,0.018735322433146535,0.209817642987279,0.2514176920233521,0.26757512373996484,0.03994925048997737,0.07425545782625241,True,True,True,True,1.3877787807814457e-17,0.0
20260767,n1_reference,1,True,,,,96.39115953674646,0.19496880336112754,0.2590949208770246,0.23656744128342405,0.0177451910679131,0.20001680722998852,0.24448603255858375,0.25647592616679776,0.19496880336112754,0.2590949208770246,True,True,True,True,,
20260767,n2_scale_matched,2,True,,,,96.39118637454689,0.1949038771919404,0.2649703819391206,0.2391838241966128,0.01980732800065251,0.2000067851671524,0.24633989855467875,0.2624974340553317,0.03798752134445099,0.07020930330496346,True,True,True,True,1.3877787807814457e-17,0.0
20260768,n1_reference,1,True,,,,58.33402035499879,0.19460613289666,0.2829055729373375,0.24435841548719364,0.02298490193011487,0.20120597346674154,0.2488488266423917,0.27326702400344416,0.19460613289666,0.2829055729373375,True,True,True,True,,
20260768,n2_scale_matched,2,True,,,,58.09596099240426,0.1945313680583776,0.28576478537003447,0.24615520833846471,0.024423389339793676,0.20119301268937625,0.24984419919244366,0.2779072839322446,0.03784245315866397,0.08166151255758186,True,True,True,True,1.3877787807814457e-17,0.0
20260769,n1_reference,1,True,,,,44.17016557382872,0.1975082280106709,0.2577172279550966,0.23770680869391,0.015366865915108403,0.20265419463279732,0.2421263743540023,0.253694952382924,0.1975082280106709,0.2577172279550966,True,True,True,True,,
20260769,n2_scale_matched,2,True,,,,43.82680811575214,0.19749250923583997,0.2638249434445293,0.24082352447041272,0.017519583879287252,0.20264837668189778,0.2438695030245186,0.2597482976045133,0.039003291204268334,0.06960360078350908,True,True,True,True,1.3877787807814457e-17,0.0
20260770,n1_reference,1,True,,,,81.20773213256153,0.1944737328208386,0.26920884318085964,0.2409018630146779,0.023007468568991284,0.20261422872493087,0.24845398482600692,0.2668895470025906,0.1944737328208386,0.26920884318085964,True,True,True,True,,
20260770,n2_scale_matched,2,True,,,,80.77770679414289,0.19439519831604749,0.27492535251666406,0.24277536999953503,0.024425527392251185,0.20261742801336438,0.2485272472603816,0.27142945068482827,0.037789493128335426,0.07558394945641199,True,True,True,True,1.3877787807814457e-17,0.0
