alignment,target_bank,sample,outcome,cumulative_horizon,cumulative_weight,hac_standard_error,lower_bound,upper_bound
same_date,BoJ,all_events,atm_1m_div,0,-0.2366149124361863,0.09409640132229803,-0.4210404701027125,-0.05218935476966011
same_date,BoJ,all_events,atm_1m_div,1,-0.3128322394302301,0.10381669290899805,-0.5163092185259155,-0.10935526033454471
same_date,BoJ,all_events,atm_1m_div,2,-0.21668075734948444,0.11498800520435339,-0.4420531062041152,0.008691591505146284
same_date,BoJ,all_events,atm_1m_div,3,-0.1444803129791905,0.12901181536238152,-0.3973388246695826,0.10837819871120158
same_date,BoJ,all_events,atm_1m_div,4,-0.2532906225980553,0.14524226742617954,-0.5379602357862945,0.03137899059018384
same_date,BoJ,all_events,atm_1m_div,5,-0.33684392688346054,0.15766143079149622,-0.6458546529858389,-0.027833200781082146
same_date,BoJ,all_events,atm_1m_div,6,-0.3043490165553138,0.1801006804944593,-0.6573398639155997,0.048641830804972086
same_date,BoJ,all_events,atm_1m_div,7,-0.28274158794500914,0.1996285265200699,-0.6740063102111344,0.10852313432111615
same_date,BoJ,all_events,atm_1m_div,8,-0.2453102195365887,0.20667075303369123,-0.6503774521403844,0.1597570130672071
same_date,BoJ,all_events,atm_1m_div,9,-0.21175049512891794,0.22547748350577904,-0.6536782421249567,0.23017725186712087
same_date,BoJ,all_events,atm_1m_div,10,-0.1742714567400301,0.2321303699035409,-0.6292386214689183,0.280695707988858
same_date,BoJ,all_events,atm_1m_dlogiv,0,-0.023538607491698664,0.008344451250615604,-0.039893431413655006,-0.0071837835697423184
same_date,BoJ,all_events,atm_1m_dlogiv,1,-0.027755756117966754,0.009511724517028511,-0.046398393602208765,-0.009113118633724746
same_date,BoJ,all_events,atm_1m_dlogiv,2,-0.01476003469359696,0.011080711678129553,-0.036477830505802666,0.006957761118608751
same_date,BoJ,all_events,atm_1m_dlogiv,3,-0.0082152469831566,0.012616209324742627,-0.032942562881069865,0.01651206891475666
same_date,BoJ,all_events,atm_1m_dlogiv,4,-0.01734441038366691,0.014658552416444993,-0.04607464518539088,0.011385824418057067
same_date,BoJ,all_events,atm_1m_dlogiv,5,-0.024815282801627016,0.015547926408680267,-0.055288658596918686,0.005658092993664654
same_date,BoJ,all_events,atm_1m_dlogiv,6,-0.018928902222943786,0.017263193465906615,-0.05276413967426701,0.01490633522837944
same_date,BoJ,all_events,atm_1m_dlogiv,7,-0.013829273204746103,0.01906608351964048,-0.05119811022947309,0.02353956381998088
same_date,BoJ,all_events,atm_1m_dlogiv,8,-0.0067302274453951315,0.020501945489301295,-0.046913302217427975,0.03345284732663772
same_date,BoJ,all_events,atm_1m_dlogiv,9,-0.004811377626960314,0.02230245055106656,-0.04852337747403505,0.038900622220114416
same_date,BoJ,all_events,atm_1m_dlogiv,10,-0.00271539104561687,0.023426778050225566,-0.048631032297871184,0.043200250206637446
same_date,BoJ,common_comparison_period,atm_1m_div,0,-0.2422930204830677,0.1853970144379211,-0.6056644916226355,0.12107845065650005
same_date,BoJ,common_comparison_period,atm_1m_div,1,-0.21315824213569678,0.20766232078863445,-0.6201689118274125,0.1938524275560189
same_date,BoJ,common_comparison_period,atm_1m_div,2,-0.05172440517570073,0.23228403319200613,-0.5069927444157267,0.4035439340643252
same_date,BoJ,common_comparison_period,atm_1m_div,3,0.09042984382880737,0.2745207913012964,-0.4476210201291554,0.6284807077867701
same_date,BoJ,common_comparison_period,atm_1m_div,4,-0.043836848302792525,0.30851743138695065,-0.6485199024240065,0.5608462058184214
same_date,BoJ,common_comparison_period,atm_1m_div,5,-0.12471399810660927,0.3371442329623467,-0.7855045523081723,0.5360765560949539
same_date,BoJ,common_comparison_period,atm_1m_div,6,-0.12245412911244352,0.3707020784176592,-0.8490168518051784,0.6041085935802912
same_date,BoJ,common_comparison_period,atm_1m_div,7,-0.1656899312187638,0.39356637757011187,-0.9370658567820545,0.6056859943445267
same_date,BoJ,common_comparison_period,atm_1m_div,8,-0.17743906265139764,0.4261098448801617,-1.0125990120744408,0.6577208867716454
same_date,BoJ,common_comparison_period,atm_1m_div,9,-0.1301361603537788,0.4520323950865219,-1.0161033745687178,0.7558310538611601
same_date,BoJ,common_comparison_period,atm_1m_div,10,-0.07247276299308984,0.4726637413704075,-0.9988766728770178,0.8539311468908382
same_date,BoJ,post_window_clean,atm_1m_div,0,-0.27265684486102315,0.10633169300805814,-0.4810631335719808,-0.06425055615006545
same_date,BoJ,post_window_clean,atm_1m_div,1,-0.3961788100716807,0.1145693950582206,-0.6207306981163281,-0.17162692202703328
same_date,BoJ,post_window_clean,atm_1m_div,2,-0.29128254594498726,0.12371900908589302,-0.5337673479563146,-0.048797743933659904
same_date,BoJ,post_window_clean,atm_1m_div,3,-0.26294797610581433,0.13412939293113818,-0.5258367555190593,-5.919669256942983e-05
same_date,BoJ,post_window_clean,atm_1m_div,4,-0.34315879587427245,0.15312671065120226,-0.6432816338217064,-0.0430359579268384
same_date,BoJ,post_window_clean,atm_1m_div,5,-0.42531995049475274,0.16722423247896834,-0.7530734234958748,-0.09756647749363068
same_date,BoJ,post_window_clean,atm_1m_div,6,-0.3590344183434033,0.19325400417347363,-0.7378053063915545,0.01973646970474785
same_date,BoJ,post_window_clean,atm_1m_div,7,-0.30801204559816014,0.2140586709551981,-0.727559331248847,0.11153524005252669
same_date,BoJ,post_window_clean,atm_1m_div,8,-0.2451024023656949,0.2165046113133218,-0.6694436430266371,0.1792388382952473
same_date,BoJ,post_window_clean,atm_1m_div,9,-0.20747013376258233,0.2370382038998702,-0.672056476366377,0.2571162088412123
same_date,BoJ,post_window_clean,atm_1m_div,10,-0.17959915501024076,0.24110973976709432,-0.6521655612755575,0.29296725125507594
same_date,BoJ,strict_full_window_clean,atm_1m_div,0,-0.16805748238055687,0.13184061161140942,-0.4264603328386455,0.09034536807753171
same_date,BoJ,strict_full_window_clean,atm_1m_div,1,-0.2963211749089536,0.13663319660182027,-0.5641173193410944,-0.028525030476812763
same_date,BoJ,strict_full_window_clean,atm_1m_div,2,-0.240823051749461,0.14900861097531914,-0.5328745626474183,0.051228459148496275
same_date,BoJ,strict_full_window_clean,atm_1m_div,3,-0.17961131078503323,0.1597669685307656,-0.4927488150244694,0.13352619345440292
same_date,BoJ,strict_full_window_clean,atm_1m_div,4,-0.241568700354986,0.18470019415871464,-0.603574428843612,0.12043702813363999
same_date,BoJ,strict_full_window_clean,atm_1m_div,5,-0.3235734514449889,0.20281628024060308,-0.7210860561949426,0.07393915330496481
same_date,BoJ,strict_full_window_clean,atm_1m_div,6,-0.24931736644896751,0.23715962223166953,-0.7141416846101517,0.21550695171221668
same_date,BoJ,strict_full_window_clean,atm_1m_div,7,-0.18664786622392315,0.27167278809637163,-0.7191167464723788,0.34582101402453247
same_date,BoJ,strict_full_window_clean,atm_1m_div,8,-0.0924291587946603,0.2668704602045327,-0.6154856493331597,0.43062733174383916
same_date,BoJ,strict_full_window_clean,atm_1m_div,9,0.00038076458274971525,0.29523266306414025,-0.5782646220827979,0.5790261512482974
same_date,BoJ,strict_full_window_clean,atm_1m_div,10,-0.015373586028880629,0.29261213672776765,-0.5888828354545994,0.5581356633968382
same_date,FOMC,all_events,atm_1m_div,0,-0.25128272247260014,0.10664366487562406,-0.4603004648081767,-0.04226498013702357
same_date,FOMC,all_events,atm_1m_div,1,-0.07625428477243831,0.17768072101532975,-0.4245020987095841,0.27199352916470754
same_date,FOMC,all_events,atm_1m_div,2,-0.26966953622165046,0.20592585519135254,-0.6732767958823008,0.1339377234389999
same_date,FOMC,all_events,atm_1m_div,3,-0.3532771467525962,0.25971691255943014,-0.8623129415450037,0.15575864803981126
same_date,FOMC,all_events,atm_1m_div,4,-0.523961606146242,0.2740039099979671,-1.0609994013653972,0.013076189072913191
same_date,FOMC,all_events,atm_1m_div,5,-0.4820078912702924,0.3128417434456773,-1.0951664412845226,0.13115065874393772
same_date,FOMC,all_events,atm_1m_div,6,-0.19918413438616156,0.3380000022143953,-0.8616519655008166,0.46328369672849345
same_date,FOMC,all_events,atm_1m_div,7,-0.19576225066999364,0.3673080612461985,-0.9156728219437553,0.524148320603768
same_date,FOMC,all_events,atm_1m_div,8,-0.0717525806758526,0.3889085008872844,-0.8339992356963728,0.6904940743446675
same_date,FOMC,all_events,atm_1m_div,9,-0.10819886232065687,0.40626718897103514,-0.9044679208041921,0.6880701961628783
same_date,FOMC,all_events,atm_1m_div,10,-0.11666507601162102,0.4423945247695297,-0.9837424115175881,0.7504122594943461
same_date,FOMC,all_events,atm_1m_dlogiv,0,-0.02625985197873253,0.010176250374617685,-0.04620493621064488,-0.006314767746820181
same_date,FOMC,all_events,atm_1m_dlogiv,1,-0.01271250720140431,0.016801282933249694,-0.04564241664464028,0.02021740224183166
same_date,FOMC,all_events,atm_1m_dlogiv,2,-0.03132831630513848,0.01926041788177621,-0.06907804168061005,0.0064214090703330895
same_date,FOMC,all_events,atm_1m_dlogiv,3,-0.04295443698747169,0.023091897317148672,-0.08821372406377895,0.002304850088835554
same_date,FOMC,all_events,atm_1m_dlogiv,4,-0.0611549561439889,0.024523725554737377,-0.10922057499801739,-0.01308933728996041
same_date,FOMC,all_events,atm_1m_dlogiv,5,-0.05640136232661456,0.027838460154284712,-0.11096374161406444,-0.001838983039164667
same_date,FOMC,all_events,atm_1m_dlogiv,6,-0.02986507416522129,0.030005729161867164,-0.08867522265234254,0.028945074321899956
same_date,FOMC,all_events,atm_1m_dlogiv,7,-0.031825137896751676,0.03239319780174831,-0.09531463893225867,0.031664363138755314
same_date,FOMC,all_events,atm_1m_dlogiv,8,-0.017872190422803955,0.034474382738056676,-0.08544073897864252,0.04969635813303461
same_date,FOMC,all_events,atm_1m_dlogiv,9,-0.019574939464116262,0.03642898969799536,-0.09097444726536585,0.05182456833713334
same_date,FOMC,all_events,atm_1m_dlogiv,10,-0.02205057587703316,0.039581451150430866,-0.099628794587707,0.055527642833640686
same_date,FOMC,common_comparison_period,atm_1m_div,0,-0.25128272247260014,0.10664366487562406,-0.4603004648081767,-0.04226498013702357
same_date,FOMC,common_comparison_period,atm_1m_div,1,-0.07625428477243831,0.17768072101532975,-0.4245020987095841,0.27199352916470754
same_date,FOMC,common_comparison_period,atm_1m_div,2,-0.26966953622165046,0.20592585519135254,-0.6732767958823008,0.1339377234389999
same_date,FOMC,common_comparison_period,atm_1m_div,3,-0.3532771467525962,0.25971691255943014,-0.8623129415450037,0.15575864803981126
same_date,FOMC,common_comparison_period,atm_1m_div,4,-0.523961606146242,0.2740039099979671,-1.0609994013653972,0.013076189072913191
same_date,FOMC,common_comparison_period,atm_1m_div,5,-0.4820078912702924,0.3128417434456773,-1.0951664412845226,0.13115065874393772
same_date,FOMC,common_comparison_period,atm_1m_div,6,-0.19918413438616156,0.3380000022143953,-0.8616519655008166,0.46328369672849345
same_date,FOMC,common_comparison_period,atm_1m_div,7,-0.19576225066999364,0.3673080612461985,-0.9156728219437553,0.524148320603768
same_date,FOMC,common_comparison_period,atm_1m_div,8,-0.0717525806758526,0.3889085008872844,-0.8339992356963728,0.6904940743446675
same_date,FOMC,common_comparison_period,atm_1m_div,9,-0.10819886232065687,0.40626718897103514,-0.9044679208041921,0.6880701961628783
same_date,FOMC,common_comparison_period,atm_1m_div,10,-0.11666507601162102,0.4423945247695297,-0.9837424115175881,0.7504122594943461
same_date,FOMC,post_window_clean,atm_1m_div,0,-0.4011173793080123,0.14501822707956483,-0.6853478814858027,-0.11688687713022183
same_date,FOMC,post_window_clean,atm_1m_div,1,-0.21051923226914204,0.21594062710772877,-0.6337550841992725,0.21271661966098837
same_date,FOMC,post_window_clean,atm_1m_div,2,-0.38197878872632685,0.25868813906902943,-0.8889982245292994,0.12504064707664575
same_date,FOMC,post_window_clean,atm_1m_div,3,-0.5924318751641796,0.30321214320105216,-1.186716755513427,0.001853005185067702
same_date,FOMC,post_window_clean,atm_1m_div,4,-0.8327261939849416,0.3328176630311259,-1.4850368269447183,-0.18041556102516498
same_date,FOMC,post_window_clean,atm_1m_div,5,-0.6891420781534676,0.37425567579852126,-1.422669723728248,0.04438556742131261
same_date,FOMC,post_window_clean,atm_1m_div,6,-0.38451029429092265,0.39322660400268356,-1.155220275899155,0.3861996873173098
same_date,FOMC,post_window_clean,atm_1m_div,7,-0.32521286220974926,0.4295617061758719,-1.167138335452012,0.5167126110325133
same_date,FOMC,post_window_clean,atm_1m_div,8,-0.3099238850297984,0.440006866555475,-1.1723214964288273,0.5524737263692305
same_date,FOMC,post_window_clean,atm_1m_div,9,-0.39573704211546024,0.44304116467071647,-1.26408176853872,0.47260768430779954
same_date,FOMC,post_window_clean,atm_1m_div,10,-0.3820587808090983,0.4720406266904447,-1.307241408362061,0.5431238467438645
next_observation,BoJ,all_events,atm_1m_div,0,-0.08465642307473566,0.06277399596270954,-0.2076911943273057,0.03837834817783441
next_observation,BoJ,all_events,atm_1m_div,1,0.003752825669068538,0.09481836100400372,-0.18208774697189076,0.18959339831002783
next_observation,BoJ,all_events,atm_1m_div,2,0.06844885208159351,0.10967975894841783,-0.14651952529033424,0.28341722945352127
next_observation,BoJ,all_events,atm_1m_div,3,-0.046234074222478536,0.1333609969650965,-0.307616825216416,0.21514867677145888
next_observation,BoJ,all_events,atm_1m_div,4,-0.1380977181528239,0.14788803423056193,-0.427952938989144,0.1517575026834962
next_observation,BoJ,all_events,atm_1m_div,5,-0.11172880751982547,0.18302939401359186,-0.4704598278986466,0.24700221285899568
next_observation,BoJ,all_events,atm_1m_div,6,-0.0961103660652402,0.20696425750370617,-0.5017528568595668,0.30953212472908637
next_observation,BoJ,all_events,atm_1m_div,7,-0.06407124347967759,0.21474586694182712,-0.4849654085144777,0.3568229215551226
next_observation,BoJ,all_events,atm_1m_div,8,-0.032004027931403126,0.23497195460538656,-0.4925405963349286,0.42853254047212236
next_observation,BoJ,all_events,atm_1m_div,9,5.382692879234152e-05,0.24431737119703847,-0.4787994214148934,0.4789070752724781
next_observation,BoJ,all_events,atm_1m_div,10,-0.0066922752971033716,0.2716564305628354,-0.539129095368952,0.5257445447747453
next_observation,BoJ,all_events,atm_1m_dlogiv,0,-0.004486443464512795,0.005250774396881673,-0.014777772173345614,0.005804885244320024
next_observation,BoJ,all_events,atm_1m_dlogiv,1,0.008262763934882546,0.008261156071583339,-0.00792880443608475,0.02445433230584984
next_observation,BoJ,all_events,atm_1m_dlogiv,2,0.014587345952494023,0.010114524235586085,-0.005236757270011678,0.03441144917499972
next_observation,BoJ,all_events,atm_1m_dlogiv,3,0.00535353370578031,0.012465911553087747,-0.019079203972732772,0.029786271384293392
next_observation,BoJ,all_events,atm_1m_dlogiv,4,-0.002379624553532185,0.013265883454133981,-0.02838027834673988,0.02362102923967551
next_observation,BoJ,all_events,atm_1m_dlogiv,5,0.0034160121182518254,0.01568397215741278,-0.027324008444805353,0.034156032681309005
next_observation,BoJ,all_events,atm_1m_dlogiv,6,0.008389420278884493,0.017736212706219143,-0.026372917847445755,0.04315175840521474
next_observation,BoJ,all_events,atm_1m_dlogiv,7,0.015420285381341686,0.01922440330671151,-0.02225885272408456,0.05309942348676793
next_observation,BoJ,all_events,atm_1m_dlogiv,8,0.01751514715820823,0.021115781115139093,-0.023871023332894276,0.05890131764931074
next_observation,BoJ,all_events,atm_1m_dlogiv,9,0.01953383544478181,0.022378975110939472,-0.024328149783576603,0.06339582067314023
next_observation,BoJ,all_events,atm_1m_dlogiv,10,0.0212357316281977,0.0249393132132952,-0.02764442406902343,0.07011588732541883
next_observation,BoJ,common_comparison_period,atm_1m_div,0,0.014389612005137171,0.08320802796656854,-0.14869512603393426,0.17747435004420858
next_observation,BoJ,common_comparison_period,atm_1m_div,1,0.16381368813650393,0.1383467031934908,-0.10734086750258304,0.4349682437755909
next_observation,BoJ,common_comparison_period,atm_1m_div,2,0.28999598433848056,0.1832679164223706,-0.06920253137105264,0.6491945000480137
next_observation,BoJ,common_comparison_period,atm_1m_div,3,0.13956850456926626,0.21314976523252804,-0.278197358599645,0.5573343677381775
next_observation,BoJ,common_comparison_period,atm_1m_div,4,0.04182463185115261,0.2343006867074663,-0.41739627564847126,0.5010455393507764
next_observation,BoJ,common_comparison_period,atm_1m_div,5,0.0251323137625639,0.27613167109476744,-0.5160758165740253,0.5663404440991531
next_observation,BoJ,common_comparison_period,atm_1m_div,6,-0.03493398784702732,0.30278886883354655,-0.6283892656803847,0.5585212899863301
next_observation,BoJ,common_comparison_period,atm_1m_div,7,-0.06251003634952604,0.3433822051101351,-0.735526791297318,0.610506718598266
next_observation,BoJ,common_comparison_period,atm_1m_div,8,-0.03722975514115616,0.3684851890865628,-0.7594474545872311,0.6849879443049188
next_observation,BoJ,common_comparison_period,atm_1m_div,9,0.004090509335201817,0.3894815038246836,-0.7592792108056563,0.76746022947606
next_observation,BoJ,common_comparison_period,atm_1m_div,10,-0.10025562770972778,0.42077903043232595,-0.9249673728067472,0.7244561173872918
next_observation,BoJ,post_window_clean,atm_1m_div,0,-0.1322491584945758,0.06939560618802157,-0.26826204730841924,0.003763730319267633
next_observation,BoJ,post_window_clean,atm_1m_div,1,-0.03582312107366514,0.1098755187228387,-0.25117518055307947,0.17952893840574918
next_observation,BoJ,post_window_clean,atm_1m_div,2,-0.015168088121237489,0.12300281260145186,-0.256249170817206,0.22591299457473105
next_observation,BoJ,post_window_clean,atm_1m_div,3,-0.1026740053811333,0.15039392855042963,-0.39744068883345746,0.19209267807119085
next_observation,BoJ,post_window_clean,atm_1m_div,4,-0.1943478222293307,0.1647389702997307,-0.5172302708670076,0.1285346264083462
next_observation,BoJ,post_window_clean,atm_1m_div,5,-0.13711602782865662,0.20303378098753758,-0.5350549262092125,0.26082287055189923
next_observation,BoJ,post_window_clean,atm_1m_div,6,-0.09308914731361417,0.22717736068309702,-0.5383485923553377,0.3521702977281094
next_observation,BoJ,post_window_clean,atm_1m_div,7,-0.03651036762337875,0.2274841965332841,-0.4823711998806347,0.40935046463387725
next_observation,BoJ,post_window_clean,atm_1m_div,8,-0.00021042077867771541,0.24783576767168208,-0.4859595994959975,0.48553875793864204
next_observation,BoJ,post_window_clean,atm_1m_div,9,0.022482716381009425,0.2538824540797031,-0.4751177499218391,0.5200831826838579
next_observation,BoJ,post_window_clean,atm_1m_div,10,0.04976540049632618,0.2812953419374491,-0.5015633387199383,0.6010941397125906
next_observation,BoJ,strict_full_window_clean,atm_1m_div,0,-0.1346799889579074,0.08436219434067051,-0.30002685152238584,0.030666873606571027
next_observation,BoJ,strict_full_window_clean,atm_1m_div,1,-0.08649139421221672,0.12715336539073235,-0.335707410891107,0.1627246224666736
next_observation,BoJ,strict_full_window_clean,atm_1m_div,2,-0.031529031517730066,0.13549932992969171,-0.2971028381092287,0.23404477507376859
next_observation,BoJ,strict_full_window_clean,atm_1m_div,3,-0.09913004263344283,0.1793097561917185,-0.45057070684585937,0.2523106215789737
next_observation,BoJ,strict_full_window_clean,atm_1m_div,4,-0.18951589155144508,0.19569698105367314,-0.5730749262998512,0.19404314319696106
next_observation,BoJ,strict_full_window_clean,atm_1m_div,5,-0.12144298824715014,0.2523784992796183,-0.6160957573074564,0.37320978081315614
next_observation,BoJ,strict_full_window_clean,atm_1m_div,6,-0.06611307856376619,0.2914460382354608,-0.6373368169421372,0.5051106598146047
next_observation,BoJ,strict_full_window_clean,atm_1m_div,7,0.021987198498704147,0.28107554303344495,-0.5289107427818709,0.5728851397792791
next_observation,BoJ,strict_full_window_clean,atm_1m_div,8,0.10912420351937144,0.3089588938074887,-0.4964241010466248,0.7146725080853678
next_observation,BoJ,strict_full_window_clean,atm_1m_div,9,0.0849431066105458,0.30551505342728247,-0.5138553948417417,0.6837416080628334
next_observation,BoJ,strict_full_window_clean,atm_1m_div,10,0.05178642411732388,0.322317536198877,-0.5799443384181427,0.6835171866527906
next_observation,FOMC,all_events,atm_1m_div,0,0.20245661264132006,0.10822592673941103,-0.009662305961390116,0.41457553124403024
next_observation,FOMC,all_events,atm_1m_div,1,0.015264925029864596,0.1402198353616579,-0.25956090219711325,0.29009075225684244
next_observation,FOMC,all_events,atm_1m_div,2,-0.05828906645761277,0.20061223154458285,-0.45148181514319446,0.3349036822279689
next_observation,FOMC,all_events,atm_1m_div,3,-0.21663509290201222,0.22458830872177143,-0.656820089345435,0.22354990354141058
next_observation,FOMC,all_events,atm_1m_div,4,-0.14175839248430938,0.25129183514773595,-0.6342813389828348,0.350764554014216
next_observation,FOMC,all_events,atm_1m_div,5,0.16792078521361853,0.28422247347337554,-0.38914502639107307,0.7249865968183101
next_observation,FOMC,all_events,atm_1m_div,6,0.18721451960268784,0.3189270845328541,-0.43787107977605033,0.8123001189814261
next_observation,FOMC,all_events,atm_1m_div,7,0.32552433754504384,0.3403302036473546,-0.341510604454935,0.9925592795450227
next_observation,FOMC,all_events,atm_1m_div,8,0.29917826008182735,0.3553955135357019,-0.3973841467152466,0.9957406668789013
next_observation,FOMC,all_events,atm_1m_div,9,0.32458273229347273,0.38588092450332756,-0.43172998205404806,1.0808954466409935
next_observation,FOMC,all_events,atm_1m_div,10,0.37647124644479957,0.401070137507288,-0.4096117783439903,1.1625542712335895
next_observation,FOMC,all_events,atm_1m_dlogiv,0,0.016010553887586283,0.010441432802317862,-0.0044542783519512935,0.03647538612712386
next_observation,FOMC,all_events,atm_1m_dlogiv,1,-0.0021222463076314008,0.013563900576685203,-0.028707002927815736,0.024462510312552935
next_observation,FOMC,all_events,atm_1m_dlogiv,2,-0.012945760725509509,0.017995938431714074,-0.04821715191966834,0.022325630468649327
next_observation,FOMC,all_events,atm_1m_dlogiv,3,-0.030113919287377,0.02056803898204796,-0.07042653492480577,0.010198696350051766
next_observation,FOMC,all_events,atm_1m_dlogiv,4,-0.022163276617098132,0.022990881699496184,-0.06722457672093043,0.022898023486734177
next_observation,FOMC,all_events,atm_1m_dlogiv,5,0.006741518124362279,0.02589809849028815,-0.04401782218467225,0.057500858433396806
next_observation,FOMC,all_events,atm_1m_dlogiv,6,0.006172853003331522,0.02874507152911943,-0.05016645192676871,0.06251215793343176
next_observation,FOMC,all_events,atm_1m_dlogiv,7,0.021348328291920016,0.030728301258328823,-0.038878035480499645,0.08157469206433968
next_observation,FOMC,all_events,atm_1m_dlogiv,8,0.02056344490090192,0.03247191589818942,-0.043080340768561196,0.08420723057036504
next_observation,FOMC,all_events,atm_1m_dlogiv,9,0.021484251513527328,0.035231588290622624,-0.047568392654234196,0.09053689568128885
next_observation,FOMC,all_events,atm_1m_dlogiv,10,0.025993787998393962,0.036956910873366444,-0.046440426293258986,0.09842800229004692
next_observation,FOMC,common_comparison_period,atm_1m_div,0,0.20245661264132006,0.10822592673941103,-0.009662305961390116,0.41457553124403024
next_observation,FOMC,common_comparison_period,atm_1m_div,1,0.015264925029864596,0.1402198353616579,-0.25956090219711325,0.29009075225684244
next_observation,FOMC,common_comparison_period,atm_1m_div,2,-0.05828906645761277,0.20061223154458285,-0.45148181514319446,0.3349036822279689
next_observation,FOMC,common_comparison_period,atm_1m_div,3,-0.21663509290201222,0.22458830872177143,-0.656820089345435,0.22354990354141058
next_observation,FOMC,common_comparison_period,atm_1m_div,4,-0.14175839248430938,0.25129183514773595,-0.6342813389828348,0.350764554014216
next_observation,FOMC,common_comparison_period,atm_1m_div,5,0.16792078521361853,0.28422247347337554,-0.38914502639107307,0.7249865968183101
next_observation,FOMC,common_comparison_period,atm_1m_div,6,0.18721451960268784,0.3189270845328541,-0.43787107977605033,0.8123001189814261
next_observation,FOMC,common_comparison_period,atm_1m_div,7,0.32552433754504384,0.3403302036473546,-0.341510604454935,0.9925592795450227
next_observation,FOMC,common_comparison_period,atm_1m_div,8,0.29917826008182735,0.3553955135357019,-0.3973841467152466,0.9957406668789013
next_observation,FOMC,common_comparison_period,atm_1m_div,9,0.32458273229347273,0.38588092450332756,-0.43172998205404806,1.0808954466409935
next_observation,FOMC,common_comparison_period,atm_1m_div,10,0.37647124644479957,0.401070137507288,-0.4096117783439903,1.1625542712335895
next_observation,FOMC,post_window_clean,atm_1m_div,0,0.23307281773097002,0.13148394254352508,-0.02463097419966584,0.49077660966160586
next_observation,FOMC,post_window_clean,atm_1m_div,1,0.07827664335365206,0.18820575800307976,-0.29059986401543514,0.4471531507227393
next_observation,FOMC,post_window_clean,atm_1m_div,2,-0.10262918517709282,0.24211278793340377,-0.577161529723135,0.37190315936894924
next_observation,FOMC,post_window_clean,atm_1m_div,3,-0.31623889858048426,0.2704459566856562,-0.8463032334488353,0.21382543628786677
next_observation,FOMC,post_window_clean,atm_1m_div,4,-0.1247890692724074,0.301676441304973,-0.7160640292143498,0.46648589066953494
next_observation,FOMC,post_window_clean,atm_1m_div,5,0.2208250436674022,0.351921322479094,-0.46892807378330925,0.9105781611181136
next_observation,FOMC,post_window_clean,atm_1m_div,6,0.30901610867015616,0.4022660281695839,-0.4794108187461814,1.0974430360864937
next_observation,FOMC,post_window_clean,atm_1m_div,7,0.35297757880118485,0.40877313376956176,-0.4482030412347079,1.1541581988370777
next_observation,FOMC,post_window_clean,atm_1m_div,8,0.2734443324505778,0.40831224859462284,-0.5268329692414262,1.073721634142582
next_observation,FOMC,post_window_clean,atm_1m_div,9,0.3197696173679938,0.4362352045897799,-0.5352356724164133,1.174774907152401
next_observation,FOMC,post_window_clean,atm_1m_div,10,0.31305689417302746,0.43922913734665764,-0.5478163959869946,1.1739301843330496
same_date,BoJ,early_events,atm_1m_div,0,-0.25379238578609303,0.1277274324225196,-0.5041335531719981,-0.0034512184001879165
same_date,BoJ,early_events,atm_1m_div,1,-0.40204890572191626,0.1348675132299201,-0.6663843743370317,-0.1377134371068009
same_date,BoJ,early_events,atm_1m_div,2,-0.3171368092513671,0.15293143601118736,-0.616876915937278,-0.01739670256545628
same_date,BoJ,early_events,atm_1m_div,3,-0.23861051676048406,0.1665725353630305,-0.5650866868855393,0.08786565336457125
same_date,BoJ,early_events,atm_1m_div,4,-0.2920831760659891,0.1845292546572914,-0.6537538692882903,0.06958751715631212
same_date,BoJ,early_events,atm_1m_div,5,-0.3967715065568984,0.2012637792624035,-0.7912412653036178,-0.002301747810179
same_date,BoJ,early_events,atm_1m_div,6,-0.3327671477073065,0.23443148604722272,-0.7922444172020546,0.12671012178744162
same_date,BoJ,early_events,atm_1m_div,7,-0.29935641871308016,0.26389675603551244,-0.8165845561796234,0.21787171875346312
same_date,BoJ,early_events,atm_1m_div,8,-0.24298556926346343,0.2561612936445496,-0.7450524790399558,0.25908134051302895
same_date,BoJ,early_events,atm_1m_div,9,-0.16938731965616632,0.2848690081860095,-0.7277203160123755,0.3889456767000428
same_date,BoJ,early_events,atm_1m_div,10,-0.14133371462199876,0.28368431583928394,-0.6973447566458656,0.41467732740186813
same_date,BoJ,late_events,atm_1m_div,0,-0.2109232028625852,0.13689610645624878,-0.4792346411405866,0.05738823541541621
same_date,BoJ,late_events,atm_1m_div,1,-0.2045664642413083,0.15573111908882822,-0.5097938489275213,0.10066092044490471
same_date,BoJ,late_events,atm_1m_div,2,-0.08798437128671627,0.16524300998137148,-0.4118547195471881,0.23588597697375557
same_date,BoJ,late_events,atm_1m_div,3,-0.015471358301094168,0.19009870707851034,-0.38805797768259365,0.35711526108040526
same_date,BoJ,late_events,atm_1m_div,4,-0.1749348225614006,0.21459239830146545,-0.5955281945883356,0.24565854946553436
same_date,BoJ,late_events,atm_1m_div,5,-0.23522415867666552,0.22702383489650402,-0.6801826987059687,0.2097343813526376
same_date,BoJ,late_events,atm_1m_div,6,-0.23360625422916734,0.24486151950111892,-0.7135260136510994,0.24631350519276465
same_date,BoJ,late_events,atm_1m_div,7,-0.224062410850716,0.2639819547778213,-0.7414575347837128,0.2933327130822808
same_date,BoJ,late_events,atm_1m_div,8,-0.20689188464671968,0.29050523546046264,-0.776271683469539,0.3624879141760996
same_date,BoJ,late_events,atm_1m_div,9,-0.21910664664600493,0.309068036026,-0.8248688660294763,0.38665557273746637
same_date,BoJ,late_events,atm_1m_div,10,-0.17334612690292195,0.32293833866592747,-0.8062936399153211,0.4596013861094772
same_date,FOMC,early_events,atm_1m_div,0,-0.42545031285578316,0.12503000142637943,-0.6705046126384717,-0.18039601307309464
same_date,FOMC,early_events,atm_1m_div,1,-0.0877607418909418,0.22723978052059557,-0.5331425275660834,0.3576210437841998
same_date,FOMC,early_events,atm_1m_div,2,-0.3983351714451992,0.23804877935355687,-0.8649022055418798,0.0682318626514814
same_date,FOMC,early_events,atm_1m_div,3,-0.4850066668465686,0.26155750307769676,-0.9976499527650644,0.027636619071927215
same_date,FOMC,early_events,atm_1m_div,4,-0.514460461450639,0.29440549896521556,-1.0914846362729897,0.06256371337171185
same_date,FOMC,early_events,atm_1m_div,5,-0.5717875197804132,0.33153091661926004,-1.2215761761156967,0.07800113655487029
same_date,FOMC,early_events,atm_1m_div,6,-0.24418321746148342,0.34836048870572706,-0.9269572289614619,0.4385907940384951
same_date,FOMC,early_events,atm_1m_div,7,-0.21044790898182913,0.3864586053333981,-0.9678928569508474,0.5469970389871892
same_date,FOMC,early_events,atm_1m_div,8,-0.03661882547447817,0.40987982737668194,-0.8399685251222471,0.7667308741732908
same_date,FOMC,early_events,atm_1m_div,9,-0.15959950957345959,0.4279068776050032,-0.9982815784162318,0.6790825592693126
same_date,FOMC,early_events,atm_1m_div,10,-0.18332486285586325,0.4590386737265356,-1.083024130870881,0.7163744051591545
same_date,FOMC,late_events,atm_1m_div,0,-0.07512585515584203,0.12228431035540756,-0.31479869932675264,0.16454698901506856
same_date,FOMC,late_events,atm_1m_div,1,-0.048512229551351926,0.19249508979908297,-0.42579567275834773,0.3287712136556439
same_date,FOMC,late_events,atm_1m_div,2,-0.13413003242915,0.24003746462787728,-0.6045948180400837,0.3363347531817837
same_date,FOMC,late_events,atm_1m_div,3,-0.20733698871185735,0.3673187499003784,-0.9272685093628548,0.5125945319391401
same_date,FOMC,late_events,atm_1m_div,4,-0.522858818882919,0.36511799739762696,-1.2384769438896372,0.19275930612379932
same_date,FOMC,late_events,atm_1m_div,5,-0.3805730263780004,0.39889460609528676,-1.1623920879520324,0.40124603519603164
same_date,FOMC,late_events,atm_1m_div,6,-0.14120347236943842,0.4176200069596442,-0.9597236452336853,0.6773167004948084
same_date,FOMC,late_events,atm_1m_div,7,-0.18517074454210528,0.43821847284562176,-1.044063168679644,0.6737216795954334
same_date,FOMC,late_events,atm_1m_div,8,-0.11556229166895007,0.4661066033138645,-1.0291144471203972,0.797989863782497
same_date,FOMC,late_events,atm_1m_div,9,-0.07044060253640202,0.4835797091292938,-1.018239416084147,0.8773582110113429
same_date,FOMC,late_events,atm_1m_div,10,-0.06607243143784998,0.5187489797349815,-1.0828017487352841,0.9506568858595841
next_observation,BoJ,early_events,atm_1m_div,0,-0.15405712652975712,0.08509226636758901,-0.3208349039731159,0.012720650913601694
next_observation,BoJ,early_events,atm_1m_div,1,-0.0762025717572508,0.13005398717461952,-0.3311037026653322,0.17869855915083055
next_observation,BoJ,early_events,atm_1m_div,2,-0.003488999034771831,0.14323545891114897,-0.28422533980968284,0.27724734174013915
next_observation,BoJ,early_events,atm_1m_div,3,-0.0629307170648573,0.17684767865523113,-0.4095457979786136,0.283684363848899
next_observation,BoJ,early_events,atm_1m_div,4,-0.17517765732117058,0.19325921263252108,-0.5539587537614696,0.20360343911912854
next_observation,BoJ,early_events,atm_1m_div,5,-0.1173105008339444,0.24688296554781933,-0.6011922217040999,0.3665712200362111
next_observation,BoJ,early_events,atm_1m_div,6,-0.09124079876513741,0.28116298038553234,-0.6423101141067074,0.4598285165764325
next_observation,BoJ,early_events,atm_1m_div,7,-0.04061595845041718,0.2708708445692728,-0.5715130582681242,0.49028114136728973
next_observation,BoJ,early_events,atm_1m_div,8,0.03205034392114836,0.2990943043036556,-0.5541637204950637,0.6182644083373604
next_observation,BoJ,early_events,atm_1m_div,9,0.052478518681176214,0.30126243114081347,-0.5379849962497799,0.6429420336121324
next_observation,BoJ,early_events,atm_1m_div,10,0.05231297023534537,0.33958074626364454,-0.6132530622846142,0.7178790027553048
next_observation,BoJ,late_events,atm_1m_div,0,-0.0005225227698273938,0.06865126244019784,-0.1350765246458188,0.134031479106164
next_observation,BoJ,late_events,atm_1m_div,1,0.1107546232278794,0.10761608139964353,-0.10016902047274692,0.32167826692850576
next_observation,BoJ,late_events,atm_1m_div,2,0.1759143589735221,0.13868806292142424,-0.09590924943808682,0.447737967385131
next_observation,BoJ,late_events,atm_1m_div,3,0.01139938576036545,0.16216279882273632,-0.3064338595644033,0.3292326310851341
next_observation,BoJ,late_events,atm_1m_div,4,-0.05552476368532741,0.171809282913496,-0.3922647704054232,0.2812152430347684
next_observation,BoJ,late_events,atm_1m_div,5,-0.05896419563419772,0.19676040158513627,-0.444607496324692,0.3266791050562965
next_observation,BoJ,late_events,atm_1m_div,6,-0.05349218274520279,0.22044388825563277,-0.4855542643382033,0.37856989884779774
next_observation,BoJ,late_events,atm_1m_div,7,-0.04113536237526105,0.251965444224803,-0.534978558404497,0.452707833653975
next_observation,BoJ,late_events,atm_1m_div,8,-0.054535099355110944,0.2694938392328718,-0.5827333183069525,0.4736631195967307
next_observation,BoJ,late_events,atm_1m_div,9,-0.013064578192302695,0.2842084071193822,-0.5701028202497735,0.5439736638651682
next_observation,BoJ,late_events,atm_1m_div,10,-0.02883560506952066,0.30695346373395577,-0.630453338917879,0.5727821287788377
next_observation,FOMC,early_events,atm_1m_div,0,0.3708947506037721,0.14245602023390738,0.0916860815644121,0.6501034196431321
next_observation,FOMC,early_events,atm_1m_div,1,0.06864119519102796,0.1842157976071709,-0.29241513350233694,0.42969752388439286
next_observation,FOMC,early_events,atm_1m_div,2,-0.0027602205346245468,0.21451868380383093,-0.4232091148010574,0.4176886737318083
next_observation,FOMC,early_events,atm_1m_div,3,-0.020975068242224948,0.271092522464091,-0.5523066487499442,0.5103565122654943
next_observation,FOMC,early_events,atm_1m_div,4,-0.0468001200829829,0.2901842377093822,-0.6155507748745661,0.5219505347086004
next_observation,FOMC,early_events,atm_1m_div,5,0.30642756875168614,0.31320786105645854,-0.307448558593781,0.9203036960971533
next_observation,FOMC,early_events,atm_1m_div,6,0.35912411763220453,0.3619595634061072,-0.35030359050358817,1.0685518257679973
next_observation,FOMC,early_events,atm_1m_div,7,0.5435137966573005,0.3883243843318748,-0.2175880109518432,1.304615604266444
next_observation,FOMC,early_events,atm_1m_div,8,0.4292061842396204,0.402928317456988,-0.3605188063273759,1.2189311748066167
next_observation,FOMC,early_events,atm_1m_div,9,0.43431748692000305,0.42626631218578004,-0.40114913278680997,1.269784106626816
next_observation,FOMC,early_events,atm_1m_div,10,0.49685036381999187,0.4422805885671001,-0.37000366083267805,1.3637043884726618
next_observation,FOMC,late_events,atm_1m_div,0,0.052532835473985795,0.1094326809205149,-0.16195127786188104,0.2670169488098526
next_observation,FOMC,late_events,atm_1m_div,1,-0.026685949161551425,0.1567303468266694,-0.33387178422628655,0.2804998859031837
next_observation,FOMC,late_events,atm_1m_div,2,-0.09345010362012007,0.29319009832845927,-0.6680921369676415,0.4811919297274013
next_observation,FOMC,late_events,atm_1m_div,3,-0.3952016210304762,0.28559647033048946,-0.9549604169899822,0.16455717492902988
next_observation,FOMC,late_events,atm_1m_div,4,-0.2175618380776738,0.3170046377015141,-0.8388795109047925,0.4037558347494449
next_observation,FOMC,late_events,atm_1m_div,5,0.0541379909288959,0.3461733324699196,-0.6243492731203378,0.7326252549781297
next_observation,FOMC,late_events,atm_1m_div,6,0.023228294017280326,0.36873274646269,-0.6994746089701112,0.7459311970046718
next_observation,FOMC,late_events,atm_1m_div,7,0.1130756648508513,0.39426515612140883,-0.6596698415061504,0.885821171207853
next_observation,FOMC,late_events,atm_1m_div,8,0.17009949416671669,0.4079328763561667,-0.629434251601179,0.9696332399346124
next_observation,FOMC,late_events,atm_1m_div,9,0.21500033173767163,0.4411703472246192,-0.6496776598695884,1.0796783233449316
next_observation,FOMC,late_events,atm_1m_div,10,0.26476652404889395,0.4738333706099961,-0.6639298170198926,1.1934628651176804
