RUN_ID,target,calendar_year,n_forecasts,MAE,RMSE
2026-08-11T02:49:01.489250+00:00,I,2022,244,0.007538993298650584,0.014509293288333934
2026-08-11T02:49:01.489250+00:00,I,2023,240,0.013055046612737643,0.028553990188848882
2026-08-11T02:49:01.489250+00:00,I,2024,219,0.007365600345248827,0.011591797918317064
2026-08-11T02:49:01.489250+00:00,I,2025,208,0.005042223582731021,0.007200979886915562
2026-08-11T02:49:01.489250+00:00,I,2026,97,0.003604075539635572,0.005178361143834204
2026-08-11T02:49:01.489250+00:00,R,2021,35,0.003111403181126232,0.005311005636608814
2026-08-11T02:49:01.489250+00:00,R,2022,258,0.008150920820809527,0.025138392164435704
2026-08-11T02:49:01.489250+00:00,R,2023,256,0.0049272992585680155,0.008811424971069199
2026-08-11T02:49:01.489250+00:00,R,2024,254,0.006155445797078209,0.015378731954674296
2026-08-11T02:49:01.489250+00:00,R,2025,253,0.004062771361060877,0.007710324526416587
2026-08-11T02:49:01.489250+00:00,R,2026,126,0.0038963702326694884,0.007202582361647411
