hidden_episode_id,primary_state,start_day,end_day,peak_day,peak_tail_p,number_of_days,canonical_index,omega_R_consensus,omega_I_prev_consensus,L_R,L_I_prev,Delta_L,common_log_response,R_response_direction,I_response_direction,n_floor_R,n_floor_I_prev,month_end_pair,R_t,I_t,Q_t,usdjpy_model_day_return,abs_usdjpy_model_day_return,previous_model_day,I_prev
E21_PRIMARY_001,REALISED_ONLY,2021-11-25,2021-11-26,2021-11-25,0.002176278563656148,2,4843,0.09083933537060225,0.7418223480305739,-2.3992415765379747,-0.30326503703060725,-2.0959765395073675,-1.351253306784291,BELOW_BACKGROUND,BELOW_BACKGROUND,0,0,False,0.000350011870124,0.00314841074633,3.0758109791086933e-07,-0.0005545999440235,0.0005545999440235,2021-11-24,0.0046142195108773
E21_PRIMARY_002,IMPLIED_ONLY,2021-11-29,2021-11-29,2021-11-29,0.006485056485056484,1,4845,1.0043279264167264,3.551620918592859,0.003468378696908865,1.2672829282693612,-1.2638145495724522,0.6353756534831351,ABOVE_BACKGROUND,ABOVE_BACKGROUND,0,0,False,0.0121634390205455,0.0075228526964424,2.212596513710106e-06,-0.0014874799204393,0.0014874799204393,2021-11-26,0.0142036207332876
E21_PRIMARY_003,REALISED_ONLY,2021-11-30,2021-11-30,2021-11-30,0.014145810663764968,1,4846,4.4408370391712415,0.6495093461230858,1.4903852698258042,-0.43487442135491083,1.925259691180715,0.5277554242354467,ABOVE_BACKGROUND,BELOW_BACKGROUND,0,0,True,0.0292767368681592,0.0092049083157252,9.976040650820298e-06,-0.0031584870825793,0.0031584870825793,2021-11-29,0.0075228526964424
E21_PRIMARY_004,REALISED_ONLY,2021-12-31,2021-12-31,2021-12-31,0.04159403406943696,1,4869,0.1743141329874459,0.5441054612693388,-1.7689070919668863,-0.6121551400667593,-1.156751951900127,-1.1905311160168228,BELOW_BACKGROUND,BELOW_BACKGROUND,0,0,True,0.0004033158549562,0.001167255031339,1.887617084276106e-07,0.0004344671546016,0.0004344671546016,2021-12-30,0.0013310785826225
E21_PRIMARY_005,IMPLIED_ONLY,2022-01-05,2022-01-05,2022-01-05,0.0616711101694416,1,4872,0.7836023866604866,1.4931590042029597,-0.24385354993221275,0.4007351554658087,-0.6445887053980215,0.07844080276679796,BELOW_BACKGROUND,ABOVE_BACKGROUND,0,0,False,0.0027125409369734,0.002671692550222,5.20680259314103e-08,-0.000228184192992,0.000228184192992,2022-01-04,0.0035978590112785
E21_PRIMARY_006,IMPLIED_ONLY,2022-02-14,2022-02-14,2022-02-14,0.03593951093951098,1,4900,1.317628220359111,1.7271521174725044,0.27577008940090986,0.5460917295780974,-0.2703216401771875,0.4109309094895036,ABOVE_BACKGROUND,ABOVE_BACKGROUND,0,0,False,0.0078543313521878,0.0062649310114876,3.046426191649925e-06,0.0017454014414025,0.0017454014414025,2022-02-11,0.0069706710336369
E21_PRIMARY_007,REALISED_ONLY,2022-02-21,2022-02-21,2022-02-21,0.04896626768226333,1,4905,0.19748808049288344,0.8936323421067994,-1.622459328303783,-0.11296557799112042,-1.5094937503126624,-0.8677124531474517,BELOW_BACKGROUND,BELOW_BACKGROUND,0,0,False,0.0006978004674754,0.004503433865806,6.175831889869148e-06,-0.0024851221076376,0.0024851221076376,2022-02-18,0.0042856663933611
E21_PRIMARY_008,REALISED_ONLY,2022-02-24,2022-02-24,2022-02-24,0.016322089227421177,1,4908,4.158782003325124,0.8487878565383359,1.4243012602741756,-0.1646257498104254,1.588927010084601,0.6298377552318751,ABOVE_BACKGROUND,BELOW_BACKGROUND,0,0,False,0.0126007563111237,0.0045407623468612,2.118002832711352e-05,0.0046021764771805,0.0046021764771805,2022-02-23,0.0034505117381713
E21_PRIMARY_009,IMPLIED_ONLY,2022-03-07,2022-03-07,2022-03-07,0.06249106249106251,1,4915,0.3394308172739251,1.421241417328123,-1.0807239981755514,0.34870062545288216,-1.4294246236284336,-0.36601168636133463,BELOW_BACKGROUND,ABOVE_BACKGROUND,0,0,False,0.0018871082813139,0.0060548831384362,9.319513145084892e-06,0.0030527877661385,0.0030527877661385,2022-03-04,0.007165816000538
E21_PRIMARY_010,REALISED_ONLY,2022-03-22,2022-03-22,2022-03-22,0.028291621327529937,1,4926,3.4223351767223757,0.9023093072411623,1.2303024996094654,-0.10626633689406453,1.33656883650353,0.5620180813577004,ABOVE_BACKGROUND,BELOW_BACKGROUND,0,0,False,0.011534284122283,0.0063469276663614,0.00012257603948,0.0110714063912431,0.0110714063912431,2022-03-21,0.0042930838504258
E21_PRIMARY_011,REALISED_ONLY,2022-03-28,2022-03-28,2022-03-28,0.005440696409140355,1,4930,6.0292883922293345,0.7521922556573473,1.7954702014897705,-0.28500962334981494,2.0804798248395855,0.7552302890699778,ABOVE_BACKGROUND,BELOW_BACKGROUND,0,0,False,0.0372506882091119,0.0217118224622934,0.000225972273,0.0150323741637867,0.0150323741637867,2022-03-25,0.0072027055972524
E21_PRIMARY_012,IMPLIED_ONLY,2022-03-29,2022-03-29,2022-03-29,0.010582010582010581,1,4931,2.058154775864855,2.721776072673621,0.7215831552740786,1.0012840813913886,-0.27970092611731,0.8614336183327336,ABOVE_BACKGROUND,ABOVE_BACKGROUND,0,0,False,0.038116052074674,0.0158285273404207,7.042543482040659e-05,-0.008391986345342,0.008391986345342,2022-03-28,0.0217118224622934
E21_PRIMARY_013,IMPLIED_ONLY,2022-04-20,2022-04-20,2022-04-20,0.02177534677534676,1,4947,1.333412431132245,1.985839898718933,0.2876754785517105,0.6852638946629241,-0.39758841611121365,0.4864696866073173,ABOVE_BACKGROUND,ABOVE_BACKGROUND,0,0,False,0.0155501861825062,0.0140539339048339,6.218706110557307e-05,-0.0078858773199672,0.0078858773199672,2022-04-19,0.0177080783610102
E21_PRIMARY_014,IMPLIED_ONLY,2022-06-07,2022-06-07,2022-06-07,0.05760074391887526,1,4981,0.7278169963648571,1.5064404530760667,-0.31788715799269324,0.4096971705187916,-0.7275843285114849,0.04590500626304919,BELOW_BACKGROUND,ABOVE_BACKGROUND,0,0,False,0.0068185526312846,0.0125598284300993,2.9277465821197277e-05,0.0054108655334611,0.0054108655334611,2022-06-06,0.0130737943643389
E21_PRIMARY_015,IMPLIED_ONLY,2022-06-14,2022-06-14,2022-06-14,0.05598938760785255,1,4986,0.6327513677356406,1.4639273776496724,-0.45777618268564413,0.38005569152278595,-0.8378318742084301,-0.03886024558142909,BELOW_BACKGROUND,ABOVE_BACKGROUND,0,0,False,0.0092976286138439,0.0257304681458775,6.135552741511729e-05,0.0078329769190977,0.0078329769190977,2022-06-13,0.0227462791896488
E21_PRIMARY_016,IMPLIED_ONLY,2022-06-20,2022-06-20,2022-06-20,0.009795509795509794,1,4990,0.41508544373503853,0.22463495619798346,-0.8793137488400122,-1.49347405732802,0.6141603084880078,-1.1863939030840163,BELOW_BACKGROUND,BELOW_BACKGROUND,0,0,False,0.0049984753861755,0.014612686307015,1.0071191355269618e-06,0.0010035532549531,0.0010035532549531,2022-06-17,0.0142555376710684
E21_PRIMARY_017,REALISED_ONLY,2022-07-29,2022-07-29,2022-07-29,0.028291621327529826,1,5019,3.371545415300332,1.3653095280867258,1.214486332080622,0.31116242151831114,0.903323910562311,0.7628243767994666,ABOVE_BACKGROUND,ABOVE_BACKGROUND,0,0,True,0.0401541984141228,0.0277858693321594,5.527477261795066e-05,-0.0074347005735235,0.0074347005735235,2022-07-28,0.0133687641151784
E21_PRIMARY_018,IMPLIED_ONLY,2022-08-01,2022-08-01,2022-08-01,0.01948078700025302,1,5020,0.7405981958751843,2.174870961559689,-0.30029706859054084,0.7767282636211988,-1.0770253322117398,0.238215597515329,BELOW_BACKGROUND,ABOVE_BACKGROUND,0,0,True,0.0159171104392694,0.0217995469081694,0.0001594706843624,-0.0126281702697752,0.0126281702697752,2022-07-29,0.0277858693321594
E21_PRIMARY_019,IMPLIED_ONLY,2022-09-07,2022-09-07,2022-09-07,0.02952237952237946,1,5047,1.7471260495166498,1.8256203777859485,0.5579611017386603,0.6017657317590203,-0.04380463002035995,0.5798634167488403,ABOVE_BACKGROUND,ABOVE_BACKGROUND,0,0,False,0.0215965651347307,0.0242904804791811,4.429181420141162e-05,0.0066552095535311,0.0066552095535311,2022-09-06,0.020160770679023
E21_PRIMARY_020,REALISED_ONLY,2022-10-10,2022-10-10,2022-10-10,0.04265338025009208,1,5070,0.20671297238098255,0.6073862253881894,-1.5778321673631077,-0.5003015643842759,-1.0775306029788319,-1.039066865873692,BELOW_BACKGROUND,BELOW_BACKGROUND,0,0,False,0.0010031490694757,0.0084983056942407,6.961952187219796e-06,0.0026385511530421,0.0026385511530421,2022-10-07,0.0065414447119177
E21_PRIMARY_021,JOINT,2022-10-17,2022-10-17,2022-10-17,0.03373231773667029,1,5075,0.1820810556929581,1.482938636003547,-1.7037920453327473,0.39378761845224386,-2.097579663784991,-0.6550022134402518,BELOW_BACKGROUND,ABOVE_BACKGROUND,0,0,False,0.0024405161819748,0.018347872945031,9.997653120530583e-06,0.0031619065641683,0.0031619065641683,2022-10-14,0.0233589335678404
E21_PRIMARY_022,REALISED_ONLY,2022-10-19,2022-10-19,2022-10-19,0.01088139281828074,1,5077,0.12314928606922305,0.7668247940430163,-2.0947968186550527,-0.2656964814946134,-1.8291003371604393,-1.180246650074833,BELOW_BACKGROUND,BELOW_BACKGROUND,0,0,False,0.0011487329782353,0.0142970005832843,1.894247028661452e-05,0.0043522948299276,0.0043522948299276,2022-10-18,0.0154386170825559
E21_PRIMARY_023,IMPLIED_ONLY,2022-10-24,2022-10-24,2022-10-24,0.011910941610607906,1,5080,2.1027518542089387,2.6524482596445553,0.741310436781942,0.97531598781599,-0.23400555103404808,0.8583132122989661,ABOVE_BACKGROUND,ABOVE_BACKGROUND,0,0,False,0.0666494674212528,0.0220343434313161,7.189919952155722e-05,0.0084793395687139,0.0084793395687139,2022-10-21,0.0386707838730545
E21_PRIMARY_024,REALISED_ONLY,2023-01-02,2023-01-02,2023-01-02,0.009793253536452665,1,5130,0.11187375083138425,0.7568206350318205,-2.190414436453798,-0.28047972513005387,-1.9099347113237441,-1.235447080791926,BELOW_BACKGROUND,BELOW_BACKGROUND,0,0,True,0.0011089279225397,0.0245911823567035,4.8635344551531735e-06,-0.0022053422535183,0.0022053422535183,2022-12-30,0.0116188075747172
E21_PRIMARY_025,IMPLIED_ONLY,2023-01-03,2023-01-03,2023-01-03,0.03055011152897702,1,5131,2.114990654252976,1.8056862607544528,0.7485612722116642,0.5891780581382411,0.15938321407342315,0.6688696651749526,ABOVE_BACKGROUND,ABOVE_BACKGROUND,0,0,False,0.0282324198995244,0.0231564512091921,5.539722395294788e-06,0.0023536614869804,0.0023536614869804,2023-01-02,0.0245911823567035
E21_PRIMARY_026,IMPLIED_ONLY,2023-01-19,2023-01-19,2023-01-19,0.030308951888484703,1,5143,0.2550093385119873,0.3089393390541463,-1.3765689488120896,-1.175396745507971,-0.20117220330411856,-1.2759828471600303,BELOW_BACKGROUND,BELOW_BACKGROUND,0,0,False,0.0066254976473925,0.01976024914385,1.50082911087398e-05,-0.0038740535758737,0.0038740535758737,2023-01-18,0.0253282006421514
E21_PRIMARY_027,REALISED_ONLY,2023-02-10,2023-02-10,2023-02-10,0.04896626768226331,1,5159,2.9220046277763343,0.8375000228269492,1.0722698369610455,-0.17733628412721059,1.249606121088256,0.44746677641691746,ABOVE_BACKGROUND,BELOW_BACKGROUND,0,0,False,0.0294784883515836,0.0190947466433406,2.698560477859271e-06,-0.0016427295814769,0.0016427295814769,2023-02-09,0.01462754841206
E21_PRIMARY_028,REALISED_ONLY,2023-03-13,2023-03-13,2023-03-13,0.0380848748639826,1,5180,3.2625854417250864,0.4100954301535681,1.1823697351552682,-0.8944131835453311,2.0767829187005993,0.14397827580496858,ABOVE_BACKGROUND,BELOW_BACKGROUND,0,0,False,0.060905509497882,0.0662945099242139,0.0001110496332881,-0.0105380089812124,0.0105380089812124,2023-03-10,0.0219184555884784
E21_PRIMARY_029,REALISED_ONLY,2023-06-07,2023-06-07,2023-06-07,0.044613710554951,1,5242,2.977334652238599,0.817753816633684,1.09054101888596,-0.20142294190951776,1.2919639607954776,0.4445590384882211,ABOVE_BACKGROUND,BELOW_BACKGROUND,0,0,False,0.0134618714440071,0.0059825632308194,1.204717362805775e-05,0.0034709038632693,0.0034709038632693,2023-06-06,0.0062772455482906
E21_PRIMARY_030,IMPLIED_ONLY,2023-07-31,2023-08-01,2023-07-31,0.010852740552406849,2,5280,0.9995029810675871,0.2640588680698087,-0.0011602650584033626,-1.3320181704242158,1.3308579053658125,-0.6665892177413095,BELOW_BACKGROUND,BELOW_BACKGROUND,0,0,True,0.0109775453184967,0.0090083244015382,9.16843552314075e-05,0.0095751947881705,0.0095751947881705,2023-07-28,0.0127065008328544
E21_PRIMARY_031,REALISED_ONLY,2023-08-29,2023-08-29,2023-08-29,0.04570184983677916,1,5301,2.95169820006845,0.8349800386599033,1.0816109124793463,-0.18037705753462008,1.2619879700139665,0.4506169274723631,ABOVE_BACKGROUND,BELOW_BACKGROUND,0,0,False,0.0120415544212064,0.0070076814834254,2.046998011446545e-05,-0.0045243762127464,0.0045243762127464,2023-08-28,0.0051646686675167
E21_PRIMARY_032,REALISED_ONLY,2023-09-04,2023-09-04,2023-09-04,0.042437431991294884,1,5305,0.19943374496681004,0.6242664242080398,-1.6131143970665933,-0.47200333449875564,-1.1411110625678376,-1.0425588657826745,BELOW_BACKGROUND,BELOW_BACKGROUND,0,0,False,0.0011339196195089,0.007643699802158,4.203247586406192e-06,0.0020501823300395,0.0020501823300395,2023-09-01,0.0057568817570629
E21_PRIMARY_033,REALISED_ONLY,2023-10-03,2023-10-03,2023-10-03,0.042437431991294905,1,5326,2.8979072136529185,0.7522979620366603,1.0638380899910103,-0.28462326723478015,1.3484613572257904,0.38960741137811505,ABOVE_BACKGROUND,BELOW_BACKGROUND,0,0,False,0.010000593673857,0.011324872021981,3.174988592524512e-05,-0.0056347037122856,0.0056347037122856,2023-10-02,0.004684829802906
E21_PRIMARY_034,IMPLIED_ONLY,2023-10-04,2023-10-04,2023-10-04,0.020105820105820182,1,5327,0.4005792591825039,2.0353959066580614,-0.9148688045628443,0.7102963260599793,-1.6251651306228236,-0.10228623925143249,BELOW_BACKGROUND,ABOVE_BACKGROUND,0,0,False,0.0033657098726264,0.0043593917498755,5.544576860168908e-07,0.0007446191550161,0.0007446191550161,2023-10-03,0.011324872021981
E21_PRIMARY_035,REALISED_ONLY,2023-11-17,2023-11-17,2023-11-17,0.044613710554951,1,5359,2.753570931374804,0.6752934080230601,1.012510085227515,-0.3929278498759298,1.405437935103445,0.3097911176757926,ABOVE_BACKGROUND,BELOW_BACKGROUND,0,0,False,0.010519201966974,0.0056473337034908,5.8309299147312736e-05,-0.0076360525893496,0.0076360525893496,2023-11-16,0.00341571322882
E21_PRIMARY_036,IMPLIED_ONLY,2023-11-21,2023-11-21,2023-11-21,0.04235276115142628,1,5361,1.545483643554887,1.4828034221413988,0.43489432602420264,0.391646952513901,0.04324737351030161,0.41327063926905183,ABOVE_BACKGROUND,ABOVE_BACKGROUND,0,0,False,0.010395462931594,0.0089726464601156,1.6349076697703836e-09,4.043399151419983e-05,4.043399151419983e-05,2023-11-20,0.0086175143533445
E21_PRIMARY_037,REALISED_ONLY,2023-12-07,2023-12-07,2023-12-07,0.0043525571273121955,1,5373,6.085332944228103,0.6217539135829526,1.8056693757175388,-0.47524306391506305,2.2809124396326017,0.6652131559012379,ABOVE_BACKGROUND,BELOW_BACKGROUND,0,0,False,0.0282474536341032,0.0279625016078082,0.0004782439329124,-0.0218687890133961,0.0218687890133961,2023-12-06,0.0061269771824106
E21_PRIMARY_038,IMPLIED_ONLY,2023-12-20,2023-12-21,2023-12-20,0.01793534357494313,2,5382,0.5272948408067746,0.24739616604484876,-0.6399960019292411,-1.4150712047899503,0.7750752028607092,-1.0275336033595956,BELOW_BACKGROUND,BELOW_BACKGROUND,0,0,False,0.0057087244633138,0.0069752713648709,3.273521995806149e-06,-0.0018092877039891,0.0018092877039891,2023-12-19,0.0124943843637766
E21_PRIMARY_039,IMPLIED_ONLY,2024-02-29,2024-02-29,2024-02-29,0.035895262814061524,1,5433,2.5433503478619923,1.6670885563192646,0.933468176956628,0.5103652202255813,0.4231029567310467,0.7219166985911046,ABOVE_BACKGROUND,ABOVE_BACKGROUND,0,0,True,0.008581481137762,0.0039472836000551,2.2778279752083452e-05,-0.0047726596099118,0.0047726596099118,2024-02-28,0.0044023865475384
E21_PRIMARY_040,IMPLIED_ONLY,2024-03-18,2024-03-18,2024-03-18,0.05144354588181062,1,5445,1.1401750881323032,0.42263554283634097,0.1309559732648114,-0.8627405506665199,0.9936965239313313,-0.3658922887008542,ABOVE_BACKGROUND,BELOW_BACKGROUND,0,0,False,0.0033521607570227,0.0270840389593247,1.2701262523177835e-06,0.0011269987809744,0.0011269987809744,2024-03-15,0.0031643720847863
E21_PRIMARY_041,REALISED_ONLY,2024-04-09,2024-04-09,2024-04-09,0.028291621327529923,1,5461,0.1588286180602244,0.8366368303027292,-1.840884343265537,-0.1790163775176949,-1.6618679657478421,-1.009950360391616,BELOW_BACKGROUND,BELOW_BACKGROUND,0,0,False,0.0004985147068309,0.0079598470626544,1.2191571887074606e-07,-0.0003491643150019,0.0003491643150019,2024-04-08,0.0038228527434017
E21_PRIMARY_042,IMPLIED_ONLY,2024-04-11,2024-04-11,2024-04-11,0.016348491348491367,1,5463,0.38107824346096286,2.309093167441917,-0.9654133678685126,0.8362107198086445,-1.801624087677157,-0.06460132402993407,BELOW_BACKGROUND,ABOVE_BACKGROUND,0,0,False,0.0034467220396781,0.005912571825968,4.431835499999617e-07,0.0006657203241602,0.0006657203241602,2024-04-10,0.0143247536595134
E21_PRIMARY_043,REALISED_ONLY,2024-04-16,2024-04-16,2024-04-16,0.04461371055495103,1,5466,0.19223113468744651,1.2011752709978163,-1.6499305696355628,0.17732426749713842,-1.8272548371327013,-0.7363031510692122,BELOW_BACKGROUND,ABOVE_BACKGROUND,0,0,False,0.0013075825977309,0.0121160343714366,8.018803403885675e-06,0.0028317491774318,0.0028317491774318,2024-04-15,0.0097865030231084
E21_PRIMARY_044,REALISED_ONLY,2024-04-22,2024-04-22,2024-04-22,0.013057671381936888,1,5470,0.1361768400453845,0.8173663607681133,-1.9938064015777561,-0.201670194599451,-1.7921362069783051,-1.0977382980886037,BELOW_BACKGROUND,BELOW_BACKGROUND,0,0,False,0.0005404859152087,0.0036892075764457,2.3562983251372155e-06,0.0015350238842237,0.0015350238842237,2024-04-19,0.0046690201253563
E21_PRIMARY_045,JOINT,2024-04-25,2024-04-25,2024-04-25,0.01088139281828074,1,5473,0.12311250185936651,2.2957227249458727,-2.0958233584704145,0.830754719763648,-2.9265780782340625,-0.6325343193533832,BELOW_BACKGROUND,ABOVE_BACKGROUND,0,0,False,0.0009626574909477,0.0493228990241608,3.910590173556552e-06,0.0019775212194959,0.0019775212194959,2024-04-24,0.0103819938994739
E21_PRIMARY_046,JOINT,2024-04-29,2024-04-30,2024-04-29,0.0032644178454841466,2,5475,8.996719929504238,1.5979570743567284,2.196841062388475,0.4669415035390714,1.7298995588494035,1.331891282963773,ABOVE_BACKGROUND,ABOVE_BACKGROUND,0,0,False,0.1478699457941916,0.0391067974571862,9.44663759212856e-05,-0.0097193814577516,0.0097193814577516,2024-04-26,0.0283082285998555
E21_PRIMARY_047,IMPLIED_ONLY,2024-06-05,2024-06-05,2024-06-05,0.03811995691862213,1,5502,1.6216023134709596,1.6026496898071714,0.48293340098301046,0.4715808459635872,0.011352555019423283,0.47725712347329885,ABOVE_BACKGROUND,ABOVE_BACKGROUND,0,0,False,0.0087080198972471,0.0047603406816637,6.176175252681791e-05,0.0078588645825474,0.0078588645825474,2024-06-04,0.0062310044861914
E21_PRIMARY_048,IMPLIED_ONLY,2024-06-18,2024-06-18,2024-06-18,0.035815570854503,1,5511,0.8379044260755215,0.3546339891842092,-0.17783799310740606,-1.037154893459987,0.8593169003525809,-0.6074964432836966,BELOW_BACKGROUND,BELOW_BACKGROUND,0,0,False,0.002411654937613,0.0025433652570951,5.591531711441953e-07,0.0007477654519595,0.0007477654519595,2024-06-17,0.0032036028290622
E21_PRIMARY_049,IMPLIED_ONLY,2024-06-27,2024-06-27,2024-06-27,0.02177534677534676,1,5518,0.24471957207461414,1.8459747926980454,-1.408050601082218,0.6129915401399144,-2.021042141222132,-0.3975295304711518,BELOW_BACKGROUND,ABOVE_BACKGROUND,0,0,False,0.0016499189781615,0.0075029196114162,9.097870572541246e-08,-0.0003016267655985,0.0003016267655985,2024-06-26,0.0091891794388503
E21_PRIMARY_050,REALISED_ONLY,2024-07-02,2024-07-02,2024-07-02,0.01958650707290533,1,5521,0.1496971226108735,1.0203061575165995,-1.899153025251181,0.020078653797615708,-1.9192316790487967,-0.9395371857267827,BELOW_BACKGROUND,ABOVE_BACKGROUND,0,0,False,0.0008194407769315,0.005630791891271,1.8566221872819687e-08,-0.0001362579240735,0.0001362579240735,2024-07-01,0.0079500303639571
E21_PRIMARY_051,IMPLIED_ONLY,2024-07-12,2024-07-12,2024-07-12,0.043346918346918395,1,5529,2.1127868859336822,1.633887866759221,0.7465825317732826,0.4872836682375175,0.2592988635357651,0.6169331000054,ABOVE_BACKGROUND,ABOVE_BACKGROUND,0,0,False,0.0256232789213688,0.0118072175988434,4.925285899412684e-05,-0.0070180381157505,0.0070180381157505,2024-07-11,0.0106758368066204
E21_PRIMARY_052,REALISED_ONLY,2024-07-17,2024-07-17,2024-07-17,0.016322089227421177,1,5532,4.357914998603874,0.5050571095703938,1.4718925801110476,-0.6830989469648565,2.154991527075904,0.39439681657309555,ABOVE_BACKGROUND,BELOW_BACKGROUND,0,0,False,0.0199882140807244,0.0129964999888117,0.0001845621190063,-0.0135853641469928,0.0135853641469928,2024-07-16,0.0058896454441238
E21_PRIMARY_053,IMPLIED_ONLY,2024-07-18,2024-07-18,2024-07-18,0.033862433862433816,1,5533,0.8268597771810735,1.578667737527879,-0.19052966470271396,0.4565327033541109,-0.6470623680568248,0.13300151932569848,BELOW_BACKGROUND,ABOVE_BACKGROUND,0,0,False,0.0090153479813011,0.0080333272210612,5.654762543299984e-05,0.0075198155185483,0.0075198155185483,2024-07-17,0.0129964999888117
E21_PRIMARY_054,REALISED_ONLY,2024-07-25,2024-07-25,2024-07-25,0.03917301414581076,1,5538,3.1987645428773543,1.1925911849538804,1.1627605658611864,0.17606674376199732,0.986693822099189,0.6694136548115919,ABOVE_BACKGROUND,ABOVE_BACKGROUND,0,0,False,0.0321258079919448,0.0169496398999012,5.936458724127972e-08,0.0002436484911533,0.0002436484911533,2024-07-24,0.0130865784064029
E21_PRIMARY_055,REALISED_ONLY,2024-08-05,2024-08-05,2024-08-05,0.026115342763873728,1,5545,3.6507073755515362,1.1296882747786432,1.294891123634192,0.12177330115759892,1.173117822476593,0.7083322123958955,ABOVE_BACKGROUND,ABOVE_BACKGROUND,0,0,False,0.0895905238741631,0.0862349210421374,0.0002576623260546,-0.0160518636318225,0.0160518636318225,2024-08-02,0.0334535249362222
E21_PRIMARY_056,IMPLIED_ONLY,2024-08-06,2024-08-06,2024-08-06,0.012115687115687113,1,5546,0.8423223701056621,2.762150017954355,-0.1725907683753901,1.015926165190337,-1.1885169335657273,0.4216676984074735,BELOW_BACKGROUND,ABOVE_BACKGROUND,0,0,False,0.0493753690528055,0.0645213557967184,1.3321412108293225e-06,0.0011541842187577,0.0011541842187577,2024-08-05,0.0862349210421374
E21_PRIMARY_057,JOINT,2024-09-27,2024-09-27,2024-09-27,0.0043525571273121955,1,5584,5.932842821967569,2.3230356108850705,1.7803392990849005,0.8425065096935241,0.9378327893913764,1.3114229043892123,ABOVE_BACKGROUND,ABOVE_BACKGROUND,0,0,False,0.1307651379877835,0.0199255176196397,0.000331937760943,-0.0182191591722313,0.0182191591722313,2024-09-26,0.0412203025997612
E21_PRIMARY_058,IMPLIED_ONLY,2024-10-24,2024-10-24,2024-10-24,0.05261100922947415,1,5603,0.7409352876670506,1.4601218099123057,-0.2999354159369688,0.3768246271113373,-0.6767600430483061,0.03844460558718424,BELOW_BACKGROUND,ABOVE_BACKGROUND,0,0,False,0.0056636281593839,0.0096730826249612,3.76934653655912e-05,-0.006139500416613,0.006139500416613,2024-10-23,0.0097627324293499
E21_PRIMARY_059,IMPLIED_ONLY,2024-10-28,2024-10-28,2024-10-28,0.005426855426855393,1,5605,0.7510917865512345,3.2570802862360595,-0.2874172665879557,1.1796992319474522,-1.467116498535408,0.4461409826797482,BELOW_BACKGROUND,ABOVE_BACKGROUND,0,0,False,0.01101484985283,0.0138034097476738,1.001393088082247e-07,0.0003164479559236,0.0003164479559236,2024-10-25,0.0323614000331224
E21_PRIMARY_060,IMPLIED_ONLY,2024-11-18,2024-11-18,2024-11-18,0.02610072331985569,1,5620,0.7555244186190726,1.89058946829085,-0.2803481045473937,0.6368704811330772,-0.9172185856804709,0.17826118829284177,BELOW_BACKGROUND,ABOVE_BACKGROUND,0,0,False,0.0089812111907629,0.0097865030231084,2.5752971826908e-06,0.0016047732496184,0.0016047732496184,2024-11-15,0.0169626913282275
E21_PRIMARY_061,REALISED_ONLY,2024-11-29,2024-11-29,2024-11-29,0.029379760609357986,1,5629,3.477916205641176,0.6848423995198649,1.2463691243149981,-0.3789591809578291,1.6253283052728271,0.4337049716785845,ABOVE_BACKGROUND,BELOW_BACKGROUND,0,0,True,0.0215435809571228,0.0129199827337948,0.0001369363066195,-0.0117019787480404,0.0117019787480404,2024-11-28,0.0082775233242562
E21_PRIMARY_062,IMPLIED_ONLY,2025-01-14,2025-01-14,2025-01-14,0.05377847257713775,1,5661,0.3513296429125081,1.457919482176656,-1.0460963226745672,0.3738044881339716,-1.4199008108085387,-0.3361459172702978,BELOW_BACKGROUND,ABOVE_BACKGROUND,0,0,False,0.0040738512473767,0.0157672833377072,9.109128429761531e-06,0.0030181332690525,0.0030181332690525,2025-01-13,0.0172308386312648
E21_PRIMARY_063,IMPLIED_ONLY,2025-02-24,2025-02-24,2025-02-24,0.03790337294230506,1,5690,0.8048751575410504,1.5615981216549648,-0.21825072940729462,0.445400677610434,-0.6636514070177286,0.11357497410156969,BELOW_BACKGROUND,ABOVE_BACKGROUND,0,0,False,0.0083012253519082,0.0112232518212587,1.052676234177443e-05,0.0032444972402168,0.0032444972402168,2025-02-21,0.0149124905607805
E21_PRIMARY_064,IMPLIED_ONLY,2025-04-01,2025-04-01,2025-04-01,0.033823108823108794,1,5716,0.6586252276358726,1.7420966708946446,-0.417612394162847,0.5550518797032761,-0.9726642738661231,0.06871974277021453,BELOW_BACKGROUND,ABOVE_BACKGROUND,0,0,True,0.0063878104645421,0.0136301822322815,5.538277943497015e-06,-0.0023533546149055,0.0023533546149055,2025-03-31,0.0142850246196313
E21_PRIMARY_065,REALISED_ONLY,2025-04-09,2025-04-09,2025-04-09,0.010881392818280822,1,5722,4.654730828973939,0.8281247026541213,1.5343031338975703,-0.18873018743534242,1.7230333213329128,0.672786473231114,ABOVE_BACKGROUND,BELOW_BACKGROUND,0,0,False,0.087978052495242,0.0294010276845304,0.0001082802493981,0.0104057796151043,0.0104057796151043,2025-04-08,0.0350828440426276
E21_PRIMARY_066,IMPLIED_ONLY,2025-04-14,2025-04-14,2025-04-14,0.03064850564850563,1,5725,0.6661538651487231,1.7810028775239073,-0.40638854320622014,0.5771412940026912,-0.9835298372089114,0.08537637539823553,BELOW_BACKGROUND,ABOVE_BACKGROUND,0,0,False,0.0251454750060068,0.0346266660114264,4.075954459184113e-05,-0.0063843202137613,0.0063843202137613,2025-04-11,0.0570741268158874
E21_PRIMARY_067,REALISED_ONLY,2025-05-12,2025-05-12,2025-05-12,0.008705114254624613,1,5745,5.216584299239234,0.9572596202819054,1.6517427511678373,-0.043934473636703386,1.6956772248045406,0.803904138765567,ABOVE_BACKGROUND,BELOW_BACKGROUND,0,0,False,0.0498185647711164,0.0154450153434598,0.0002256499889529,0.015021650673378,0.015021650673378,2025-05-09,0.0157021836478271
E21_PRIMARY_068,REALISED_ONLY,2025-06-23,2025-06-23,2025-06-23,0.044613710554951114,1,5775,3.028745258701343,0.8286275041777713,1.1079522548141514,-0.18845957676847447,1.2964118315826259,0.45974633902283846,ABOVE_BACKGROUND,BELOW_BACKGROUND,0,0,False,0.0151574614093616,0.0106684638499266,1.2420470773539914e-05,-0.0035242688282167,0.0035242688282167,2025-06-20,0.006694869865333
E21_PRIMARY_069,IMPLIED_ONLY,2025-07-21,2025-07-21,2025-07-21,0.005426855426855393,1,5795,0.5036015591943838,3.5747891139608576,-0.6878897461687565,1.2738134185405565,-1.961703164709313,0.2929618361859,BELOW_BACKGROUND,ABOVE_BACKGROUND,0,0,False,0.0071809573956535,0.007548667442234,1.4306646253632536e-05,-0.0037824127555877,0.0037824127555877,2025-07-18,0.0291689858565248
E21_PRIMARY_070,IMPLIED_ONLY,2025-08-25,2025-08-25,2025-08-25,0.05242385242385239,1,5820,0.39914115915585535,1.4601872433657697,-0.9541794851904084,0.37522626366981593,-1.3294057488602244,-0.28947661076029624,BELOW_BACKGROUND,ABOVE_BACKGROUND,0,0,False,0.0037240997064336,0.0047597586439834,3.25291626852839e-05,0.0057034342886794,0.0057034342886794,2025-08-22,0.0073387777496744
E21_PRIMARY_071,IMPLIED_ONLY,2025-10-06,2025-10-06,2025-10-06,0.015683091322690856,1,5850,1.379421460578178,2.2079987933761567,0.3216638521054535,0.7905923578514042,-0.46892850574595074,0.5561281049784289,ABOVE_BACKGROUND,ABOVE_BACKGROUND,0,0,False,0.0106066460669489,0.0062884907438016,3.256323796343969e-05,0.0057064207664209,0.0057064207664209,2025-10-03,0.0119495195733322
E21_PRIMARY_072,IMPLIED_ONLY,2025-12-22,2025-12-22,2025-12-22,0.05643425087251561,1,5905,0.6675246431286035,0.3904329717212328,-0.4044548838291785,-0.9405104723698766,0.5360555885406981,-0.6724826780995276,BELOW_BACKGROUND,BELOW_BACKGROUND,0,0,False,0.0031395889459589,0.0055491239010408,1.6126663369964494e-05,-0.0040158017094927,0.0040158017094927,2025-12-19,0.004649215184259
E21_PRIMARY_073,IMPLIED_ONLY,2026-01-26,2026-01-26,2026-01-26,0.022765622765622773,1,5930,1.008093935004016,2.108988807072521,0.007449330314827781,0.736653802838127,-0.7292044725232992,0.37205156657647737,ABOVE_BACKGROUND,ABOVE_BACKGROUND,0,0,False,0.0154504936597835,0.0171918254242363,1.0400320365265785e-05,-0.0032249527694628,0.0032249527694628,2026-01-23,0.0209101149519998
E21_PRIMARY_074,IMPLIED_ONLY,2026-02-09,2026-02-09,2026-02-09,0.009523809523809601,1,5940,0.747853988150218,2.9432855921916485,-0.29107074076300743,1.0785577137369118,-1.369628454499919,0.3937434864869522,BELOW_BACKGROUND,ABOVE_BACKGROUND,0,0,False,0.0092672141449747,0.0093981887196787,0.0001091302357029,-0.0104465418059261,0.0104465418059261,2026-02-06,0.0232150333598611
E21_PRIMARY_075,REALISED_ONLY,2026-04-17,2026-04-17,2026-04-17,0.0380848748639826,1,5989,3.111296558203591,0.8958292973531695,1.1350177392228415,-0.11094752689993169,1.2459652661227731,0.512035106161455,ABOVE_BACKGROUND,BELOW_BACKGROUND,0,0,False,0.010221625768663,0.0061656625288701,1.0854630932979732e-05,-0.0032946366921073,0.0032946366921073,2026-04-16,0.0035807996939848
E21_PRIMARY_076,IMPLIED_ONLY,2026-04-20,2026-04-20,2026-04-20,0.03915343915343916,1,5990,0.4458154444919028,1.5493610863658662,-0.8098949202561143,0.4367073256905777,-1.2466022459466921,-0.18659379728276831,BELOW_BACKGROUND,ABOVE_BACKGROUND,0,0,False,0.0022400097944092,0.00398386267086,1.1994344662286883e-09,3.463285241253871e-05,3.463285241253871e-05,2026-04-17,0.0061656625288701
E21_PRIMARY_077,IMPLIED_ONLY,2026-05-01,2026-05-01,2026-05-01,0.02515372515372516,1,5999,2.0232592965095875,1.8687337534303023,0.7041764565071759,0.6234237242679068,0.08075273223926904,0.6638000903875414,ABOVE_BACKGROUND,ABOVE_BACKGROUND,0,0,True,0.0248822745976352,0.0147887359872928,9.020110850561537e-06,0.0030033499380794,0.0030033499380794,2026-04-30,0.01266225971058
E21_PRIMARY_078,REALISED_ONLY,2026-05-05,2026-05-06,2026-05-06,0.0043525571273121955,2,6002,8.513063827356397,0.42708785560757867,2.1400513410270317,-0.8509143561827823,2.990965697209814,0.6445684924221247,ABOVE_BACKGROUND,BELOW_BACKGROUND,0,0,False,0.0433005795437543,0.0111032563343554,9.11279385327748e-05,-0.0095460954600703,0.0095460954600703,2026-05-05,0.0069588192397408
E21_PRIMARY_079,REALISED_ONLY,2026-05-13,2026-05-13,2026-05-13,0.015233949945593035,1,6007,0.12567231400245393,0.7450340484061406,-2.074113219360433,-0.29446949862437966,-1.7796437207360534,-1.1842913589924065,BELOW_BACKGROUND,BELOW_BACKGROUND,0,0,False,0.0005907397830292,0.0055285618705045,2.116615338733084e-06,0.0014548592161213,0.0014548592161213,2026-05-12,0.0065859330101938
E21_PRIMARY_080,REALISED_ONLY,2026-05-25,2026-05-26,2026-05-25,0.013187240337215203,2,6015,0.12538826341276846,0.6866551912741357,-2.0774951413152194,-0.37695288805672467,-1.7005422532584946,-1.227224014685972,BELOW_BACKGROUND,BELOW_BACKGROUND,0,0,False,0.0003082216011348,0.0033167956624506,2.1990386919280647e-07,0.0004689390890007,0.0004689390890007,2026-05-22,0.0027390288785107
E21_PRIMARY_081,REALISED_ONLY,2026-05-29,2026-05-29,2026-05-29,0.04570184983677911,1,6019,0.19408145998331128,0.8116216825861259,-1.6400689832676385,-0.21254016616117402,-1.4275288171064644,-0.9263045747144063,BELOW_BACKGROUND,BELOW_BACKGROUND,0,0,True,0.0004651447224094,0.0020685166547901,4.968783846326879e-08,0.0002229076904534,0.0002229076904534,2026-05-28,0.0024225621738635
E21_PRIMARY_082,REALISED_ONLY,2026-06-02,2026-06-02,2026-06-02,0.007616974972796518,1,6021,0.10023359372420701,0.6781260398900295,-2.300863249806291,-0.3885868006284766,-1.9122764491778144,-1.3447250252173837,BELOW_BACKGROUND,BELOW_BACKGROUND,0,0,False,0.0002082382783398,0.0039418208344268,2.341521303763759e-06,0.0015302030269751,0.0015302030269751,2026-06-01,0.0018507421289679
E21_PRIMARY_083,REALISED_ONLY,2026-06-23,2026-06-25,2026-06-23,0.009793253536452665,3,6036,0.12004251780423936,1.2110804417508052,-2.12036791016721,0.18882686948805769,-2.3091947796552676,-0.9657705203395761,BELOW_BACKGROUND,ABOVE_BACKGROUND,0,0,False,0.0006900622105708,0.0054207198573075,8.619749966455253e-11,-9.284260857200886e-06,9.284260857200886e-06,2026-06-22,0.00819494067168
E21_PRIMARY_084,REALISED_ONLY,2026-06-29,2026-06-29,2026-06-29,0.004352557127312296,1,6040,0.08655089136190035,0.7209141198938336,-2.4481827710958286,-0.32902977660573657,-2.119152994490092,-1.3886062738507825,BELOW_BACKGROUND,BELOW_BACKGROUND,0,0,False,0.0002198037127502,0.0028123800986634,1.5348520468820982e-06,0.0012388914588785,0.0012388914588785,2026-06-26,0.0027847738726392
E21_PRIMARY_085,JOINT,2026-07-01,2026-07-01,2026-07-01,0.015222365222365308,1,6042,0.19327129841929647,2.3740398036238473,-1.6456024731900807,0.8619840448834845,-2.5075865180735653,-0.3918092141532981,BELOW_BACKGROUND,ABOVE_BACKGROUND,0,0,True,0.0011182306685502,0.0158341760103177,3.073564308235897e-08,0.0001753158380819,0.0001753158380819,2026-06-30,0.008200742316398
