model_day,previous_model_day,sample_split,previous_sample_split,canonical_index,P_R,omega_R,L_R,n_models_R,n_floor_R,any_floor_R,P_I_prev,omega_I_prev,L_I_prev,n_models_I,n_floor_I_prev,any_floor_I_prev,R_abnormal,I_abnormal_prev,state,candidate,reference_block,stage,known_event_R,known_event_I_prev,known_primary_event_pair,strict_hidden,omega_R_consensus,omega_I_prev_consensus,omega_R_from_L,omega_I_prev_from_L,Delta_L,common_log_response,R_response_direction,I_prev_response_direction,any_floor_pair,hidden_state_information_timing,candidate_severity_tail_p,new_episode,episode_number,episode_id,episode_entry
2012-08-10,2012-08-09,C,C,2419,0.40327053157205084,0.45009741168371203,-0.7983573144575226,4,0,False,0.04381161007667032,0.42261981290968137,-0.8612822915350412,3,0,False,False,True,IMPLIED_ONLY,True,B,C,False,False,False,True,0.45009741168371203,0.42261981290968137,0.45006767688066873,0.42261981290968137,0.06292497707751865,-0.8298198029962819,BELOW,BELOW,False,AVAILABLE_AFTER_MODEL_DAY_T,0.04381161007667032,True,1,N22_C_001,True
2012-09-03,2012-08-31,C,C,2435,0.04370860927152318,0.21782170527821076,-1.5241105379198685,4,0,False,0.36926506171908835,1.1858094079514019,0.15913993943068785,4,0,False,True,False,REALISED_ONLY,True,B,C,False,False,False,True,0.21782170527821076,1.1858094079514019,0.2178147086533466,1.1725020144650584,-1.6832504773505563,-0.6824852992445903,BELOW,ABOVE,False,AVAILABLE_AFTER_MODEL_DAY_T,0.04370860927152318,True,2,N22_C_002,True
2012-09-20,2012-09-19,C,C,2448,0.3259535361405248,0.4062123754360649,-0.9020995670908258,4,0,False,0.05024588600999508,0.43690143653625635,-0.8294286517516766,4,0,False,False,True,IMPLIED_ONLY,True,B,C,False,False,False,True,0.4062123754360649,0.43690143653625635,0.4057169349525779,0.43629849350272204,-0.07267091533914927,-0.8657641094212511,BELOW,BELOW,False,AVAILABLE_AFTER_MODEL_DAY_T,0.05024588600999508,True,3,N22_C_003,True
2012-09-27,2012-09-26,C,C,2453,0.038410596026490065,0.19114746028446766,-1.6547419079840155,4,0,False,0.5794794932397975,0.8935606272573384,-0.12653537639080525,4,0,False,True,False,REALISED_ONLY,True,B,C,False,False,False,True,0.19114746028446766,0.8935606272573384,0.191141381404371,0.8811429773338172,-1.5282065315932103,-0.8906386421874104,BELOW,BELOW,False,AVAILABLE_AFTER_MODEL_DAY_T,0.038410596026490065,True,4,N22_C_004,True
2012-10-02,2012-10-01,C,C,2456,0.02267769238941814,0.1640830143098073,-1.8088171822421963,4,0,False,0.8864006589519281,0.9916851038705895,-0.009035204199746634,4,0,False,True,False,REALISED_ONLY,True,B,C,False,False,False,True,0.1640830143098073,0.9916851038705895,0.16384782434780457,0.991005490603541,-1.7997819780424498,-0.9089261932209715,BELOW,BELOW,False,AVAILABLE_AFTER_MODEL_DAY_T,0.02267769238941814,True,5,N22_C_005,True
2012-10-08,2012-10-05,C,C,2460,0.7165562913907284,1.0308001536397708,0.02704955945364196,4,0,False,0.04805847118968816,0.4439489433916268,-0.8140606569412405,4,0,False,False,True,IMPLIED_ONLY,True,B,C,False,False,False,True,1.0308001536397708,0.4439489433916268,1.0274187198121838,0.4430553128870124,0.8411102163948825,-0.3935055487437993,ABOVE,BELOW,False,AVAILABLE_AFTER_MODEL_DAY_T,0.04805847118968816,True,6,N22_C_006,True
2012-10-31,2012-10-30,C,C,2477,0.6477228459113928,0.5983922987171695,-0.5164241556219665,4,0,False,0.033072095167889795,0.4061404383371007,-0.9025040782565277,4,0,False,False,True,IMPLIED_ONLY,True,B,C,False,False,False,True,0.5983922987171695,0.4061404383371007,0.5966502664308388,0.40555285111138556,0.38607992263456115,-0.709464116939247,BELOW,BELOW,False,AVAILABLE_AFTER_MODEL_DAY_T,0.033072095167889795,True,7,N22_C_007,True
2012-12-25,2012-12-24,C,C,2516,0.04536777986329993,0.18931167333812454,-1.6693285889817862,4,0,False,0.39091662934402316,0.728284976179431,-0.3180138517376237,4,0,False,True,False,REALISED_ONLY,True,B,C,False,False,False,True,0.18931167333812454,0.728284976179431,0.18837349923246738,0.7275927099214785,-1.3513147372441625,-0.9936712203597049,BELOW,BELOW,False,AVAILABLE_AFTER_MODEL_DAY_T,0.04536777986329993,True,8,N22_C_008,True
2013-02-18,2013-02-15,C,C,2555,0.052980132450331126,0.21859706633332635,-1.5206821945532054,4,0,False,0.3318729463307777,1.4271761924112043,0.3556719651911777,4,0,False,True,False,REALISED_ONLY,True,B,C,False,False,False,True,0.21859706633332635,1.4271761924112043,0.2185627337757415,1.4271393200964444,-1.8763541597443831,-0.5825051146810138,BELOW,ABOVE,False,AVAILABLE_AFTER_MODEL_DAY_T,0.052980132450331126,True,9,N22_C_009,True
2013-02-19,2013-02-18,C,C,2556,0.7139072847682119,1.031931831405752,0.031265935771781043,4,0,False,0.05885152682869868,0.4611877264209717,-0.7740221202864324,4,0,False,False,True,IMPLIED_ONLY,True,B,C,False,False,False,True,1.031931831405752,0.4611877264209717,1.0317598492575868,0.46115451422589027,0.8052880560582134,-0.37137809225732565,ABOVE,BELOW,False,AVAILABLE_AFTER_MODEL_DAY_T,0.05885152682869868,True,10,N22_C_010,True
2013-05-23,2013-05-22,C,C,2623,0.051655629139072845,3.7894691817211514,1.3320029678349115,4,0,False,0.33911938723354185,0.7368549415675627,-0.30656906553766095,4,0,False,True,False,REALISED_ONLY,True,B,C,False,False,False,True,3.7894691817211514,0.7368549415675627,3.788624285469342,0.7359676864200552,1.6385720333725724,0.5127169511486253,ABOVE,BELOW,False,AVAILABLE_AFTER_MODEL_DAY_T,0.051655629139072845,True,11,N22_C_011,True
2013-10-21,2013-10-18,C,C,2730,0.047892835641180014,0.2038271235384339,-1.592143958455981,4,0,False,0.24757255004560014,0.6665008183639272,-0.40571767903357187,4,0,False,True,False,REALISED_ONLY,True,B,C,False,False,False,True,0.2038271235384339,0.6665008183639272,0.20348887203771907,0.6664983073119624,-1.186426279422409,-0.9989308187447764,BELOW,BELOW,False,AVAILABLE_AFTER_MODEL_DAY_T,0.047892835641180014,True,12,N22_C_012,True
2013-12-10,2013-12-09,C,C,2766,0.6609271523178808,0.8586670559596683,-0.1640101472203392,4,0,False,0.03224391248421976,0.41709135019628824,-0.874479323468671,4,0,False,False,True,IMPLIED_ONLY,True,B,C,False,False,False,True,0.8586670559596683,0.41709135019628824,0.8487334095515953,0.41707912646525686,0.7104691762483317,-0.5192447353445051,BELOW,BELOW,False,AVAILABLE_AFTER_MODEL_DAY_T,0.03224391248421976,True,13,N22_C_013,True
2013-12-23,2013-12-20,C,C,2775,0.010596026490066225,0.13957477412170116,-1.969586338726145,4,0,False,0.3682801555491224,0.7401141923948343,-0.3013049382941434,4,0,False,True,False,REALISED_ONLY,True,B,C,False,False,False,True,0.13957477412170116,0.7401141923948343,0.1395145560491113,0.7398521290985959,-1.6682814004320017,-1.1354456385101441,BELOW,BELOW,False,AVAILABLE_AFTER_MODEL_DAY_T,0.010596026490066225,True,14,N22_C_014,True
2013-12-25,2013-12-24,C,C,2777,0.006622516556291391,0.1190679717324824,-2.131143973038008,4,0,False,0.09432776933843873,0.5280637643187769,-0.6385395751175162,4,0,False,True,False,REALISED_ONLY,True,B,C,False,False,False,True,0.1190679717324824,0.5280637643187769,0.11870142492234632,0.5280630576087136,-1.492604397920492,-1.384841774077762,BELOW,BELOW,False,AVAILABLE_AFTER_MODEL_DAY_T,0.006622516556291391,True,15,N22_C_015,True
2014-04-01,2014-03-31,C,C,2846,0.030624712256967807,0.17531875408577974,-1.741238951881128,4,0,False,0.6214523164428047,1.0900150176497911,0.07604684834543075,4,0,False,True,False,REALISED_ONLY,True,B,C,False,False,False,True,0.17531875408577974,1.0900150176497911,0.17530307394292166,1.0790131229527193,-1.8172858002265588,-0.8325960517678486,BELOW,ABOVE,False,AVAILABLE_AFTER_MODEL_DAY_T,0.030624712256967807,True,16,N22_C_016,True
2014-04-07,2014-04-04,C,C,2850,0.3271523178807947,0.41782281156628454,-0.8761436189722279,4,0,False,0.02174912384170469,0.38218968842669077,-0.9625639407715607,4,0,False,False,True,IMPLIED_ONLY,True,B,C,False,False,False,True,0.41782281156628454,0.38218968842669077,0.4163855608596038,0.38191242874785986,0.08642032179933279,-0.9193537798718943,BELOW,BELOW,False,AVAILABLE_AFTER_MODEL_DAY_T,0.02174912384170469,True,17,N22_C_017,True
2014-04-18,2014-04-17,C,C,2859,0.02391543010943089,0.16330197310579236,-1.8295055026321927,4,0,False,0.01576419775532014,0.3375097795356916,-1.0867679083301351,4,0,False,True,True,JOINT,True,B,C,False,False,False,True,0.16330197310579236,0.3375097795356916,0.16049291147820752,0.3373049342576077,-0.7427375943020575,-1.4581367054811638,BELOW,BELOW,False,AVAILABLE_AFTER_MODEL_DAY_T,0.01576419775532014,True,18,N22_C_018,True
2014-04-21,2014-04-18,C,C,2860,0.05033112582781457,0.2062470538042782,-1.57868241453536,4,0,False,0.09066288651832893,0.5401097185121082,-0.6175007633032161,4,0,False,True,False,REALISED_ONLY,True,B,C,False,False,False,True,0.2062470538042782,0.5401097185121082,0.20624666686853033,0.5392905695244183,-0.9611816512321438,-1.0980915889192882,BELOW,BELOW,False,AVAILABLE_AFTER_MODEL_DAY_T,0.05033112582781457,True,19,N22_C_019,True
2014-05-06,2014-05-05,C,C,2871,0.16893083542869286,0.30729677589683174,-1.1830802652126067,4,0,False,0.048776048274112235,0.45795396957155443,-0.7810811789909895,4,0,False,False,True,IMPLIED_ONLY,True,B,C,False,False,False,True,0.30729677589683174,0.45795396957155443,0.3063336948319849,0.4579106601863218,-0.4019990862216172,-0.9820807221017981,BELOW,BELOW,False,AVAILABLE_AFTER_MODEL_DAY_T,0.048776048274112235,True,20,N22_C_020,True
2014-05-23,2014-05-22,C,C,2884,0.3922158869568297,0.44662434633817283,-0.8146009147185349,4,0,False,0.047470536095335025,0.4788139179570233,-0.7451429915400075,4,0,False,False,True,IMPLIED_ONLY,True,B,C,False,False,False,True,0.44662434633817283,0.4788139179570233,0.4428160134559635,0.47466642180438484,-0.06945792317852739,-0.7798719531292713,BELOW,BELOW,False,AVAILABLE_AFTER_MODEL_DAY_T,0.047470536095335025,True,21,N22_C_021,True
2014-05-26,2014-05-23,C,C,2885,0.0,0.07010289728158522,-2.661274990418244,4,0,False,0.2040686899194499,0.6505953390368873,-0.4300578583554556,4,0,False,True,False,REALISED_ONLY,True,B,C,False,False,False,True,0.07010289728158522,0.6505953390368873,0.06985909526193713,0.6504714584256845,-2.2312171320627883,-1.5456664243868499,BELOW,BELOW,False,AVAILABLE_AFTER_MODEL_DAY_T,0.0,True,22,N22_C_022,True
2014-06-05,2014-06-04,C,C,2893,0.039735099337748346,0.20268063529537195,-1.6058673265879877,4,0,False,0.3385968943895473,0.6659128105205938,-0.4463056194177105,4,0,False,True,False,REALISED_ONLY,True,B,C,False,False,False,True,0.20268063529537195,0.6659128105205938,0.2007153935962963,0.6399881493645719,-1.159561707170277,-1.0260864730028492,BELOW,BELOW,False,AVAILABLE_AFTER_MODEL_DAY_T,0.039735099337748346,True,23,N22_C_023,True
2014-06-10,2014-06-09,C,C,2896,0.6900662251655629,0.8027700690406729,-0.24484336435371407,4,0,False,0.024817128310119348,0.3691457340819689,-1.0495786968714866,4,0,False,False,True,IMPLIED_ONLY,True,B,C,False,False,False,True,0.8027700690406729,0.3691457340819689,0.7828271472752886,0.35008521004033505,0.8047353325177726,-0.6472110306126003,BELOW,BELOW,False,AVAILABLE_AFTER_MODEL_DAY_T,0.024817128310119348,True,24,N22_C_024,True
2014-06-20,2014-06-19,C,C,2904,0.19337748344370861,0.33872086603889207,-1.0902107132927177,4,0,False,0.012224089586169485,0.2816487589768827,-1.2671239075118208,4,0,False,False,True,IMPLIED_ONLY,True,B,C,False,False,False,True,0.33872086603889207,0.2816487589768827,0.3361456558857758,0.2816404821172239,0.17691319421910312,-1.1786673104022691,BELOW,BELOW,False,AVAILABLE_AFTER_MODEL_DAY_T,0.012224089586169485,True,25,N22_C_025,True
2014-06-23,2014-06-20,C,C,2905,0.009308708432198888,0.13706148855726097,-1.9921169955185238,4,0,False,0.16882842374281815,0.5791564124889539,-0.5617928218606769,4,0,False,True,False,REALISED_ONLY,True,B,C,False,False,False,True,0.13706148855726097,0.5791564124889539,0.1364063479383091,0.570185905196783,-1.430324173657847,-1.2769549086896004,BELOW,BELOW,False,AVAILABLE_AFTER_MODEL_DAY_T,0.009308708432198888,True,26,N22_C_026,True
2014-06-24,2014-06-23,C,C,2906,0.5006622516556292,0.5190926538581924,-0.6563490244150034,4,0,False,0.032780366959187505,0.3753407204454339,-1.0172564967246236,4,0,False,False,True,IMPLIED_ONLY,True,B,C,False,False,False,True,0.5190926538581924,0.3753407204454339,0.5187417950076688,0.3615855918792571,0.36090747230962017,-0.8368027605698135,BELOW,BELOW,False,AVAILABLE_AFTER_MODEL_DAY_T,0.032780366959187505,True,27,N22_C_027,True
2014-06-26,2014-06-25,C,C,2908,0.43349860112618194,0.47299103400523357,-0.7568979861603353,4,0,False,0.013677698159494555,0.34876620305293415,-1.0570183051725641,4,1,True,False,True,IMPLIED_ONLY,True,B,C,False,False,False,True,0.47299103400523357,0.34876620305293415,0.46911938712494217,0.347490377442873,0.3001203190122288,-0.9069581456664497,BELOW,BELOW,True,AVAILABLE_AFTER_MODEL_DAY_T,0.013677698159494555,True,28,N22_C_028,True
2014-07-04,2014-07-03,C,C,2914,0.00929631334773524,0.1283043321252049,-2.0755018363127067,4,0,False,0.010874561920852345,0.2931325558597967,-1.2295634410924126,4,0,False,True,True,JOINT,True,B,C,False,False,False,True,0.1283043321252049,0.2931325558597967,0.12549343452598863,0.2924202084664188,-0.8459383952202941,-1.6525326387025596,BELOW,BELOW,False,AVAILABLE_AFTER_MODEL_DAY_T,0.00929631334773524,True,29,N22_C_029,True
2014-07-08,2014-07-07,C,C,2916,0.17422884867372596,0.3132591823000139,-1.1646359451279749,4,0,False,0.04076598691023693,0.4275048220259607,-0.8634214870607495,4,0,False,False,True,IMPLIED_ONLY,True,B,C,False,False,False,True,0.3132591823000139,0.4275048220259607,0.3120362396704466,0.4217167127950855,-0.30121445806722535,-1.0140287160943622,BELOW,BELOW,False,AVAILABLE_AFTER_MODEL_DAY_T,0.04076598691023693,True,30,N22_C_030,True
2014-07-10,2014-07-09,C,C,2918,0.7675974784856748,0.9409706230111363,-0.060969153623354144,4,0,False,0.04643232480898936,0.4188097468979495,-0.8909092911664347,4,0,False,False,True,IMPLIED_ONLY,True,B,C,False,False,False,True,0.9409706230111363,0.4188097468979495,0.9408522612116218,0.41028251681970673,0.8299401375430806,-0.4759392223948944,BELOW,BELOW,False,AVAILABLE_AFTER_MODEL_DAY_T,0.04643232480898936,True,31,N22_C_031,True
2014-07-14,2014-07-11,C,C,2920,0.0039859050182384816,0.1013719358151827,-2.3010212171110194,4,0,False,0.0230835420137012,0.39375936384362353,-0.9427284544919394,4,0,False,True,True,JOINT,True,B,C,False,False,False,True,0.1013719358151827,0.39375936384362353,0.10015650993746283,0.3895634777723766,-1.35829276261908,-1.6218748358014794,BELOW,BELOW,False,AVAILABLE_AFTER_MODEL_DAY_T,0.0039859050182384816,True,32,N22_C_032,True
2014-07-16,2014-07-15,C,C,2922,0.10463576158940398,0.2727863897656029,-1.3089176097211466,4,0,False,0.04920748139946459,0.47127969294003047,-0.7530121990987743,4,0,False,False,True,IMPLIED_ONLY,True,B,C,False,False,False,True,0.2727863897656029,0.47127969294003047,0.27011226510416747,0.47094583145846475,-0.5559054106223723,-1.0309649044099605,BELOW,BELOW,False,AVAILABLE_AFTER_MODEL_DAY_T,0.04920748139946459,True,33,N22_C_033,True
2014-07-21,2014-07-18,C,C,2925,0.0039859050182384816,0.10371465169721732,-2.2889834707190237,4,0,False,0.05738522732815694,0.42679805011769467,-0.8788780624432813,4,0,False,True,True,JOINT,True,B,C,False,False,False,True,0.10371465169721732,0.42679805011769467,0.10136945451619843,0.4152485333584638,-1.4101054082757425,-1.5839307665811524,BELOW,BELOW,False,AVAILABLE_AFTER_MODEL_DAY_T,0.0039859050182384816,True,34,N22_C_034,True
2014-07-23,2014-07-22,C,C,2927,0.02650246130962921,0.15262050099193247,-1.9929957411887447,4,0,False,0.24394978974605383,0.6265202576504141,-0.5146654578742041,4,0,False,True,False,REALISED_ONLY,True,B,C,False,False,False,True,0.15262050099193247,0.6265202576504141,0.13628653410132288,0.5977005171767197,-1.4783302833145404,-1.2538305995314745,BELOW,BELOW,False,AVAILABLE_AFTER_MODEL_DAY_T,0.02650246130962921,True,35,N22_C_035,True
2014-07-24,2014-07-23,C,C,2928,0.3509933774834437,0.44457616184697873,-0.8479955826893313,4,0,False,0.014668907503403382,0.33444007856899083,-1.0959815398343045,4,0,False,False,True,IMPLIED_ONLY,True,B,C,False,False,False,True,0.44457616184697873,0.33444007856899083,0.4282725090212045,0.3342114040966712,0.24798595714497318,-0.9719885612618179,BELOW,BELOW,False,AVAILABLE_AFTER_MODEL_DAY_T,0.014668907503403382,True,36,N22_C_036,True
2014-07-28,2014-07-25,C,C,2930,0.0026490066225165563,0.08691878782712859,-2.4433565018666794,4,0,False,0.21453942379750876,0.5958017155580606,-0.5437733535299298,4,0,False,True,False,REALISED_ONLY,True,B,C,False,False,False,True,0.08691878782712859,0.5958017155580606,0.08686878633412419,0.5805534806278237,-1.8995831483367496,-1.4935649276983045,BELOW,BELOW,False,AVAILABLE_AFTER_MODEL_DAY_T,0.0026490066225165563,True,37,N22_C_037,True
2014-07-29,2014-07-28,C,C,2931,0.1686581435704926,0.3085008447651888,-1.1934293762609083,4,0,False,0.005423850970961253,0.2577995444492112,-1.3789636746813456,4,0,False,False,True,IMPLIED_ONLY,True,B,C,False,False,False,True,0.3085008447651888,0.2577995444492112,0.30317976175802275,0.25183940542453215,0.18553429842043734,-1.286196525471127,BELOW,BELOW,False,AVAILABLE_AFTER_MODEL_DAY_T,0.005423850970961253,True,38,N22_C_038,True
2014-08-11,2014-08-08,C,C,2940,0.0013245033112582781,0.0977927363153917,-2.325703069051526,4,0,False,0.21472762489144093,1.636469042187364,0.49012895844156923,4,0,False,True,False,REALISED_ONLY,True,B,C,False,False,False,True,0.0977927363153917,1.636469042187364,0.09771471969989912,1.6325267344847736,-2.8158320274930952,-0.9177870553049785,BELOW,ABOVE,False,AVAILABLE_AFTER_MODEL_DAY_T,0.0013245033112582781,True,39,N22_C_039,True
2014-08-12,2014-08-11,C,C,2941,0.04391932570740518,0.1915605174570165,-1.6535387464486393,4,0,False,0.016669601368068263,0.36466025834231275,-1.0088706725007532,4,0,False,True,True,JOINT,True,B,C,False,False,False,True,0.1915605174570165,0.36466025834231275,0.19137149376570725,0.3646305344272683,-0.6446680739478861,-1.3312047094746964,BELOW,BELOW,False,AVAILABLE_AFTER_MODEL_DAY_T,0.016669601368068263,True,40,N22_C_040,True
2014-08-14,2014-08-13,C,C,2943,0.31095017176045614,0.4027758933381745,-0.9242944516821419,4,0,False,0.05738522732815694,0.420468403262565,-0.8992285432620752,4,0,False,False,True,IMPLIED_ONLY,True,B,C,False,False,False,True,0.4027758933381745,0.420468403262565,0.3968112898702736,0.4068834316592105,-0.025065908420066618,-0.9117614974721086,BELOW,BELOW,False,AVAILABLE_AFTER_MODEL_DAY_T,0.05738522732815694,True,41,N22_C_041,True
2014-08-18,2014-08-15,C,C,2945,0.025289513758543755,0.16492951149589785,-1.804219667959377,4,0,False,0.40875427932648645,0.8261887218703381,-0.1909503704778052,4,0,False,True,False,REALISED_ONLY,True,B,C,False,False,False,True,0.16492951149589785,0.8261887218703381,0.16460285135425015,0.8261735897342495,-1.6132692974815717,-0.9975850192185911,BELOW,BELOW,False,AVAILABLE_AFTER_MODEL_DAY_T,0.025289513758543755,True,42,N22_C_042,True
2014-08-20,2014-08-19,C,C,2947,0.20529801324503305,2.347294999763826,0.7958986466960731,4,0,False,0.06119878852916266,0.4789350739792213,-0.7367502663250347,4,0,False,False,True,IMPLIED_ONLY,True,B,C,False,False,False,True,2.347294999763826,0.4789350739792213,2.216431891310905,0.4786669307552972,1.5326489130211078,0.02957419018551921,ABOVE,BELOW,False,AVAILABLE_AFTER_MODEL_DAY_T,0.06119878852916266,True,43,N22_C_043,True
2014-08-22,2014-08-21,C,C,2949,0.6980132450331126,0.8762222922468197,-0.15075308668383733,4,0,False,0.05006998919490993,0.4484846848667855,-0.804029949229853,4,0,False,False,True,IMPLIED_ONLY,True,B,C,False,False,False,True,0.8762222922468197,0.4484846848667855,0.8600600327188509,0.44752183496940684,0.6532768625460157,-0.4773915179568452,BELOW,BELOW,False,AVAILABLE_AFTER_MODEL_DAY_T,0.05006998919490993,True,44,N22_C_044,True
2014-09-01,2014-08-29,C,C,2955,0.023841059602649005,0.15068145249889245,-1.9331334864174299,4,0,False,0.5445398139498793,0.8240297969626067,-0.19355138618661039,4,0,False,True,False,REALISED_ONLY,True,B,C,False,False,False,True,0.15068145249889245,0.8240297969626067,0.14469409041745349,0.8240274914767043,-1.7395821002308196,-1.06334243630202,BELOW,BELOW,False,AVAILABLE_AFTER_MODEL_DAY_T,0.023841059602649005,True,45,N22_C_045,True
2014-12-04,2014-12-03,C,C,3023,0.026490066225165566,0.18073469804899003,-1.711316806352717,4,0,False,0.4819277108433735,1.2546558110576898,0.22574506438700104,4,0,False,True,False,REALISED_ONLY,True,B,C,False,False,False,True,0.18073469804899003,1.2546558110576898,0.18062778413234884,1.2532561249303564,-1.937061870739718,-0.7427858709828581,BELOW,ABOVE,False,AVAILABLE_AFTER_MODEL_DAY_T,0.026490066225165566,True,46,N22_C_046,True
2014-12-16,2014-12-15,C,C,3031,0.05562913907284761,3.482921617893118,1.2478531185750708,4,0,False,0.22314358649171584,0.6487879375858415,-0.43265185418077035,4,0,False,True,False,REALISED_ONLY,True,B,C,False,False,False,True,3.482921617893118,0.6487879375858415,3.4828576429162594,0.6487863247378302,1.6805049727558412,0.4076006321971502,ABOVE,BELOW,False,AVAILABLE_AFTER_MODEL_DAY_T,0.05562913907284761,True,47,N22_C_047,True
2014-12-24,2014-12-23,C,C,3037,0.01864220703332507,0.16053717314954408,-1.8297310595395042,4,0,False,0.23577987948822787,0.6490828149040315,-0.43607089236027424,4,0,False,True,False,REALISED_ONLY,True,B,C,False,False,False,True,0.16053717314954408,0.6490828149040315,0.16045671527575425,0.6465718873034765,-1.39366016717923,-1.1329009759498891,BELOW,BELOW,False,AVAILABLE_AFTER_MODEL_DAY_T,0.01864220703332507,True,48,N22_C_048,True
2015-01-19,2015-01-16,C,C,3055,0.05298013245033113,0.21227884807121034,-1.5499535385305616,4,0,False,0.3655553599087955,1.451271029662626,0.3684875180777134,4,0,False,True,False,REALISED_ONLY,True,B,C,False,False,False,True,0.21227884807121034,1.451271029662626,0.2122578354085824,1.4455465973158288,-1.918441056608275,-0.5907330102264241,BELOW,ABOVE,False,AVAILABLE_AFTER_MODEL_DAY_T,0.05298013245033113,True,49,N22_C_049,True
2015-01-22,2015-01-21,C,C,3058,0.7496688741721855,0.9599818226345082,-0.041010882318369045,4,0,False,0.058299962860410295,0.49910832228821383,-0.6964683473999651,4,0,False,False,True,IMPLIED_ONLY,True,B,C,False,False,False,True,0.9599818226345082,0.49910832228821383,0.9598186848384606,0.49834217106707074,0.6554574650815961,-0.36873961485916706,BELOW,BELOW,False,AVAILABLE_AFTER_MODEL_DAY_T,0.058299962860410295,True,50,N22_C_050,True
2015-04-07,2015-04-06,C,C,3111,0.674436023656904,0.6385586425045287,-0.4512192522021837,4,0,False,0.0653257121234293,0.47618804973373224,-0.7424486405666884,4,0,False,False,True,IMPLIED_ONLY,True,B,C,False,False,False,True,0.6385586425045287,0.47618804973373224,0.6368511958425069,0.4759470642153005,0.2912293883645047,-0.596833946384436,BELOW,BELOW,False,AVAILABLE_AFTER_MODEL_DAY_T,0.0653257121234293,True,51,N22_C_051,True
2015-05-11,2015-05-08,C,C,3135,0.052980132450331126,0.21569735070540363,-1.5348729516921007,4,0,False,0.05805038335158817,0.46146503722240334,-0.7734919883216218,4,0,False,True,True,JOINT,True,B,C,False,False,False,True,0.21569735070540363,0.46146503722240334,0.2154830661896706,0.46139905178746005,-0.7613809633704789,-1.1541824700068612,BELOW,BELOW,False,AVAILABLE_AFTER_MODEL_DAY_T,0.052980132450331126,True,52,N22_C_052,True
2015-05-25,2015-05-22,C,C,3145,0.03708609271523179,0.19841893024934487,-1.6178892543562058,4,0,False,0.13362541073384449,0.5434634454700815,-0.6114161932189536,4,0,False,True,False,REALISED_ONLY,True,B,C,False,False,False,True,0.19841893024934487,0.5434634454700815,0.1983168540547612,0.5425819238742097,-1.0064730611372523,-1.1146527237875796,BELOW,BELOW,False,AVAILABLE_AFTER_MODEL_DAY_T,0.03708609271523179,True,53,N22_C_053,True
2015-06-10,2015-06-09,C,C,3157,0.027814569536423805,6.046868195768397,1.7994497127061477,4,0,False,0.5938859410105646,1.0113946262086553,0.0010976101330579524,4,0,False,True,False,REALISED_ONLY,True,B,C,False,False,False,True,6.046868195768397,1.0113946262086553,6.046319336078346,1.0010982127275112,1.7983521025730898,0.9002736614196029,ABOVE,ABOVE,False,AVAILABLE_AFTER_MODEL_DAY_T,0.027814569536423805,True,54,N22_C_054,True
2015-06-16,2015-06-15,C,C,3161,0.010596026490066225,0.13686605836243806,-1.988936846077742,4,0,False,0.625885260138896,0.8548529997686978,-0.15763446463966035,4,0,False,True,False,REALISED_ONLY,True,B,C,False,False,False,True,0.13686605836243806,0.8548529997686978,0.13684083100378985,0.8541619513071995,-1.8313023814380816,-1.0732856553587011,BELOW,BELOW,False,AVAILABLE_AFTER_MODEL_DAY_T,0.010596026490066225,True,55,N22_C_055,True
2015-08-18,2015-08-17,C,C,3206,0.025165562913907286,0.17678040511538304,-1.732910942007623,4,0,False,0.10850275972891776,0.5604777897521891,-0.5796456085152559,4,0,False,True,False,REALISED_ONLY,True,B,C,False,False,False,True,0.17678040511538304,0.5604777897521891,0.17676909572242466,0.5600968249427374,-1.153265333492367,-1.1562782752614393,BELOW,BELOW,False,AVAILABLE_AFTER_MODEL_DAY_T,0.025165562913907286,True,56,N22_C_056,True
2015-08-24,2015-08-21,C,C,3210,0.007984205120940668,11.43159359528332,2.4363765812844465,4,0,False,0.07713888309956796,2.0843613067220823,0.7344538589905062,4,0,False,True,False,REALISED_ONLY,True,B,C,False,False,False,True,11.43159359528332,2.0843613067220823,11.431544337070727,2.084343336226107,1.7019227222939404,1.5854152201374763,ABOVE,ABOVE,False,AVAILABLE_AFTER_MODEL_DAY_T,0.007984205120940668,True,57,N22_C_057,True
2015-08-25,2015-08-24,C,C,3211,0.28079470198675494,1.7397723034361934,0.5417436163073706,4,0,False,0.01533406352683453,3.7248467287633,1.3125750535645135,4,0,False,False,True,IMPLIED_ONLY,True,B,C,False,False,False,True,1.7397723034361934,3.7248467287633,1.7190015297502264,3.7157296062276597,-0.770831437257143,0.927159334935942,ABOVE,ABOVE,False,AVAILABLE_AFTER_MODEL_DAY_T,0.01533406352683453,True,58,N22_C_058,True
2015-09-07,2015-09-04,C,C,3220,0.02913907284768212,0.18420315850825741,-1.6917172066839568,4,0,False,0.5580563522357949,1.230640009791711,0.20690949940628156,4,0,False,True,False,REALISED_ONLY,True,B,C,False,False,False,True,0.18420315850825741,1.230640009791711,0.1842029377328847,1.2298712626645898,-1.8986267060902384,-0.7424038536388375,BELOW,ABOVE,False,AVAILABLE_AFTER_MODEL_DAY_T,0.02913907284768212,True,59,N22_C_059,True
2015-10-05,2015-10-02,C,C,3240,0.006622516556291391,0.12234443967087694,-2.1013039921100845,4,0,False,0.5279299014238773,0.7884791023127724,-0.23860640819888976,4,0,False,True,False,REALISED_ONLY,True,B,C,False,False,False,True,0.12234443967087694,0.7884791023127724,0.1222968501036469,0.7877248634134584,-1.8626975839111948,-1.169955200154487,BELOW,BELOW,False,AVAILABLE_AFTER_MODEL_DAY_T,0.006622516556291391,True,60,N22_C_060,True
2015-10-08,2015-10-07,C,C,3243,0.025165562913907286,0.18793980915575845,-1.6806490275735961,4,0,False,0.0068388490797472775,0.27037650490826687,-1.3101936333363866,4,0,False,True,True,JOINT,True,B,C,False,False,False,True,0.18793980915575845,0.27037650490826687,0.18625305343525658,0.2697678152849175,-0.3704553942372095,-1.4954213304549913,BELOW,BELOW,False,AVAILABLE_AFTER_MODEL_DAY_T,0.0068388490797472775,True,61,N22_C_061,True
2015-10-09,2015-10-08,C,C,3244,0.062499557318412016,0.21574626791334278,-1.5385255966301417,4,0,False,0.028320865353205237,0.358658253334349,-1.02562841827093,4,0,False,False,True,IMPLIED_ONLY,True,B,C,False,False,False,True,0.21574626791334278,0.358658253334349,0.21469741877773718,0.35857106198277794,-0.5128971783592116,-1.2820770074505359,BELOW,BELOW,False,AVAILABLE_AFTER_MODEL_DAY_T,0.028320865353205237,True,62,N22_C_062,True
2015-10-12,2015-10-09,C,C,3245,0.046357615894039736,0.21052760383564706,-1.5596283919153504,4,0,False,0.05738522732815694,0.40659953503283514,-0.9115977673103686,4,0,False,True,True,JOINT,True,B,C,False,False,False,True,0.21052760383564706,0.40659953503283514,0.21021417397461176,0.40188159750738306,-0.6480306246049818,-1.2356130796128595,BELOW,BELOW,False,AVAILABLE_AFTER_MODEL_DAY_T,0.046357615894039736,True,63,N22_C_063,True
2015-11-20,2015-11-19,C,C,3274,0.4437086092715232,0.48737804770820253,-0.7212836509857384,4,0,False,0.02444817917233897,0.3870754097317054,-0.9501785585702951,4,0,False,False,True,IMPLIED_ONLY,True,B,C,False,False,False,True,0.48737804770820253,0.3870754097317054,0.48612783680067395,0.3866719736951753,0.22889490758455666,-0.8357311047780167,BELOW,BELOW,False,AVAILABLE_AFTER_MODEL_DAY_T,0.02444817917233897,True,64,N22_C_064,True
2015-11-26,2015-11-25,C,C,3278,0.021278818571377978,0.17113515236416638,-1.7665517128257426,4,0,False,0.07784469560182766,0.5363646212616868,-0.6246677554042621,4,0,False,True,False,REALISED_ONLY,True,B,C,False,False,False,True,0.17113515236416638,0.5363646212616868,0.17092135973905567,0.5354392957820049,-1.1418839574214805,-1.1956097341150023,BELOW,BELOW,False,AVAILABLE_AFTER_MODEL_DAY_T,0.021278818571377978,True,65,N22_C_065,True
2015-12-07,2015-12-04,C,C,3285,0.05033112582781457,0.21882854674617655,-1.5209937772885986,4,0,False,0.038335158817086525,0.3916649501079946,-0.937526126616474,4,0,False,True,True,JOINT,True,B,C,False,False,False,True,0.21882854674617655,0.3916649501079946,0.2184946440096453,0.3915953954804356,-0.5834676506721246,-1.2292599519525362,BELOW,BELOW,False,AVAILABLE_AFTER_MODEL_DAY_T,0.038335158817086525,True,66,N22_C_066,True
2015-12-22,2015-12-21,C,C,3296,0.14355455607890355,0.29813906665644485,-1.2133124145462557,4,0,False,0.049737411183194316,0.422745628451319,-0.8629240914307381,4,0,False,False,True,IMPLIED_ONLY,True,B,C,False,False,False,True,0.29813906665644485,0.422745628451319,0.2972111605427716,0.4219265250206489,-0.3503883231155176,-1.038118252988497,BELOW,BELOW,False,AVAILABLE_AFTER_MODEL_DAY_T,0.049737411183194316,True,67,N22_C_067,True
2015-12-23,2015-12-22,C,C,3297,0.027826964620887486,0.14704989586806286,-2.0378621601381464,4,0,False,0.12760057528605404,0.5429681931751562,-0.6120845578762151,4,0,False,True,False,REALISED_ONLY,True,B,C,False,False,False,True,0.14704989586806286,0.5429681931751562,0.13030698879054803,0.5422194024543707,-1.4257776022619313,-1.3249733590071808,BELOW,BELOW,False,AVAILABLE_AFTER_MODEL_DAY_T,0.027826964620887486,True,68,N22_C_068,True
2016-02-01,2016-01-29,C,C,3325,0.1562913907284768,0.3042739291707419,-1.2139147731754238,4,0,False,0.02957283680175246,0.3877792783504924,-0.947622084598029,4,0,False,False,True,IMPLIED_ONLY,True,B,C,False,False,False,True,0.3042739291707419,0.3877792783504924,0.29703218674415105,0.3876617551679539,-0.26629268857739485,-1.0807684288867265,BELOW,BELOW,False,AVAILABLE_AFTER_MODEL_DAY_T,0.02957283680175246,True,69,N22_C_069,True
2016-02-03,2016-02-02,C,C,3327,0.03576158940397356,5.34827955165928,1.6757060056416355,4,0,False,0.35377427470595785,0.7422663777117267,-0.2981951624750915,4,0,False,True,False,REALISED_ONLY,True,B,C,False,False,False,True,5.34827955165928,0.7422663777117267,5.342565699426252,0.7421564845166579,1.973901168116727,0.6887554215832721,ABOVE,BELOW,False,AVAILABLE_AFTER_MODEL_DAY_T,0.03576158940397356,True,70,N22_C_070,True
2016-02-09,2016-02-08,C,C,3331,0.480794701986755,1.3233724799053193,0.28009534810564174,4,0,False,0.06364360644639655,2.2627335145544327,0.8164543821546097,4,0,False,False,True,IMPLIED_ONLY,True,B,C,False,False,False,True,1.3233724799053193,2.2627335145544327,1.323255976273212,2.2624637676256523,-0.536359034048968,0.5482748651301257,ABOVE,ABOVE,False,AVAILABLE_AFTER_MODEL_DAY_T,0.06364360644639655,True,71,N22_C_071,True
2016-02-12,2016-02-11,C,C,3334,0.6388231752664943,0.6125268228614114,-0.4902015896149773,4,0,False,0.05404023159254612,2.6097160770726235,0.9592209387758575,4,0,False,False,True,IMPLIED_ONLY,True,B,C,False,False,False,True,0.6125268228614114,2.6097160770726235,0.612502907512721,2.6096625943324807,-1.4494225283908349,0.2345096745804401,BELOW,ABOVE,False,AVAILABLE_AFTER_MODEL_DAY_T,0.05404023159254612,True,72,N22_C_072,True
2016-04-22,2016-04-21,C,C,3384,0.05324042922406769,4.237106593074396,1.4426815226591105,4,0,False,0.30697225364176545,0.7029404606561492,-0.35277858944398305,4,0,False,True,False,REALISED_ONLY,True,B,C,False,False,False,True,4.237106593074396,0.7029404606561492,4.232028896631026,0.7027327686066355,1.7954601121030935,0.5449514666075638,ABOVE,BELOW,False,AVAILABLE_AFTER_MODEL_DAY_T,0.05324042922406769,True,73,N22_C_073,True
2016-04-29,2016-04-28,C,C,3389,0.6291390728476821,0.6944041272647274,-0.40410507417052455,4,0,False,0.0,0.1901489413134433,-1.6663983466616232,4,0,False,False,True,IMPLIED_ONLY,True,B,C,False,False,False,True,0.6944041272647274,0.1901489413134433,0.6675739728021415,0.1889262887399845,1.2622932724910987,-1.035251710416074,BELOW,BELOW,False,AVAILABLE_AFTER_MODEL_DAY_T,0.0,True,74,N22_C_074,True
2016-06-17,2016-06-16,C,C,3424,0.42584906328575983,0.46893849786936237,-0.7573484642169691,4,0,False,0.034434492988053275,0.4317317087824206,-0.8401496350683734,4,0,False,False,True,IMPLIED_ONLY,True,B,C,False,False,False,True,0.46893849786936237,0.4317317087824206,0.4689081067272653,0.4316459292282882,0.08280117085140426,-0.7987490496426712,BELOW,BELOW,False,AVAILABLE_AFTER_MODEL_DAY_T,0.034434492988053275,True,75,N22_C_075,True
2016-06-23,2016-06-22,C,C,3428,0.04524382901866342,4.241985693801176,1.4444704670627537,4,0,False,0.5679393322609239,1.1388638712613284,0.12622448182152216,4,0,False,True,False,REALISED_ONLY,True,B,C,False,False,False,True,4.241985693801176,1.1388638712613284,4.239606537009476,1.1345368225918435,1.3182459852412316,0.7853474744421379,ABOVE,ABOVE,False,AVAILABLE_AFTER_MODEL_DAY_T,0.04524382901866342,True,76,N22_C_076,True
2016-06-24,2016-06-23,C,C,3429,0.009271523178807972,8.94629952100971,2.189509805412195,4,0,False,0.008762322015334112,6.403044610099318,1.856330619583964,4,0,False,True,True,JOINT,True,B,C,False,False,False,True,8.94629952100971,6.403044610099318,8.930834194938106,6.400208830404329,0.3331791858282309,2.0229202124980796,ABOVE,ABOVE,False,AVAILABLE_AFTER_MODEL_DAY_T,0.008762322015334112,True,77,N22_C_077,True
2016-06-29,2016-06-28,C,C,3432,0.8996405425505543,0.7881173387797982,-0.23832068355673997,4,0,False,0.06133625410733844,0.4438884261910269,-0.8121940965780291,4,0,False,False,True,IMPLIED_ONLY,True,B,C,False,False,False,True,0.7881173387797982,0.4438884261910269,0.7879499679755985,0.44388307466609095,0.5738734130212891,-0.5252573900673845,BELOW,BELOW,False,AVAILABLE_AFTER_MODEL_DAY_T,0.06133625410733844,True,78,N22_C_078,True
2016-07-21,2016-07-20,C,C,3448,0.04635761589403975,4.604050192646547,1.526900799121531,4,0,False,0.5370070820811111,0.8208931847841017,-0.19771343145216724,4,0,False,True,False,REALISED_ONLY,True,B,C,False,False,False,True,4.604050192646547,0.8208931847841017,4.60388632064124,0.8206049790235632,1.7246142305736982,0.664593683834682,ABOVE,BELOW,False,AVAILABLE_AFTER_MODEL_DAY_T,0.04635761589403975,True,79,N22_C_079,True
2016-08-01,2016-07-29,C,C,3455,0.2503311258278146,0.3681356482385216,-1.0330571075141832,4,0,False,0.0,0.1472298446781396,-1.917154306821816,4,0,False,False,True,IMPLIED_ONLY,True,B,C,False,False,False,True,0.3681356482385216,0.1472298446781396,0.3559172184854508,0.14702475473520224,0.8840971993076328,-1.4751057071679996,BELOW,BELOW,False,AVAILABLE_AFTER_MODEL_DAY_T,0.0,True,80,N22_C_080,True
2016-08-04,2016-08-03,C,C,3458,0.9324503311258279,0.7683845273268377,-0.26495874285169096,4,0,False,0.06181674928597223,0.48010037378548576,-0.7378696035104669,4,0,False,False,True,IMPLIED_ONLY,True,B,C,False,False,False,True,0.7683845273268377,0.48010037378548576,0.7672376033584771,0.4781314408130788,0.47291086065877597,-0.501414173181079,BELOW,BELOW,False,AVAILABLE_AFTER_MODEL_DAY_T,0.06181674928597223,True,81,N22_C_081,True
2016-08-12,2016-08-11,C,C,3464,0.03992102560470301,5.280329322600931,1.663286420663715,4,0,False,0.4534501642935378,0.7552035444266918,-0.28150994417894126,4,0,False,True,False,REALISED_ONLY,True,B,C,False,False,False,True,5.280329322600931,0.7552035444266918,5.276623585175154,0.7546434113288507,1.9447963648426563,0.6908882382423869,ABOVE,BELOW,False,AVAILABLE_AFTER_MODEL_DAY_T,0.03992102560470301,True,82,N22_C_082,True
2016-09-05,2016-09-02,C,C,3480,0.904635761589404,0.8419786644253401,-0.1720225384307268,4,0,False,0.06149592175986582,0.46457672036343084,-0.7695621930479984,4,0,False,False,True,IMPLIED_ONLY,True,B,C,False,False,False,True,0.8419786644253401,0.46457672036343084,0.8419601964930851,0.46321582303187686,0.5975396546172717,-0.4707923657393626,BELOW,BELOW,False,AVAILABLE_AFTER_MODEL_DAY_T,0.06149592175986582,True,83,N22_C_083,True
2016-09-06,2016-09-05,C,C,3481,0.04635761589403975,4.405237454573047,1.4818025910320092,4,0,False,0.23001095290251916,0.6607226249648924,-0.414486936696026,4,0,False,True,False,REALISED_ONLY,True,B,C,False,False,False,True,4.405237454573047,0.6607226249648924,4.400871506772448,0.6606791639980057,1.8962895277280352,0.5336578271679916,ABOVE,BELOW,False,AVAILABLE_AFTER_MODEL_DAY_T,0.04635761589403975,True,84,N22_C_084,True
2016-09-23,2016-09-22,C,C,3494,0.713907284768212,1.0368220638319046,0.03593987167154313,4,0,False,0.0027247956403269754,0.262452722528991,-1.3742965018191582,4,0,False,False,True,IMPLIED_ONLY,True,B,C,False,False,False,True,1.0368220638319046,0.262452722528991,1.0365935159816226,0.2530175305814973,1.4102363734907013,-0.6691783150738075,ABOVE,BELOW,False,AVAILABLE_AFTER_MODEL_DAY_T,0.0027247956403269754,True,85,N22_C_085,True
2016-12-23,2016-12-22,C,C,3559,0.09052484329071786,0.2451747821422155,-1.406209352743469,4,0,False,0.023214482900638968,0.4163530893933687,-0.876986500820345,4,0,False,False,True,IMPLIED_ONLY,True,B,C,False,False,False,True,0.2451747821422155,0.4163530893933687,0.24507050048657744,0.4160347448975102,-0.5292228519231239,-1.141597926781907,BELOW,BELOW,False,AVAILABLE_AFTER_MODEL_DAY_T,0.023214482900638968,True,86,N22_C_086,True
2017-03-17,2017-03-16,C,C,3619,0.7919715267202606,0.888525009599385,-0.12730592207831207,4,0,False,0.028242524754890006,0.38841729683987436,-0.9457405808896409,4,0,False,False,True,IMPLIED_ONLY,True,B,C,False,False,False,True,0.888525009599385,0.38841729683987436,0.8804642779305858,0.3883918288006512,0.8184346588113288,-0.5365232514839765,BELOW,BELOW,False,AVAILABLE_AFTER_MODEL_DAY_T,0.028242524754890006,True,87,N22_C_087,True
2017-04-24,2017-04-21,validation,validation,3645,0.09245801682003843,0.2111659889857933,-1.5560787243530898,4,0,False,0.0,8.246229501227434,2.109296914103415,4,0,False,False,True,IMPLIED_ONLY,True,C,validation,False,False,False,True,0.2111659889857933,8.246229501227434,0.210961690341496,8.242444100705745,-3.6653756384565046,0.2766090948751625,BELOW,ABOVE,False,AVAILABLE_AFTER_MODEL_DAY_T,0.0,True,1,N22_V_001,True
2017-05-08,2017-05-05,validation,validation,3655,0.20523712399826555,0.2819167841670601,-1.2662643036287147,4,0,False,0.005611228617779296,3.2266960169175793,1.1649041507649147,4,0,False,False,True,IMPLIED_ONLY,True,C,validation,False,False,False,True,0.2819167841670601,3.2266960169175793,0.28188268545384204,3.205615612672775,-2.4311684543936294,-0.05068007643189998,BELOW,ABOVE,False,AVAILABLE_AFTER_MODEL_DAY_T,0.005611228617779296,True,2,N22_V_002,True
2017-05-29,2017-05-26,validation,validation,3670,0.0330672748004561,0.14172187367268907,-1.9540473014135182,4,0,False,0.7755816580076801,0.8783033391254234,-0.13099540806651214,4,0,False,True,False,REALISED_ONLY,True,C,validation,False,False,False,True,0.14172187367268907,0.8783033391254234,0.14169940923579163,0.8772218025259664,-1.8230518933470061,-1.0425213547400152,BELOW,BELOW,False,AVAILABLE_AFTER_MODEL_DAY_T,0.0330672748004561,True,3,N22_V_003,True
2017-08-07,2017-08-04,validation,validation,3720,0.021664766248574687,0.11134031695457669,-2.195434798943028,4,0,False,0.5431612899819985,0.6591001610633711,-0.4169053739623253,4,0,False,True,False,REALISED_ONLY,True,C,validation,False,False,False,True,0.11134031695457669,0.6591001610633711,0.11131015344472249,0.6590832834330781,-1.7785294249807024,-1.3061700864526766,BELOW,BELOW,False,AVAILABLE_AFTER_MODEL_DAY_T,0.021664766248574687,True,4,N22_V_004,True
2017-08-29,2017-08-28,validation,validation,3736,0.02052451539338651,4.64754884276884,1.5357817678318844,4,0,False,0.5032188841201717,0.655599169694023,-0.42378849859854106,4,0,False,True,False,REALISED_ONLY,True,C,validation,False,False,False,True,4.64754884276884,0.655599169694023,4.644955387618692,0.6545623081151828,1.9595702664304255,0.5559966346166716,ABOVE,BELOW,False,AVAILABLE_AFTER_MODEL_DAY_T,0.02052451539338651,True,5,N22_V_005,True
2017-09-11,2017-09-08,validation,validation,3745,0.43076455693492005,0.4204371147702005,-0.8665177924516145,4,0,False,0.01489080341447191,2.236464583538746,0.8048891420302687,4,0,False,False,True,IMPLIED_ONLY,True,C,validation,False,False,False,True,0.4204371147702005,2.236464583538746,0.4204129685006783,2.236448556930644,-1.6714069344818832,-0.0308143252106729,BELOW,ABOVE,False,AVAILABLE_AFTER_MODEL_DAY_T,0.01489080341447191,True,6,N22_V_006,True
2017-10-23,2017-10-20,validation,validation,3775,0.6111744583808438,0.5184350692581887,-0.6575650580929248,4,0,False,0.01012780514071232,2.78270005393804,1.0166097320319227,4,0,False,False,True,IMPLIED_ONLY,True,C,validation,False,False,False,True,0.5184350692581887,2.78270005393804,0.5181113709009526,2.763808810026396,-1.6741747901248476,0.17952233696949899,BELOW,ABOVE,False,AVAILABLE_AFTER_MODEL_DAY_T,0.01012780514071232,True,7,N22_V_007,True
2018-01-09,2018-01-08,validation,validation,3831,0.04104903078677302,3.5390546100104587,1.2633292550782282,4,0,False,0.5064377682403434,0.643756880159829,-0.4404341394343846,3,0,False,True,False,REALISED_ONLY,True,C,validation,False,False,False,True,3.5390546100104587,0.643756880159829,3.5371780742342502,0.643756880159829,1.7037633945126127,0.4114475578219218,ABOVE,BELOW,False,AVAILABLE_AFTER_MODEL_DAY_T,0.04104903078677302,True,8,N22_V_008,True
2018-01-25,2018-01-24,validation,validation,3843,0.04862661334789431,2.989414987566696,1.0929857165784111,4,0,False,0.3484968273199581,1.0990570165936862,0.09443541727783988,4,0,False,True,False,REALISED_ONLY,True,C,validation,False,False,False,True,2.989414987566696,1.0990570165936862,2.983167682262374,1.099038181963387,0.9985502993005713,0.5937105669281255,ABOVE,ABOVE,False,AVAILABLE_AFTER_MODEL_DAY_T,0.04862661334789431,True,9,N22_V_009,True
2018-03-05,2018-03-02,validation,validation,3870,0.3899657924743444,0.4047281837362511,-0.9045415044694851,4,0,False,0.052179887827586424,1.7890749891109952,0.5813644096013018,4,0,False,False,True,IMPLIED_ONLY,True,C,validation,False,False,False,True,0.4047281837362511,1.7890749891109952,0.40472740827676756,1.788476981946312,-1.4859059140707869,-0.16158854743409168,BELOW,ABOVE,False,AVAILABLE_AFTER_MODEL_DAY_T,0.052179887827586424,True,10,N22_V_010,True
2018-05-23,2018-05-22,validation,validation,3927,0.04047756703657901,3.5423687521002534,1.2644749618271685,4,0,False,0.823808656541501,0.7963572879440949,-0.22771964758073526,4,0,False,True,False,REALISED_ONLY,True,C,validation,False,False,False,True,3.5423687521002534,0.7963572879440949,3.541232965440662,0.7963474864873378,1.4921946094079037,0.5183776571232166,ABOVE,BELOW,False,AVAILABLE_AFTER_MODEL_DAY_T,0.04047756703657901,True,11,N22_V_011,True
2018-05-29,2018-05-28,validation,validation,3931,0.03470939663063899,3.29324956462393,1.1917820207509893,4,0,False,0.6199684314439712,0.9600993639384464,-0.04464723330217409,4,0,False,True,False,REALISED_ONLY,True,C,validation,False,False,False,True,3.29324956462393,0.9600993639384464,3.292944076630682,0.9563347853991306,1.2364292540531634,0.5735673937244076,ABOVE,BELOW,False,AVAILABLE_AFTER_MODEL_DAY_T,0.03470939663063899,True,12,N22_V_012,True
2018-10-26,2018-10-25,validation,validation,4039,0.04285844294195429,3.434400143770994,1.2337415492923753,4,0,False,0.8225799639970648,0.7982361010448897,-0.2259316393857988,4,0,False,True,False,REALISED_ONLY,True,C,validation,False,False,False,True,3.434400143770994,0.7982361010448897,3.4340542123578115,0.7977726360290436,1.4596731886781742,0.5039049549532882,ABOVE,BELOW,False,AVAILABLE_AFTER_MODEL_DAY_T,0.04285844294195429,True,13,N22_V_013,True
2018-12-06,2018-12-05,validation,validation,4068,0.05473204104903073,2.9974734125026012,1.0976513059092206,4,0,False,0.4186089492165842,0.6175501104758805,-0.484589590233922,4,0,False,True,False,REALISED_ONLY,True,C,validation,False,False,False,True,2.9974734125026012,0.6175501104758805,2.9971184365115056,0.6159499367667192,1.5822408961431425,0.3065308578376493,ABOVE,BELOW,False,AVAILABLE_AFTER_MODEL_DAY_T,0.05473204104903073,True,14,N22_V_014,True
2019-02-18,2019-02-15,validation,validation,4120,0.046044989052521135,0.16830511660087283,-1.7822149817091537,4,0,False,0.4467518173035807,0.6585675868969381,-0.42078939047478847,4,0,False,True,False,REALISED_ONLY,True,C,validation,False,False,False,True,0.16830511660087283,0.6585675868969381,0.16826503023318154,0.6565283579753464,-1.3614255912343651,-1.1015021860919711,BELOW,BELOW,False,AVAILABLE_AFTER_MODEL_DAY_T,0.046044989052521135,True,15,N22_V_015,True
2019-04-22,2019-04-19,validation,validation,4165,0.01710376282782212,0.1236113506554038,-2.1074874290252223,4,0,False,0.02710639259091936,0.3099092154743559,-1.1724639137189405,4,0,False,True,True,JOINT,True,C,validation,False,False,False,True,0.1236113506554038,0.3099092154743559,0.12154296843801851,0.3096031652265244,-0.9350235153062818,-1.6399756713720814,BELOW,BELOW,False,AVAILABLE_AFTER_MODEL_DAY_T,0.01710376282782212,True,16,N22_V_016,True
2019-05-06,2019-05-03,validation,validation,4175,0.03420752565564422,4.023145315257209,1.3868350442402402,4,0,False,0.023887508470747686,0.30246879800342885,-1.1960414177573047,4,0,False,True,True,JOINT,True,C,validation,False,False,False,True,4.023145315257209,0.30246879800342885,4.0021633172632605,0.30238887700101336,2.582876461997545,0.09539681324146776,ABOVE,BELOW,False,AVAILABLE_AFTER_MODEL_DAY_T,0.023887508470747686,True,17,N22_V_017,True
2019-05-17,2019-05-16,validation,validation,4184,0.1470923603192703,1.9000351116266119,0.6319853975279249,4,0,False,0.03952502207528184,0.35069714928391654,-1.0489715119154162,4,0,False,False,True,IMPLIED_ONLY,True,C,validation,False,False,False,True,1.9000351116266119,0.35069714928391654,1.8813420857029108,0.35029784105985984,1.6809569094433412,-0.2084930571937456,ABOVE,BELOW,False,AVAILABLE_AFTER_MODEL_DAY_T,0.03952502207528184,True,18,N22_V_018,True
2019-07-01,2019-06-28,validation,validation,4215,0.5099771949828962,0.4641550533151326,-0.7692695940241424,4,0,False,0.00883011273795098,2.7411134810512197,1.0083577802243866,4,0,False,False,True,IMPLIED_ONLY,True,C,validation,False,False,False,True,0.4641550533151326,2.7411134810512197,0.4633513793603882,2.7410958349944705,-1.777627374248529,0.1195440931001221,BELOW,ABOVE,False,AVAILABLE_AFTER_MODEL_DAY_T,0.00883011273795098,True,19,N22_V_019,True
2019-07-04,2019-07-03,validation,validation,4218,0.009222381036504088,0.0939610342024884,-2.365277289946583,4,0,False,0.07322400477223656,0.3691753792619513,-1.0178721089640261,4,0,False,True,False,REALISED_ONLY,True,C,validation,False,False,False,True,0.0939610342024884,0.3691753792619513,0.09392325278353213,0.36136306386581674,-1.347405180982557,-1.6915746994553045,BELOW,BELOW,False,AVAILABLE_AFTER_MODEL_DAY_T,0.009222381036504088,True,20,N22_V_020,True
2019-07-29,2019-07-26,validation,validation,4235,0.4815070583133923,0.9055411251206111,-0.1096719101892773,4,0,False,0.05516253567981601,0.37632590575554525,-0.9788586737882704,4,0,False,False,True,IMPLIED_ONLY,True,C,validation,False,False,False,True,0.9055411251206111,0.37632590575554525,0.8961280975687929,0.3757396957840033,0.8691867635989932,-0.5442652919887738,BELOW,BELOW,False,AVAILABLE_AFTER_MODEL_DAY_T,0.05516253567981601,True,21,N22_V_021,True
2019-08-26,2019-08-23,validation,validation,4255,0.4629418472063854,1.1348618100135923,0.126477628295456,4,0,False,0.019929359098096344,2.2204325766187836,0.7971753355008717,4,0,False,False,True,IMPLIED_ONLY,True,C,validation,False,False,False,True,1.1348618100135923,2.2204325766187836,1.1348240629434379,2.2192633921812743,-0.6706977072054157,0.4618264818981639,ABOVE,ABOVE,False,AVAILABLE_AFTER_MODEL_DAY_T,0.019929359098096344,True,22,N22_V_022,True
2019-10-01,2019-09-30,validation,validation,4281,0.03876852907639683,3.34012273484367,1.205324901339043,4,0,False,0.4621280571698462,0.6390213371983231,-0.4487420454238265,4,0,False,True,False,REALISED_ONLY,True,C,validation,False,False,False,True,3.34012273484367,0.6390213371983231,3.3378433716946305,0.6384307635918622,1.6540669467628695,0.3782914279576083,ABOVE,BELOW,False,AVAILABLE_AFTER_MODEL_DAY_T,0.03876852907639683,True,23,N22_V_023,True
2019-10-28,2019-10-25,validation,validation,4300,0.5767474478188017,0.9006839205407432,-0.10931667050958191,4,0,False,0.04014107645234819,0.344250687267944,-1.0665385717110514,4,0,False,False,True,IMPLIED_ONLY,True,C,validation,False,False,False,True,0.9006839205407432,0.344250687267944,0.896446494377381,0.34419787405307867,0.9572219012014694,-0.5879276211103166,BELOW,BELOW,False,AVAILABLE_AFTER_MODEL_DAY_T,0.04014107645234819,True,24,N22_V_024,True
2019-11-28,2019-11-27,validation,validation,4323,0.4469783352337514,0.45250979964147164,-0.7964413101393302,4,0,False,0.055321683060558145,0.36520083461304775,-1.0084855238101684,4,0,False,False,True,IMPLIED_ONLY,True,C,validation,False,False,False,True,0.45250979964147164,0.36520083461304775,0.4509308351364639,0.3647709984481807,0.21204421367083826,-0.9024634169747493,BELOW,BELOW,False,AVAILABLE_AFTER_MODEL_DAY_T,0.055321683060558145,True,25,N22_V_025,True
2019-12-17,2019-12-16,validation,validation,4336,0.1459521094640821,0.25897883971119684,-1.3515100333776742,4,0,False,0.06974248927038626,0.3809332047363643,-0.9668669243682263,4,0,False,False,True,IMPLIED_ONLY,True,C,validation,False,False,False,True,0.25897883971119684,0.3809332047363643,0.25884909461069205,0.3802725964475549,-0.38464310900944787,-1.1591884788729503,BELOW,BELOW,False,AVAILABLE_AFTER_MODEL_DAY_T,0.06974248927038626,True,26,N22_V_026,True
2019-12-24,2019-12-23,validation,validation,4341,0.020524515393386546,0.1326403503955042,-2.038329208202051,4,0,False,0.027722446967985707,0.302699801679145,-1.1992983918833353,4,1,True,True,True,JOINT,True,C,validation,False,False,False,True,0.1326403503955042,0.302699801679145,0.13024614337369325,0.30140560636533253,-0.8390308163187159,-1.6188138000426933,BELOW,BELOW,True,AVAILABLE_AFTER_MODEL_DAY_T,0.020524515393386546,True,27,N22_V_027,True
2020-01-17,2020-01-16,validation,validation,4359,0.4640820980615735,0.45921478359853707,-0.7910873085189025,4,0,False,0.04105489044499661,0.3414070146264524,-1.0829833341253932,4,0,False,False,True,IMPLIED_ONLY,True,C,validation,False,False,False,True,0.45921478359853707,0.3414070146264524,0.45335159414967247,0.33858390847077696,0.29189602560649064,-0.9370353213221478,BELOW,BELOW,False,AVAILABLE_AFTER_MODEL_DAY_T,0.04105489044499661,True,28,N22_V_028,True
2020-01-20,2020-01-17,validation,validation,4360,0.021664766248574687,0.1382073278506471,-1.9795077827656877,4,0,False,0.07681684703369818,0.4045737104786291,-0.9052188754908179,4,0,False,True,False,REALISED_ONLY,True,C,validation,False,False,False,True,0.1382073278506471,0.4045737104786291,0.13813721409732604,0.4044533504887425,-1.0742889072748698,-1.442363329128253,BELOW,BELOW,False,AVAILABLE_AFTER_MODEL_DAY_T,0.021664766248574687,True,29,N22_V_029,True
2020-03-02,2020-02-28,validation,validation,4390,0.07981755986316996,2.407697504927496,0.878618808971039,4,0,False,0.023186787661868102,2.1722149564325903,0.7756116055308273,4,0,False,False,True,IMPLIED_ONLY,True,C,validation,False,False,False,True,2.407697504927496,2.1722149564325903,2.407572091935621,2.1719200793836584,0.10300720344021164,0.8271152072509331,ABOVE,ABOVE,False,AVAILABLE_AFTER_MODEL_DAY_T,0.023186787661868102,True,30,N22_V_030,True
2020-03-10,2020-03-09,validation,validation,4396,0.39437690376389845,1.2352884534046558,0.20751891694750274,4,0,False,0.003375935046904144,4.910892914985908,1.5914179118071823,4,0,False,False,True,IMPLIED_ONLY,True,C,validation,False,False,False,True,1.2352884534046558,4.910892914985908,1.2306209962126855,4.910706943591811,-1.3838989948596796,0.8994684143773425,ABOVE,ABOVE,False,AVAILABLE_AFTER_MODEL_DAY_T,0.003375935046904144,True,31,N22_V_031,True
2020-05-29,2020-05-28,validation,validation,4454,0.05245153933865443,3.1631338314090076,1.1511740568221782,4,0,False,0.2967944637246648,0.5646741690363235,-0.5806523713344767,4,0,False,True,False,REALISED_ONLY,True,C,validation,False,False,False,True,3.1631338314090076,0.5646741690363235,3.1619029851146587,0.5595332240380434,1.7318264281566549,0.2852608427438508,ABOVE,BELOW,False,AVAILABLE_AFTER_MODEL_DAY_T,0.05245153933865443,True,32,N22_V_032,True
2020-06-23,2020-06-22,validation,validation,4471,0.027366020524515422,3.7619209748115816,1.3240176065244458,4,0,False,0.14939318643858965,0.4722157345733534,-0.7503426824584891,4,0,False,True,False,REALISED_ONLY,True,C,validation,False,False,False,True,3.7619209748115816,0.4722157345733534,3.7584912234957764,0.472204708741547,2.074360288982935,0.28683746203297833,ABOVE,BELOW,False,AVAILABLE_AFTER_MODEL_DAY_T,0.027366020524515422,True,33,N22_V_033,True
2020-07-03,2020-07-02,validation,validation,4479,0.0068415051311288486,0.08876513409565935,-2.431459709749685,4,0,False,0.05182044068423106,0.36208420876149916,-1.0179089669682375,4,0,False,True,True,JOINT,True,C,validation,False,False,False,True,0.08876513409565935,0.36208420876149916,0.0879084181062537,0.36134974498994205,-1.4135507427814475,-1.7246843383589612,BELOW,BELOW,False,AVAILABLE_AFTER_MODEL_DAY_T,0.0068415051311288486,True,34,N22_V_034,True
2020-07-24,2020-07-23,validation,validation,4494,0.02850627137970352,4.121528726440857,1.4160858220895793,4,0,False,0.7033110283255943,0.7391992119414628,-0.30589383799451964,4,0,False,True,False,REALISED_ONLY,True,C,validation,False,False,False,True,4.121528726440857,0.7391992119414628,4.120958665476575,0.7364647998862527,1.721979660084099,0.5550959920475298,ABOVE,BELOW,False,AVAILABLE_AFTER_MODEL_DAY_T,0.02850627137970352,True,35,N22_V_035,True
2020-07-27,2020-07-24,validation,validation,4495,0.6875712656784493,0.8975598226342346,-0.10889231571972613,4,0,False,0.009076534488777543,2.562764343722354,0.9365815338538892,4,0,False,False,True,IMPLIED_ONLY,True,C,validation,False,False,False,True,0.8975598226342346,2.562764343722354,0.89682698646723,2.551245149343529,-1.0454738495736153,0.41384460906708154,BELOW,ABOVE,False,AVAILABLE_AFTER_MODEL_DAY_T,0.009076534488777543,True,36,N22_V_036,True
2020-07-31,2020-07-30,validation,validation,4499,0.030081477079887176,3.852060779907392,1.34806777360981,4,0,False,0.32981396799613927,0.5415260127383521,-0.613396000303158,4,0,False,True,False,REALISED_ONLY,True,C,validation,False,False,False,True,3.852060779907392,0.5415260127383521,3.8499793074995585,0.5415087789980045,1.961463773912968,0.36733588665332595,ABOVE,BELOW,False,AVAILABLE_AFTER_MODEL_DAY_T,0.030081477079887176,True,37,N22_V_037,True
2020-08-28,2020-08-27,validation,validation,4519,0.04738598829770724,3.06443058173819,1.119793696063972,4,0,False,0.5967000020535146,0.6383535478730118,-0.46090849903959286,4,0,False,True,False,REALISED_ONLY,True,C,validation,False,False,False,True,3.06443058173819,0.6383535478730118,3.064221977025137,0.6307103853638463,1.580702195103565,0.3294425985121896,ABOVE,BELOW,False,AVAILABLE_AFTER_MODEL_DAY_T,0.04738598829770724,True,38,N22_V_038,True
2020-11-23,2020-11-20,validation,validation,4580,0.036488027366020526,3.4308021091095253,1.2317949560372892,4,0,False,0.36332320266135487,0.5927180754645747,-0.5252908137114394,4,0,False,True,False,REALISED_ONLY,True,C,validation,False,False,False,True,3.4308021091095253,0.5927180754645747,3.4273760075733986,0.591383356968049,1.7570857697487285,0.3532520711629249,ABOVE,BELOW,False,AVAILABLE_AFTER_MODEL_DAY_T,0.036488027366020526,True,39,N22_V_039,True
2020-12-24,2020-12-23,validation,validation,4603,0.05090711505827057,0.17015713211317007,-1.771554000173977,4,0,False,0.15347454668665422,0.47204257692154017,-0.7508117852111409,4,0,False,True,False,REALISED_ONLY,True,C,validation,False,False,False,True,0.17015713211317007,0.47204257692154017,0.17006849689462114,0.4719832481608064,-1.020742214962836,-1.2611828926925588,BELOW,BELOW,False,AVAILABLE_AFTER_MODEL_DAY_T,0.05090711505827057,True,40,N22_V_040,True
2021-02-04,2021-02-03,validation,validation,4633,0.5279361459521095,0.49771751972786793,-0.7000261492032208,4,0,False,0.05408957430642544,0.3735899819073772,-0.9857461648432944,4,0,False,False,True,IMPLIED_ONLY,True,C,validation,False,False,False,True,0.49771751972786793,0.3735899819073772,0.49657231865116047,0.3731606836469423,0.28572001564007354,-0.8428861570232575,BELOW,BELOW,False,AVAILABLE_AFTER_MODEL_DAY_T,0.05408957430642544,True,41,N22_V_041,True
2021-06-11,2021-06-10,validation,validation,4724,0.5324971493728621,0.49938268137929337,-0.6971200730610745,4,0,False,0.055793991416309016,0.3908712588670602,-0.9395383786696514,4,0,False,False,True,IMPLIED_ONLY,True,C,validation,False,False,False,True,0.49938268137929337,0.3908712588670602,0.4980174944976914,0.39080819912622883,0.2424183056085769,-0.8183292258653629,BELOW,BELOW,False,AVAILABLE_AFTER_MODEL_DAY_T,0.055793991416309016,True,42,N22_V_042,True
2021-07-05,2021-07-02,validation,validation,4740,0.7822120866590649,0.7161302392337512,-0.34104464042787763,4,0,False,0.0260334312175288,0.3048152925998653,-1.1880724617025789,4,0,False,False,True,IMPLIED_ONLY,True,C,validation,False,False,False,True,0.7161302392337512,0.3048152925998653,0.7110271669409783,0.30480822771980887,0.8470278212747012,-0.7645585510652282,BELOW,BELOW,False,AVAILABLE_AFTER_MODEL_DAY_T,0.0260334312175288,True,43,N22_V_043,True
2021-08-04,2021-08-03,validation,validation,4762,0.015963511972634015,5.398440580281219,1.6858624589020224,4,0,False,0.7869297951352718,0.7591591104276616,-0.27780044835733025,4,0,False,True,False,REALISED_ONLY,True,C,validation,False,False,False,True,5.398440580281219,0.7591591104276616,5.397103705784357,0.757447956418165,1.9636629072593526,0.7040310052723461,ABOVE,BELOW,False,AVAILABLE_AFTER_MODEL_DAY_T,0.015963511972634015,True,44,N22_V_044,True
2021-08-13,2021-08-12,validation,validation,4769,0.35005701254275934,1.2642667861961137,0.23449074702712366,4,0,False,0.05387908906092778,0.3646132812972414,-1.0090750501956323,4,0,False,False,True,IMPLIED_ONLY,True,C,validation,False,False,False,True,1.2642667861961137,0.3646132812972414,1.2642647741739867,0.36455601969399365,1.2435657972227558,-0.3872921515842543,ABOVE,BELOW,False,AVAILABLE_AFTER_MODEL_DAY_T,0.05387908906092778,True,45,N22_V_045,True
2021-09-06,2021-09-03,validation,validation,4785,0.021965888833571555,0.13228914334299818,-2.024372116909867,4,0,False,0.12146025422510627,0.4530993964638364,-0.7917722556515234,4,0,False,True,False,REALISED_ONLY,True,C,validation,False,False,False,True,0.13228914334299818,0.4530993964638364,0.1320767459138558,0.4530411785964481,-1.2325998612583438,-1.4080721862806953,BELOW,BELOW,False,AVAILABLE_AFTER_MODEL_DAY_T,0.021965888833571555,True,46,N22_V_046,True
2021-11-25,2021-11-24,test,test,4843,0.002176278563656148,0.09083933537060225,-2.3992415765379747,4,0,False,0.7418847418847418,0.7418223480305739,-0.30326503703060725,4,0,False,True,False,REALISED_ONLY,True,validation,test,False,False,False,True,0.09083933537060225,0.7418223480305739,0.09078678201097354,0.7384033661981889,-2.0959765395073675,-1.351253306784291,BELOW,BELOW,False,AVAILABLE_AFTER_MODEL_DAY_T,0.002176278563656148,True,1,N22_T_001,True
2021-11-29,2021-11-26,test,test,4845,0.5712731229597389,1.0043279264167264,0.003468378696908865,4,0,False,0.006485056485056484,3.551620918592859,1.2672829282693612,4,0,False,False,True,IMPLIED_ONLY,True,validation,test,False,False,False,True,1.0043279264167264,3.551620918592859,1.0034744004822327,3.5511906025843505,-1.2638145495724522,0.6353756534831351,ABOVE,ABOVE,False,AVAILABLE_AFTER_MODEL_DAY_T,0.006485056485056484,True,2,N22_T_002,True
2021-11-30,2021-11-29,test,test,4846,0.014145810663764968,4.4408370391712415,1.4903852698258042,4,0,False,0.5323598825267346,0.6495093461230858,-0.43487442135491083,4,0,False,True,False,REALISED_ONLY,True,validation,test,False,False,False,True,4.4408370391712415,0.6495093461230858,4.438805327368984,0.6473459548018347,1.925259691180715,0.5277554242354467,ABOVE,BELOW,False,AVAILABLE_AFTER_MODEL_DAY_T,0.014145810663764968,True,3,N22_T_003,True
2021-12-31,2021-12-30,test,test,4869,0.04159403406943696,0.1743141329874459,-1.7689070919668863,4,0,False,0.3576719576719577,0.5441054612693388,-0.6121551400667593,4,0,False,True,False,REALISED_ONLY,True,validation,test,False,False,False,True,0.1743141329874459,0.5441054612693388,0.17051924888121678,0.5421811327717848,-1.156751951900127,-1.1905311160168228,BELOW,BELOW,False,AVAILABLE_AFTER_MODEL_DAY_T,0.04159403406943696,True,4,N22_T_004,True
2022-01-05,2022-01-04,test,test,4872,0.8411316648531013,0.7836023866604866,-0.24385354993221275,4,0,False,0.0616711101694416,1.4931590042029597,0.4007351554658087,4,0,False,False,True,IMPLIED_ONLY,True,validation,test,False,False,False,True,0.7836023866604866,1.4931590042029597,0.7836023844823944,1.4929218239515594,-0.6445887053980215,0.07844080276679796,BELOW,ABOVE,False,AVAILABLE_AFTER_MODEL_DAY_T,0.0616711101694416,True,5,N22_T_005,True
2022-02-14,2022-02-11,test,test,4900,0.31447225244831345,1.317628220359111,0.27577008940090986,4,0,False,0.03593951093951098,1.7271521174725044,0.5460917295780974,4,0,False,False,True,IMPLIED_ONLY,True,validation,test,False,False,False,True,1.317628220359111,1.7271521174725044,1.3175449116626894,1.7264922164897136,-0.2703216401771875,0.4109309094895036,ABOVE,ABOVE,False,AVAILABLE_AFTER_MODEL_DAY_T,0.03593951093951098,True,6,N22_T_006,True
2022-02-21,2022-02-18,test,test,4905,0.04896626768226333,0.19748808049288344,-1.622459328303783,4,0,False,0.616726403823178,0.8936323421067994,-0.11296557799112042,4,0,False,True,False,REALISED_ONLY,True,validation,test,False,False,False,True,0.19748808049288344,0.8936323421067994,0.1974125991962885,0.8931814046851108,-1.5094937503126624,-0.8677124531474517,BELOW,BELOW,False,AVAILABLE_AFTER_MODEL_DAY_T,0.04896626768226333,True,7,N22_T_007,True
2022-02-24,2022-02-23,test,test,4908,0.016322089227421177,4.158782003325124,1.4243012602741756,4,0,False,0.7080902330902331,0.8487878565383359,-0.1646257498104254,4,0,False,True,False,REALISED_ONLY,True,validation,test,False,False,False,True,4.158782003325124,0.8487878565383359,4.15495359708102,0.8482110878541727,1.588927010084601,0.6298377552318751,ABOVE,BELOW,False,AVAILABLE_AFTER_MODEL_DAY_T,0.016322089227421177,True,8,N22_T_008,True
2022-03-07,2022-03-04,test,test,4915,0.14798694232861806,0.3394308172739251,-1.0807239981755514,4,0,False,0.06249106249106251,1.421241417328123,0.34870062545288216,4,0,False,False,True,IMPLIED_ONLY,True,validation,test,False,False,False,True,0.3394308172739251,1.421241417328123,0.33934974808593477,1.4172248457798053,-1.4294246236284336,-0.36601168636133463,BELOW,ABOVE,False,AVAILABLE_AFTER_MODEL_DAY_T,0.06249106249106251,True,9,N22_T_009,True
2022-03-22,2022-03-21,test,test,4926,0.028291621327529937,3.4223351767223757,1.2303024996094654,4,0,False,0.5352852852852853,0.9023093072411623,-0.10626633689406453,4,0,False,True,False,REALISED_ONLY,True,validation,test,False,False,False,True,3.4223351767223757,0.9023093072411623,3.422264613435616,0.8991851300063757,1.33656883650353,0.5620180813577004,ABOVE,BELOW,False,AVAILABLE_AFTER_MODEL_DAY_T,0.028291621327529937,True,10,N22_T_010,True
2022-03-28,2022-03-25,test,test,4930,0.005440696409140355,6.0292883922293345,1.7954702014897705,4,0,False,0.8579690647265731,0.7521922556573473,-0.28500962334981494,4,0,False,True,False,REALISED_ONLY,True,validation,test,False,False,False,True,6.0292883922293345,0.7521922556573473,6.022305753314536,0.7520070174579689,2.0804798248395855,0.7552302890699778,ABOVE,BELOW,False,AVAILABLE_AFTER_MODEL_DAY_T,0.005440696409140355,True,11,N22_T_011,True
2022-03-29,2022-03-28,test,test,4931,0.10337323177366697,2.058154775864855,0.7215831552740786,4,0,False,0.010582010582010581,2.721776072673621,1.0012840813913886,4,0,False,False,True,IMPLIED_ONLY,True,validation,test,False,False,False,True,2.058154775864855,2.721776072673621,2.0576882733715545,2.7217745655709633,-0.27970092611731,0.8614336183327336,ABOVE,ABOVE,False,AVAILABLE_AFTER_MODEL_DAY_T,0.010582010582010581,True,12,N22_T_012,True
2022-04-20,2022-04-19,test,test,4947,0.3416757344940152,1.333412431132245,0.2876754785517105,4,0,False,0.02177534677534676,1.985839898718933,0.6852638946629241,4,0,False,False,True,IMPLIED_ONLY,True,validation,test,False,False,False,True,1.333412431132245,1.985839898718933,1.333324541495559,1.9842954114184193,-0.39758841611121365,0.4864696866073173,ABOVE,ABOVE,False,AVAILABLE_AFTER_MODEL_DAY_T,0.02177534677534676,True,13,N22_T_013,True
2022-06-07,2022-06-06,test,test,4981,0.8006125732274547,0.7278169963648571,-0.31788715799269324,4,0,False,0.05760074391887526,1.5064404530760667,0.4096971705187916,4,0,False,False,True,IMPLIED_ONLY,True,validation,test,False,False,False,True,0.7278169963648571,1.5064404530760667,0.7276848972063354,1.5063615453496244,-0.7275843285114849,0.04590500626304919,BELOW,ABOVE,False,AVAILABLE_AFTER_MODEL_DAY_T,0.05760074391887526,True,14,N22_T_014,True
2022-06-14,2022-06-13,test,test,4986,0.6822633297062024,0.6327513677356406,-0.45777618268564413,4,0,False,0.05598938760785255,1.4639273776496724,0.38005569152278595,4,0,False,False,True,IMPLIED_ONLY,True,validation,test,False,False,False,True,0.6327513677356406,1.4639273776496724,0.6326890671293496,1.46236602855747,-0.8378318742084301,-0.03886024558142909,BELOW,ABOVE,False,AVAILABLE_AFTER_MODEL_DAY_T,0.05598938760785255,True,15,N22_T_015,True
2022-06-20,2022-06-17,test,test,4990,0.2589771490750816,0.41508544373503853,-0.8793137488400122,4,0,False,0.009795509795509794,0.22463495619798346,-1.49347405732802,4,0,False,False,True,IMPLIED_ONLY,True,validation,test,False,False,False,True,0.41508544373503853,0.22463495619798346,0.41506765462727957,0.22459105646002925,0.6141603084880078,-1.1863939030840163,BELOW,BELOW,False,AVAILABLE_AFTER_MODEL_DAY_T,0.009795509795509794,True,16,N22_T_016,True
2022-07-29,2022-07-28,test,test,5019,0.028291621327529826,3.371545415300332,1.214486332080622,4,0,False,0.13139850083676563,1.3653095280867258,0.31116242151831114,4,0,False,True,False,REALISED_ONLY,True,validation,test,False,False,False,True,3.371545415300332,1.3653095280867258,3.368563296939791,1.3650109103266972,0.903323910562311,0.7628243767994666,ABOVE,ABOVE,False,AVAILABLE_AFTER_MODEL_DAY_T,0.028291621327529826,True,17,N22_T_017,True
2022-08-01,2022-07-29,test,test,5020,0.8117519042437431,0.7405981958751843,-0.30029706859054084,4,0,False,0.01948078700025302,2.174870961559689,0.7767282636211988,4,0,False,False,True,IMPLIED_ONLY,True,validation,test,False,False,False,True,0.7405981958751843,2.174870961559689,0.7405981795423268,2.174346726127148,-1.0770253322117398,0.238215597515329,BELOW,ABOVE,False,AVAILABLE_AFTER_MODEL_DAY_T,0.01948078700025302,True,18,N22_T_018,True
2022-09-07,2022-09-06,test,test,5047,0.18607181719260069,1.7471260495166498,0.5579611017386603,4,0,False,0.02952237952237946,1.8256203777859485,0.6017657317590203,4,0,False,False,True,IMPLIED_ONLY,True,validation,test,False,False,False,True,1.7471260495166498,1.8256203777859485,1.7471066935729225,1.8253390156065374,-0.04380463002035995,0.5798634167488403,ABOVE,ABOVE,False,AVAILABLE_AFTER_MODEL_DAY_T,0.02952237952237946,True,19,N22_T_019,True
2022-10-10,2022-10-07,test,test,5070,0.04265338025009208,0.20671297238098255,-1.5778321673631077,4,0,False,0.5199420777841245,0.6073862253881894,-0.5003015643842759,4,0,False,True,False,REALISED_ONLY,True,validation,test,False,False,False,True,0.20671297238098255,0.6073862253881894,0.20642210208490125,0.6063477792441966,-1.0775306029788319,-1.039066865873692,BELOW,BELOW,False,AVAILABLE_AFTER_MODEL_DAY_T,0.04265338025009208,True,20,N22_T_020,True
2022-10-17,2022-10-14,test,test,5075,0.03373231773667029,0.1820810556929581,-1.7037920453327473,4,0,False,0.047968642406907236,1.482938636003547,0.39378761845224386,4,0,False,True,True,JOINT,True,validation,test,False,False,False,True,0.1820810556929581,1.482938636003547,0.18199209164803593,1.4825856414024878,-2.097579663784991,-0.6550022134402518,BELOW,ABOVE,False,AVAILABLE_AFTER_MODEL_DAY_T,0.03373231773667029,True,21,N22_T_021,True
2022-10-19,2022-10-18,test,test,5077,0.01088139281828074,0.12314928606922305,-2.0947968186550527,4,0,False,0.6469600857809978,0.7668247940430163,-0.2656964814946134,4,0,False,True,False,REALISED_ONLY,True,validation,test,False,False,False,True,0.12314928606922305,0.7668247940430163,0.12309525177210184,0.766671791266561,-1.8291003371604393,-1.180246650074833,BELOW,BELOW,False,AVAILABLE_AFTER_MODEL_DAY_T,0.01088139281828074,True,22,N22_T_022,True
2022-10-24,2022-10-21,test,test,5080,0.10446137105549502,2.1027518542089387,0.741310436781942,4,0,False,0.011910941610607906,2.6524482596445553,0.97531598781599,4,0,False,False,True,IMPLIED_ONLY,True,validation,test,False,False,False,True,2.1027518542089387,2.6524482596445553,2.0986839058884184,2.652005079890641,-0.23400555103404808,0.8583132122989661,ABOVE,ABOVE,False,AVAILABLE_AFTER_MODEL_DAY_T,0.011910941610607906,True,23,N22_T_023,True
2023-01-02,2022-12-30,test,test,5130,0.009793253536452665,0.11187375083138425,-2.190414436453798,4,0,False,0.7889496639496639,0.7568206350318205,-0.28047972513005387,4,0,False,True,False,REALISED_ONLY,True,validation,test,False,False,False,True,0.11187375083138425,0.7568206350318205,0.11187037584685831,0.7554212599547573,-1.9099347113237441,-1.235447080791926,BELOW,BELOW,False,AVAILABLE_AFTER_MODEL_DAY_T,0.009793253536452665,True,24,N22_T_024,True
2023-01-03,2023-01-02,test,test,5131,0.08813928182807396,2.114990654252976,0.7485612722116642,4,0,False,0.03055011152897702,1.8056862607544528,0.5891780581382411,4,0,False,False,True,IMPLIED_ONLY,True,validation,test,False,False,False,True,2.114990654252976,1.8056862607544528,2.1139564198394982,1.8025062510110355,0.15938321407342315,0.6688696651749526,ABOVE,ABOVE,False,AVAILABLE_AFTER_MODEL_DAY_T,0.03055011152897702,True,25,N22_T_025,True
2023-01-19,2023-01-18,test,test,5143,0.06746463547334058,0.2550093385119873,-1.3765689488120896,4,0,False,0.030308951888484703,0.3089393390541463,-1.175396745507971,4,0,False,False,True,IMPLIED_ONLY,True,validation,test,False,False,False,True,0.2550093385119873,0.3089393390541463,0.25244321445359547,0.3086964814469727,-0.20117220330411856,-1.2759828471600303,BELOW,BELOW,False,AVAILABLE_AFTER_MODEL_DAY_T,0.030308951888484703,True,26,N22_T_026,True
2023-02-10,2023-02-09,test,test,5159,0.04896626768226331,2.9220046277763343,1.0722698369610455,4,0,False,0.738857401816245,0.8375000228269492,-0.17733628412721059,4,0,False,True,False,REALISED_ONLY,True,validation,test,False,False,False,True,2.9220046277763343,0.8375000228269492,2.922004452057667,0.8374980998450585,1.249606121088256,0.44746677641691746,ABOVE,BELOW,False,AVAILABLE_AFTER_MODEL_DAY_T,0.04896626768226331,True,27,N22_T_027,True
2023-03-13,2023-03-10,test,test,5180,0.0380848748639826,3.2625854417250864,1.1823697351552682,4,0,False,0.3417989417989418,0.4100954301535681,-0.8944131835453311,4,0,False,True,False,REALISED_ONLY,True,validation,test,False,False,False,True,3.2625854417250864,0.4100954301535681,3.262095352773547,0.40884744666973594,2.0767829187005993,0.14397827580496858,ABOVE,BELOW,False,AVAILABLE_AFTER_MODEL_DAY_T,0.0380848748639826,True,28,N22_T_028,True
2023-06-07,2023-06-06,test,test,5242,0.044613710554951,2.977334652238599,1.09054101888596,4,0,False,0.7542149292149292,0.817753816633684,-0.20142294190951776,4,0,False,True,False,REALISED_ONLY,True,validation,test,False,False,False,True,2.977334652238599,0.817753816633684,2.9758836463739975,0.8175665752519576,1.2919639607954776,0.4445590384882211,ABOVE,BELOW,False,AVAILABLE_AFTER_MODEL_DAY_T,0.044613710554951,True,29,N22_T_029,True
2023-07-31,2023-07-28,test,test,5280,0.6452665941240479,0.9995029810675871,-0.0011602650584033626,4,0,False,0.010852740552406849,0.2640588680698087,-1.3320181704242158,4,0,False,False,True,IMPLIED_ONLY,True,validation,test,False,False,False,True,0.9995029810675871,0.2640588680698087,0.9988404077888473,0.2639440393605497,1.3308579053658125,-0.6665892177413095,BELOW,BELOW,False,AVAILABLE_AFTER_MODEL_DAY_T,0.010852740552406849,True,30,N22_T_030,True
2023-08-29,2023-08-28,test,test,5301,0.04570184983677916,2.95169820006845,1.0816109124793463,4,0,False,0.8200736450736451,0.8349800386599033,-0.18037705753462008,4,0,False,True,False,REALISED_ONLY,True,validation,test,False,False,False,True,2.95169820006845,0.8349800386599033,2.949426994933647,0.8349553258533324,1.2619879700139665,0.4506169274723631,ABOVE,BELOW,False,AVAILABLE_AFTER_MODEL_DAY_T,0.04570184983677916,True,31,N22_T_031,True
2023-09-04,2023-09-01,test,test,5305,0.042437431991294884,0.19943374496681004,-1.6131143970665933,4,0,False,0.5708882885746067,0.6242664242080398,-0.47200333449875564,4,0,False,True,False,REALISED_ONLY,True,validation,test,False,False,False,True,0.19943374496681004,0.6242664242080398,0.1992660530725031,0.6237514330159072,-1.1411110625678376,-1.0425588657826745,BELOW,BELOW,False,AVAILABLE_AFTER_MODEL_DAY_T,0.042437431991294884,True,32,N22_T_032,True
2023-10-03,2023-10-02,test,test,5326,0.042437431991294905,2.8979072136529185,1.0638380899910103,4,0,False,0.8026490776490776,0.7522979620366603,-0.28462326723478015,4,0,False,True,False,REALISED_ONLY,True,validation,test,False,False,False,True,2.8979072136529185,0.7522979620366603,2.897470427568311,0.7522976161013796,1.3484613572257904,0.38960741137811505,ABOVE,BELOW,False,AVAILABLE_AFTER_MODEL_DAY_T,0.042437431991294905,True,33,N22_T_033,True
2023-10-04,2023-10-03,test,test,5327,0.23939064200217627,0.4005792591825039,-0.9148688045628443,4,0,False,0.020105820105820182,2.0353959066580614,0.7102963260599793,4,0,False,False,True,IMPLIED_ONLY,True,validation,test,False,False,False,True,0.4005792591825039,2.0353959066580614,0.4005691754917124,2.0345940725727845,-1.6251651306228236,-0.10228623925143249,BELOW,ABOVE,False,AVAILABLE_AFTER_MODEL_DAY_T,0.020105820105820182,True,34,N22_T_034,True
2023-11-17,2023-11-16,test,test,5359,0.044613710554951,2.753570931374804,1.012510085227515,4,0,False,0.5671993421993422,0.6752934080230601,-0.3929278498759298,4,0,False,True,False,REALISED_ONLY,True,validation,test,False,False,False,True,2.753570931374804,0.6752934080230601,2.752501364174617,0.6750774527510432,1.405437935103445,0.3097911176757926,ABOVE,BELOW,False,AVAILABLE_AFTER_MODEL_DAY_T,0.044613710554951,True,35,N22_T_035,True
2023-11-21,2023-11-20,test,test,5361,0.2393906420021763,1.545483643554887,0.43489432602420264,4,0,False,0.04235276115142628,1.4828034221413988,0.391646952513901,4,0,False,False,True,IMPLIED_ONLY,True,validation,test,False,False,False,True,1.545483643554887,1.4828034221413988,1.544799805188428,1.47941531533443,0.04324737351030161,0.41327063926905183,ABOVE,ABOVE,False,AVAILABLE_AFTER_MODEL_DAY_T,0.04235276115142628,True,36,N22_T_036,True
2023-12-07,2023-12-06,test,test,5373,0.0043525571273121955,6.085332944228103,1.8056693757175388,4,0,False,0.44496707099599203,0.6217539135829526,-0.47524306391506305,4,0,False,True,False,REALISED_ONLY,True,validation,test,False,False,False,True,6.085332944228103,0.6217539135829526,6.08404259618299,0.6217339170174935,2.2809124396326017,0.6652131559012379,ABOVE,BELOW,False,AVAILABLE_AFTER_MODEL_DAY_T,0.0043525571273121955,True,37,N22_T_037,True
2023-12-20,2023-12-19,test,test,5382,0.48639825897714906,0.5272948408067746,-0.6399960019292411,4,0,False,0.01793534357494313,0.24739616604484876,-1.4150712047899503,4,0,False,False,True,IMPLIED_ONLY,True,validation,test,False,False,False,True,0.5272948408067746,0.24739616604484876,0.5272945321996848,0.24290831659727993,0.7750752028607092,-1.0275336033595956,BELOW,BELOW,False,AVAILABLE_AFTER_MODEL_DAY_T,0.01793534357494313,True,38,N22_T_038,True
2024-02-29,2024-02-28,test,test,5433,0.05223068552774757,2.5433503478619923,0.933468176956628,4,0,False,0.035895262814061524,1.6670885563192646,0.5103652202255813,4,0,False,False,True,IMPLIED_ONLY,True,validation,test,False,False,False,True,2.5433503478619923,1.6670885563192646,2.5433145644377473,1.665899504048395,0.4231029567310467,0.7219166985911046,ABOVE,ABOVE,False,AVAILABLE_AFTER_MODEL_DAY_T,0.035895262814061524,True,39,N22_T_039,True
2024-03-18,2024-03-15,test,test,5445,0.42872687704026124,1.1401750881323032,0.1309559732648114,4,0,False,0.05144354588181062,0.42263554283634097,-0.8627405506665199,4,0,False,False,True,IMPLIED_ONLY,True,validation,test,False,False,False,True,1.1401750881323032,0.42263554283634097,1.139917593357173,0.42200397284469415,0.9936965239313313,-0.3658922887008542,ABOVE,BELOW,False,AVAILABLE_AFTER_MODEL_DAY_T,0.05144354588181062,True,40,N22_T_040,True
2024-04-09,2024-04-08,test,test,5461,0.028291621327529923,0.1588286180602244,-1.840884343265537,4,0,False,0.593859138019316,0.8366368303027292,-0.1790163775176949,4,0,False,True,False,REALISED_ONLY,True,validation,test,False,False,False,True,0.1588286180602244,0.8366368303027292,0.15867703907000774,0.8360922061700041,-1.6618679657478421,-1.009950360391616,BELOW,BELOW,False,AVAILABLE_AFTER_MODEL_DAY_T,0.028291621327529923,True,41,N22_T_041,True
2024-04-11,2024-04-10,test,test,5463,0.2100108813928183,0.38107824346096286,-0.9654133678685126,4,0,False,0.016348491348491367,2.309093167441917,0.8362107198086445,4,0,False,False,True,IMPLIED_ONLY,True,validation,test,False,False,False,True,0.38107824346096286,2.309093167441917,0.38082574607150743,2.3076062222395985,-1.801624087677157,-0.06460132402993407,BELOW,ABOVE,False,AVAILABLE_AFTER_MODEL_DAY_T,0.016348491348491367,True,42,N22_T_042,True
2024-04-16,2024-04-15,test,test,5466,0.04461371055495103,0.19223113468744651,-1.6499305696355628,4,0,False,0.21424996424996434,1.2011752709978163,0.17732426749713842,4,0,False,True,False,REALISED_ONLY,True,validation,test,False,False,False,True,0.19223113468744651,1.2011752709978163,0.19206324317880602,1.1940182116557998,-1.8272548371327013,-0.7363031510692122,BELOW,ABOVE,False,AVAILABLE_AFTER_MODEL_DAY_T,0.04461371055495103,True,43,N22_T_043,True
2024-04-22,2024-04-19,test,test,5470,0.013057671381936888,0.1361768400453845,-1.9938064015777561,4,0,False,0.7423863081260189,0.8173663607681133,-0.201670194599451,4,0,False,True,False,REALISED_ONLY,True,validation,test,False,False,False,True,0.1361768400453845,0.8173663607681133,0.13617609677620177,0.8173644547054811,-1.7921362069783051,-1.0977382980886037,BELOW,BELOW,False,AVAILABLE_AFTER_MODEL_DAY_T,0.013057671381936888,True,44,N22_T_044,True
2024-04-25,2024-04-24,test,test,5473,0.01088139281828074,0.12311250185936651,-2.0958233584704145,4,0,False,0.016348491348491367,2.2957227249458727,0.830754719763648,4,0,False,True,True,JOINT,True,validation,test,False,False,False,True,0.12311250185936651,2.2957227249458727,0.12296895443079135,2.295050206545529,-2.9265780782340625,-0.6325343193533832,BELOW,ABOVE,False,AVAILABLE_AFTER_MODEL_DAY_T,0.01088139281828074,True,45,N22_T_045,True
2024-04-29,2024-04-26,test,test,5475,0.0032644178454841466,8.996719929504238,2.196841062388475,4,0,False,0.04748132846019393,1.5979570743567284,0.4669415035390714,4,0,False,True,True,JOINT,True,validation,test,False,False,False,True,8.996719929504238,1.5979570743567284,8.996549027262413,1.5951080925096377,1.7298995588494035,1.331891282963773,ABOVE,ABOVE,False,AVAILABLE_AFTER_MODEL_DAY_T,0.0032644178454841466,True,46,N22_T_046,True
2024-06-05,2024-06-04,test,test,5502,0.21871599564744293,1.6216023134709596,0.48293340098301046,4,0,False,0.03811995691862213,1.6026496898071714,0.4715808459635872,4,0,False,False,True,IMPLIED_ONLY,True,validation,test,False,False,False,True,1.6216023134709596,1.6026496898071714,1.6208219562684716,1.6025255378853032,0.011352555019423283,0.47725712347329885,ABOVE,ABOVE,False,AVAILABLE_AFTER_MODEL_DAY_T,0.03811995691862213,True,47,N22_T_047,True
2024-06-18,2024-06-17,test,test,5511,0.8803046789989118,0.8379044260755215,-0.17783799310740606,4,0,False,0.035815570854503,0.3546339891842092,-1.037154893459987,4,0,False,False,True,IMPLIED_ONLY,True,validation,test,False,False,False,True,0.8379044260755215,0.3546339891842092,0.8370780249139637,0.3544617300863193,0.8593169003525809,-0.6074964432836966,BELOW,BELOW,False,AVAILABLE_AFTER_MODEL_DAY_T,0.035815570854503,True,48,N22_T_048,True
2024-06-27,2024-06-26,test,test,5518,0.07290533188248097,0.24471957207461414,-1.408050601082218,4,0,False,0.02177534677534676,1.8459747926980454,0.6129915401399144,4,0,False,False,True,IMPLIED_ONLY,True,validation,test,False,False,False,True,0.24471957207461414,1.8459747926980454,0.24461967999828182,1.8459453667018488,-2.021042141222132,-0.3975295304711518,BELOW,ABOVE,False,AVAILABLE_AFTER_MODEL_DAY_T,0.02177534677534676,True,49,N22_T_049,True
2024-07-02,2024-07-01,test,test,5521,0.01958650707290533,0.1496971226108735,-1.899153025251181,4,0,False,0.3320067843149045,1.0203061575165995,0.020078653797615708,4,0,False,True,False,REALISED_ONLY,True,validation,test,False,False,False,True,0.1496971226108735,1.0203061575165995,0.14969535372921952,1.0202815858922611,-1.9192316790487967,-0.9395371857267827,BELOW,ABOVE,False,AVAILABLE_AFTER_MODEL_DAY_T,0.01958650707290533,True,50,N22_T_050,True
2024-07-12,2024-07-11,test,test,5529,0.07995244339456264,2.1127868859336822,0.7465825317732826,4,0,False,0.043346918346918395,1.633887866759221,0.4872836682375175,4,0,False,False,True,IMPLIED_ONLY,True,validation,test,False,False,False,True,2.1127868859336822,1.633887866759221,2.109777584565246,1.6278883241003614,0.2592988635357651,0.6169331000054,ABOVE,ABOVE,False,AVAILABLE_AFTER_MODEL_DAY_T,0.043346918346918395,True,51,N22_T_051,True
2024-07-17,2024-07-16,test,test,5532,0.016322089227421177,4.357914998603874,1.4718925801110476,4,0,False,0.14134134134134135,0.5050571095703938,-0.6830989469648565,4,0,False,True,False,REALISED_ONLY,True,validation,test,False,False,False,True,4.357914998603874,0.5050571095703938,4.357474211079744,0.505049443304948,2.154991527075904,0.39439681657309555,ABOVE,BELOW,False,AVAILABLE_AFTER_MODEL_DAY_T,0.016322089227421177,True,52,N22_T_052,True
2024-07-18,2024-07-17,test,test,5533,0.8770402611534276,0.8268597771810735,-0.19052966470271396,4,0,False,0.033862433862433816,1.578667737527879,0.4565327033541109,4,0,False,False,True,IMPLIED_ONLY,True,validation,test,False,False,False,True,0.8268597771810735,1.578667737527879,0.826521238858548,1.5785910415682072,-0.6470623680568248,0.13300151932569848,BELOW,ABOVE,False,AVAILABLE_AFTER_MODEL_DAY_T,0.033862433862433816,True,53,N22_T_053,True
2024-07-25,2024-07-24,test,test,5538,0.03917301414581076,3.1987645428773543,1.1627605658611864,4,0,False,0.16838227071819956,1.1925911849538804,0.17606674376199732,4,0,False,True,False,REALISED_ONLY,True,validation,test,False,False,False,True,3.1987645428773543,1.1925911849538804,3.1987514630104625,1.1925176491087064,0.986693822099189,0.6694136548115919,ABOVE,ABOVE,False,AVAILABLE_AFTER_MODEL_DAY_T,0.03917301414581076,True,54,N22_T_054,True
2024-08-05,2024-08-02,test,test,5545,0.026115342763873728,3.6507073755515362,1.294891123634192,4,0,False,0.24646785670144955,1.1296882747786432,0.12177330115759892,4,0,False,True,False,REALISED_ONLY,True,validation,test,False,False,False,True,3.6507073755515362,1.1296882747786432,3.6505984886068106,1.1294980168614213,1.173117822476593,0.7083322123958955,ABOVE,ABOVE,False,AVAILABLE_AFTER_MODEL_DAY_T,0.026115342763873728,True,55,N22_T_055,True
2024-08-06,2024-08-05,test,test,5546,0.7704026115342764,0.8423223701056621,-0.1725907683753901,4,0,False,0.012115687115687113,2.762150017954355,1.015926165190337,4,0,False,False,True,IMPLIED_ONLY,True,validation,test,False,False,False,True,0.8423223701056621,2.762150017954355,0.8414819053997533,2.7619202075339393,-1.1885169335657273,0.4216676984074735,BELOW,ABOVE,False,AVAILABLE_AFTER_MODEL_DAY_T,0.012115687115687113,True,56,N22_T_056,True
2024-09-27,2024-09-26,test,test,5584,0.0043525571273121955,5.932842821967569,1.7803392990849005,4,0,False,0.014570744270410607,2.3230356108850705,0.8425065096935241,4,0,False,True,True,JOINT,True,validation,test,False,False,False,True,5.932842821967569,2.3230356108850705,5.93186875482018,2.3221802555383935,0.9378327893913764,1.3114229043892123,ABOVE,ABOVE,False,AVAILABLE_AFTER_MODEL_DAY_T,0.0043525571273121955,True,57,N22_T_057,True
2024-10-24,2024-10-23,test,test,5603,0.8422198041349293,0.7409352876670506,-0.2999354159369688,4,0,False,0.05261100922947415,1.4601218099123057,0.3768246271113373,4,0,False,False,True,IMPLIED_ONLY,True,validation,test,False,False,False,True,0.7409352876670506,1.4601218099123057,0.7408660672774242,1.4576486548991845,-0.6767600430483061,0.03844460558718424,BELOW,ABOVE,False,AVAILABLE_AFTER_MODEL_DAY_T,0.05261100922947415,True,58,N22_T_058,True
2024-10-28,2024-10-25,test,test,5605,0.8248971546417478,0.7510917865512345,-0.2874172665879557,4,0,False,0.005426855426855393,3.2570802862360595,1.1796992319474522,4,0,False,False,True,IMPLIED_ONLY,True,validation,test,False,False,False,True,0.7510917865512345,3.2570802862360595,0.7501986306959948,3.253395538281308,-1.467116498535408,0.4461409826797482,BELOW,ABOVE,False,AVAILABLE_AFTER_MODEL_DAY_T,0.005426855426855393,True,59,N22_T_059,True
2024-11-18,2024-11-15,test,test,5620,0.8868335146898803,0.7555244186190726,-0.2803481045473937,4,0,False,0.02610072331985569,1.89058946829085,0.6368704811330772,4,0,False,False,True,IMPLIED_ONLY,True,validation,test,False,False,False,True,0.7555244186190726,1.89058946829085,0.7555206954848841,1.8905550838930605,-0.9172185856804709,0.17826118829284177,BELOW,ABOVE,False,AVAILABLE_AFTER_MODEL_DAY_T,0.02610072331985569,True,60,N22_T_060,True
2024-11-29,2024-11-28,test,test,5629,0.029379760609357986,3.477916205641176,1.2463691243149981,4,0,False,0.6550264550264551,0.6848423995198649,-0.3789591809578291,4,0,False,True,False,REALISED_ONLY,True,validation,test,False,False,False,True,3.477916205641176,0.6848423995198649,3.4776929353115684,0.6845735557328103,1.6253283052728271,0.4337049716785845,ABOVE,BELOW,False,AVAILABLE_AFTER_MODEL_DAY_T,0.029379760609357986,True,61,N22_T_061,True
2025-01-14,2025-01-13,test,test,5661,0.14907508161044614,0.3513296429125081,-1.0460963226745672,4,0,False,0.05377847257713775,1.457919482176656,0.3738044881339716,4,0,False,False,True,IMPLIED_ONLY,True,validation,test,False,False,False,True,0.3513296429125081,1.457919482176656,0.3513064629381218,1.4532529944750634,-1.4199008108085387,-0.3361459172702978,BELOW,ABOVE,False,AVAILABLE_AFTER_MODEL_DAY_T,0.05377847257713775,True,62,N22_T_062,True
2025-02-24,2025-02-21,test,test,5690,0.8835690968443961,0.8048751575410504,-0.21825072940729462,4,0,False,0.03790337294230506,1.5615981216549648,0.445400677610434,4,0,False,False,True,IMPLIED_ONLY,True,validation,test,False,False,False,True,0.8048751575410504,1.5615981216549648,0.8039238490448355,1.561115574594706,-0.6636514070177286,0.11357497410156969,BELOW,ABOVE,False,AVAILABLE_AFTER_MODEL_DAY_T,0.03790337294230506,True,63,N22_T_063,True
2025-04-01,2025-03-31,test,test,5716,0.7704026115342764,0.6586252276358726,-0.417612394162847,4,0,False,0.033823108823108794,1.7420966708946446,0.5550518797032761,4,0,False,False,True,IMPLIED_ONLY,True,validation,test,False,False,False,True,0.6586252276358726,1.7420966708946446,0.6586174629295221,1.7420313584997507,-0.9726642738661231,0.06871974277021453,BELOW,ABOVE,False,AVAILABLE_AFTER_MODEL_DAY_T,0.033823108823108794,True,64,N22_T_064,True
2025-04-09,2025-04-08,test,test,5722,0.010881392818280822,4.654730828973939,1.5343031338975703,4,0,False,0.8296367796367796,0.8281247026541213,-0.18873018743534242,4,0,False,True,False,REALISED_ONLY,True,validation,test,False,False,False,True,4.654730828973939,0.8281247026541213,4.638092274225799,0.8280098840287444,1.7230333213329128,0.672786473231114,ABOVE,BELOW,False,AVAILABLE_AFTER_MODEL_DAY_T,0.010881392818280822,True,65,N22_T_065,True
2025-04-14,2025-04-11,test,test,5725,0.7867247007616975,0.6661538651487231,-0.40638854320622014,4,0,False,0.03064850564850563,1.7810028775239073,0.5771412940026912,4,0,False,False,True,IMPLIED_ONLY,True,validation,test,False,False,False,True,0.6661538651487231,1.7810028775239073,0.6660513274246161,1.7809399629590308,-0.9835298372089114,0.08537637539823553,BELOW,ABOVE,False,AVAILABLE_AFTER_MODEL_DAY_T,0.03064850564850563,True,66,N22_T_066,True
2025-05-12,2025-05-09,test,test,5745,0.008705114254624613,5.216584299239234,1.6517427511678373,4,0,False,0.41964440206931863,0.9572596202819054,-0.043934473636703386,4,0,False,True,False,REALISED_ONLY,True,validation,test,False,False,False,True,5.216584299239234,0.9572596202819054,5.21606220922179,0.9570166652402057,1.6956772248045406,0.803904138765567,ABOVE,BELOW,False,AVAILABLE_AFTER_MODEL_DAY_T,0.008705114254624613,True,67,N22_T_067,True
2025-06-23,2025-06-20,test,test,5775,0.044613710554951114,3.028745258701343,1.1079522548141514,4,0,False,0.7310415452795875,0.8286275041777713,-0.18845957676847447,4,0,False,True,False,REALISED_ONLY,True,validation,test,False,False,False,True,3.028745258701343,0.8286275041777713,3.028151159228383,0.8282339826560067,1.2964118315826259,0.45974633902283846,ABOVE,BELOW,False,AVAILABLE_AFTER_MODEL_DAY_T,0.044613710554951114,True,68,N22_T_068,True
2025-07-21,2025-07-18,test,test,5795,0.47878128400435255,0.5036015591943838,-0.6878897461687565,4,0,False,0.005426855426855393,3.5747891139608576,1.2738134185405565,4,0,False,False,True,IMPLIED_ONLY,True,validation,test,False,False,False,True,0.5036015591943838,3.5747891139608576,0.5026356394755163,3.5744575077253486,-1.961703164709313,0.2929618361859,BELOW,ABOVE,False,AVAILABLE_AFTER_MODEL_DAY_T,0.005426855426855393,True,69,N22_T_069,True
2025-08-25,2025-08-22,test,test,5820,0.32248393284968924,0.39914115915585535,-0.9541794851904084,4,0,False,0.05242385242385239,1.4601872433657697,0.37522626366981593,4,0,False,False,True,IMPLIED_ONLY,True,validation,test,False,False,False,True,0.39914115915585535,1.4601872433657697,0.38512801818827114,1.4553206635623561,-1.3294057488602244,-0.28947661076029624,BELOW,ABOVE,False,AVAILABLE_AFTER_MODEL_DAY_T,0.05242385242385239,True,70,N22_T_070,True
2025-10-06,2025-10-03,test,test,5850,0.2561074366581767,1.379421460578178,0.3216638521054535,4,0,False,0.015683091322690856,2.2079987933761567,0.7905923578514042,4,0,False,False,True,IMPLIED_ONLY,True,validation,test,False,False,False,True,1.379421460578178,2.2079987933761567,1.379421008546678,2.2047020120776155,-0.46892850574595074,0.5561281049784289,ABOVE,ABOVE,False,AVAILABLE_AFTER_MODEL_DAY_T,0.015683091322690856,True,71,N22_T_071,True
2025-12-22,2025-12-19,test,test,5905,0.7921653971708379,0.6675246431286035,-0.4044548838291785,4,0,False,0.05643425087251561,0.3904329717212328,-0.9405104723698766,4,0,False,False,True,IMPLIED_ONLY,True,validation,test,False,False,False,True,0.6675246431286035,0.3904329717212328,0.6673404898182717,0.39042848152830595,0.5360555885406981,-0.6724826780995276,BELOW,BELOW,False,AVAILABLE_AFTER_MODEL_DAY_T,0.05643425087251561,True,72,N22_T_072,True
2026-01-26,2026-01-23,test,test,5930,0.6245919477693145,1.008093935004016,0.007449330314827781,4,0,False,0.022765622765622773,2.108988807072521,0.736653802838127,4,0,False,False,True,IMPLIED_ONLY,True,validation,test,False,False,False,True,1.008093935004016,2.108988807072521,1.0074771456014193,2.0889338220791207,-0.7292044725232992,0.37205156657647737,ABOVE,ABOVE,False,AVAILABLE_AFTER_MODEL_DAY_T,0.022765622765622773,True,73,N22_T_073,True
2026-02-09,2026-02-06,test,test,5940,0.8933623503808488,0.747853988150218,-0.29107074076300743,4,0,False,0.009523809523809601,2.9432855921916485,1.0785577137369118,4,0,False,False,True,IMPLIED_ONLY,True,validation,test,False,False,False,True,0.747853988150218,2.9432855921916485,0.7474628000590037,2.940435541473888,-1.369628454499919,0.3937434864869522,BELOW,ABOVE,False,AVAILABLE_AFTER_MODEL_DAY_T,0.009523809523809601,True,74,N22_T_074,True
2026-04-17,2026-04-16,test,test,5989,0.0380848748639826,3.111296558203591,1.1350177392228415,4,0,False,0.5486736736736737,0.8958292973531695,-0.11094752689993169,4,0,False,True,False,REALISED_ONLY,True,validation,test,False,False,False,True,3.111296558203591,0.8958292973531695,3.1112287331954183,0.894985710371654,1.2459652661227731,0.512035106161455,ABOVE,BELOW,False,AVAILABLE_AFTER_MODEL_DAY_T,0.0380848748639826,True,75,N22_T_075,True
2026-04-20,2026-04-17,test,test,5990,0.32426550598476606,0.4458154444919028,-0.8098949202561143,4,0,False,0.03915343915343916,1.5493610863658662,0.4367073256905777,4,0,False,False,True,IMPLIED_ONLY,True,validation,test,False,False,False,True,0.4458154444919028,1.5493610863658662,0.4449048142506977,1.547603067108461,-1.2466022459466921,-0.18659379728276831,BELOW,ABOVE,False,AVAILABLE_AFTER_MODEL_DAY_T,0.03915343915343916,True,76,N22_T_076,True
2026-05-01,2026-04-30,test,test,5999,0.08977449003218829,2.0232592965095875,0.7041764565071759,4,0,False,0.02515372515372516,1.8687337534303023,0.6234237242679068,4,0,False,False,True,IMPLIED_ONLY,True,validation,test,False,False,False,True,2.0232592965095875,1.8687337534303023,2.022180645276723,1.865303406413088,0.08075273223926904,0.6638000903875414,ABOVE,ABOVE,False,AVAILABLE_AFTER_MODEL_DAY_T,0.02515372515372516,True,77,N22_T_077,True
2026-05-05,2026-05-04,test,test,6001,0.009793253536452665,0.11960243132486395,-2.1238970331502665,4,0,False,0.47969397969397964,0.953082168650063,-0.04808856140798021,4,0,False,True,False,REALISED_ONLY,True,validation,test,False,False,False,True,0.11960243132486395,0.953082168650063,0.1195647715454447,0.9530493799449901,-2.0758084717422864,-1.0859927972791232,BELOW,BELOW,False,AVAILABLE_AFTER_MODEL_DAY_T,0.009793253536452665,True,78,N22_T_078,True
2026-05-13,2026-05-12,test,test,6007,0.015233949945593035,0.12567231400245393,-2.074113219360433,4,0,False,0.7891748891748892,0.7450340484061406,-0.29446949862437966,4,0,False,True,False,REALISED_ONLY,True,validation,test,False,False,False,True,0.12567231400245393,0.7450340484061406,0.12566781788439296,0.7449266672831805,-1.7796437207360534,-1.1842913589924065,BELOW,BELOW,False,AVAILABLE_AFTER_MODEL_DAY_T,0.015233949945593035,True,79,N22_T_079,True
2026-05-25,2026-05-22,test,test,6015,0.013187240337215203,0.12538826341276846,-2.0774951413152194,4,0,False,0.7558451308451308,0.6866551912741357,-0.37695288805672467,4,0,False,True,False,REALISED_ONLY,True,validation,test,False,False,False,True,0.12538826341276846,0.6866551912741357,0.12524353697892324,0.6859483894964046,-1.7005422532584946,-1.227224014685972,BELOW,BELOW,False,AVAILABLE_AFTER_MODEL_DAY_T,0.013187240337215203,True,80,N22_T_080,True
2026-05-29,2026-05-28,test,test,6019,0.04570184983677911,0.19408145998331128,-1.6400689832676385,4,0,False,0.71005291005291,0.8116216825861259,-0.21254016616117402,4,0,False,True,False,REALISED_ONLY,True,validation,test,False,False,False,True,0.19408145998331128,0.8116216825861259,0.19396666137525298,0.8085278402096929,-1.4275288171064644,-0.9263045747144063,BELOW,BELOW,False,AVAILABLE_AFTER_MODEL_DAY_T,0.04570184983677911,True,81,N22_T_081,True
2026-06-02,2026-06-01,test,test,6021,0.007616974972796518,0.10023359372420701,-2.300863249806291,4,0,False,0.7502645502645503,0.6781260398900295,-0.3885868006284766,4,0,False,True,False,REALISED_ONLY,True,validation,test,False,False,False,True,0.10023359372420701,0.6781260398900295,0.10017233264109068,0.678014367252417,-1.9122764491778144,-1.3447250252173837,BELOW,BELOW,False,AVAILABLE_AFTER_MODEL_DAY_T,0.007616974972796518,True,82,N22_T_082,True
2026-06-23,2026-06-22,test,test,6036,0.009793253536452665,0.12004251780423936,-2.12036791016721,4,0,False,0.12461700537340137,1.2110804417508052,0.18882686948805769,4,0,False,True,False,REALISED_ONLY,True,validation,test,False,False,False,True,0.12004251780423936,1.2110804417508052,0.1199874757775585,1.2078318218383213,-2.3091947796552676,-0.9657705203395761,BELOW,ABOVE,False,AVAILABLE_AFTER_MODEL_DAY_T,0.009793253536452665,True,83,N22_T_083,True
2026-06-29,2026-06-26,test,test,6040,0.004352557127312296,0.08655089136190035,-2.4481827710958286,4,0,False,0.6383097383097384,0.7209141198938336,-0.32902977660573657,4,0,False,True,False,REALISED_ONLY,True,validation,test,False,False,False,True,0.08655089136190035,0.7209141198938336,0.08645054426990671,0.7196215885397259,-2.119152994490092,-1.3886062738507825,BELOW,BELOW,False,AVAILABLE_AFTER_MODEL_DAY_T,0.004352557127312296,True,84,N22_T_084,True
2026-07-01,2026-06-30,test,test,6042,0.03482045701849837,0.19327129841929647,-1.6456024731900807,4,0,False,0.015222365222365308,2.3740398036238473,0.8619840448834845,4,0,False,True,True,JOINT,True,validation,test,False,False,False,True,0.19327129841929647,2.3740398036238473,0.1928963129215617,2.3678539648797607,-2.5075865180735653,-0.3918092141532981,BELOW,ABOVE,False,AVAILABLE_AFTER_MODEL_DAY_T,0.015222365222365308,True,85,N22_T_085,True
