candidate_id,n_estimators,learning_rate,max_depth,min_samples_leaf,C_training_MSE,VALIDATION_MSE,VALIDATION_RMSE,VALIDATION_MAE,VALIDATION_prediction_target_correlation,VALIDATION_n_days,VALIDATION_n_long,VALIDATION_n_flat,VALIDATION_n_short,VALIDATION_n_trade,VALIDATION_long_share_conditional_trade,VALIDATION_short_share_conditional_trade,VALIDATION_mean_daily_net_pnl,VALIDATION_median_daily_net_pnl,VALIDATION_std_daily_net_pnl,VALIDATION_best_day,VALIDATION_worst_day,VALIDATION_mean_net_pnl_conditional_trade,VALIDATION_median_net_pnl_conditional_trade,VALIDATION_trade_hit_rate,VALIDATION_cumulative_net_pnl,VALIDATION_maximum_drawdown,VALIDATION_J,eligible_for_selection,MSE_rank,J_rank,winner,J_winner_also_MSE_winner
1,100.0,0.03,1.0,20.0,0.1157352155124959,0.24054675384552268,0.4904556594081902,0.2714327694102781,0.005801691072103695,902,0,0,902,902,0.0,1.0,-0.1136732345087838,-0.04728869459296265,0.47881721064544114,0.842011707755408,-6.605743371962286,-0.1136732345087838,-0.04728869459296265,0.4146341463414634,-102.53325752692297,-102.5998106772487,-0.23740423690191367,True,16,14,False,False
2,100.0,0.03,1.0,40.0,0.11594186113403807,0.24013088904128918,0.4900315184162027,0.271028758357214,0.0207197435432851,902,0,0,902,902,0.0,1.0,-0.1136732345087838,-0.04728869459296265,0.47881721064544114,0.842011707755408,-6.605743371962286,-0.1136732345087838,-0.04728869459296265,0.4146341463414634,-102.53325752692297,-102.5998106772487,-0.23740423690191367,True,14,14,False,False
3,100.0,0.03,2.0,20.0,0.1086770516395765,0.23741890591622622,0.48725650936260073,0.2697302614548278,0.0087907902077113,902,93,21,788,881,0.10556186152099886,0.8944381384790011,-0.1002021425452655,-0.0389894149550605,0.4776871144509499,1.2871531286234297,-6.605743371962286,-0.10259061586359756,-0.044028034074634,0.4199772985244041,-90.3823325758294,-90.77663865076802,-0.2097652197724385,True,7,7,False,False
4,100.0,0.03,2.0,40.0,0.11089535788799858,0.23559430255009586,0.4853805749616437,0.2676679596415143,0.02672722652150679,902,52,55,795,847,0.06139315230224321,0.9386068476977568,-0.10175849437900028,-0.0269285900018813,0.4728343560752818,0.842011707755408,-6.605743371962286,-0.1083661888191951,-0.044028034074634,0.4203069657615112,-91.78616192985821,-91.85271508018394,-0.21520960368370295,True,4,8,False,False
5,100.0,0.05,1.0,20.0,0.11481817573123944,0.2402918005690351,0.4901956757959367,0.2712607012366598,0.009961943579723022,902,3,3,896,899,0.0033370411568409346,0.996662958843159,-0.11454716074137654,-0.04674622513389705,0.4785427367304027,0.842011707755408,-6.605743371962286,-0.1149294093311698,-0.0473558414904537,0.41379310344827586,-103.32153898872161,-103.38809213904734,-0.23936662694748856,True,15,16,False,False
6,100.0,0.05,1.0,40.0,0.11511135041921763,0.23989247461283503,0.48978819362336107,0.27077546958571347,0.020226841079488873,902,0,32,870,870,0.0,1.0,-0.10760135135450215,-0.0337194769310261,0.4760063307047843,0.842011707755408,-6.605743371962286,-0.1115591022089206,-0.045124648523521146,0.41954022988505746,-97.0564189217609,-97.12297207208663,-0.22605025272497,True,12,12,False,False
7,100.0,0.05,2.0,20.0,0.10448847933361473,0.2371246301578966,0.4869544436165426,0.2705669965885242,0.0036392823551013617,902,109,45,748,857,0.12718786464410736,0.8728121353558926,-0.09793004673657388,-0.0303230576929208,0.4743817234063048,1.2871531286234297,-6.605743371962286,-0.10307223122099139,-0.0445431877694338,0.41423570595099185,-88.33290215638957,-89.16820724470566,-0.20643722534963144,True,5,6,False,False
8,100.0,0.05,2.0,40.0,0.10787800818154666,0.2341313068180492,0.48387116758291066,0.26755602930682815,0.03119661758068235,902,79,141,682,761,0.1038107752956636,0.8961892247043364,-0.08949709738447985,0.0,0.45585126732565384,1.2871531286234297,-6.605743371962286,-0.10607934538870016,-0.0472215476954716,0.4244415243101183,-80.72638184080088,-80.79293499112661,-0.1963296009014808,True,2,5,False,False
9,250.0,0.03,1.0,20.0,0.11391879988411596,0.2392352327856857,0.4891167884929791,0.2704782620539294,0.014637654178617641,902,3,49,850,853,0.0035169988276670576,0.9964830011723329,-0.1099830777428677,-0.031383812685686296,0.4745650065540251,0.842011707755408,-6.605743371962286,-0.11630098021578743,-0.0472215476954716,0.4138335287221571,-99.20473612406661,-99.27128927439234,-0.2317555576663596,True,11,13,False,False
10,250.0,0.03,1.0,40.0,0.11429270856393972,0.2388252630915115,0.4886975169688419,0.2698469484234142,0.02046465076324266,902,3,56,843,846,0.0035460992907801418,0.9964539007092199,-0.10650284628499798,-0.0284036675262134,0.4739137553393317,0.842011707755408,-6.605743371962286,-0.11355268008164086,-0.0458398532878406,0.4148936170212766,-96.06556734906809,-96.13212049939382,-0.22473043899884235,True,10,11,False,False
11,250.0,0.03,2.0,20.0,0.10067031519057644,0.23813706413048252,0.4879928935245702,0.27258388460922217,0.006206377739220576,902,126,78,698,824,0.1529126213592233,0.8470873786407767,-0.08676206036682362,-0.01693176787173415,0.457810834335039,1.2871531286234297,-6.605743371962286,-0.09497497384814918,-0.043501263283981045,0.4211165048543689,-78.2593784508749,-80.36418008649885,-0.18951508758599775,True,9,3,False,False
12,250.0,0.03,2.0,40.0,0.10530211517840773,0.2338657069467221,0.4835966366164286,0.2684097580420296,0.03355856217152867,902,172,106,624,796,0.21608040201005024,0.7839195979899497,-0.0858563699387178,-0.011675381955137551,0.4547394756563852,2.1017324897851224,-6.605743371962286,-0.09728950462904956,-0.0500143189249373,0.4082914572864322,-77.44244568472345,-78.14715948340938,-0.18880342379510826,True,1,2,False,False
13,250.0,0.05,1.0,20.0,0.11236469308492456,0.23777291510725976,0.48761964183906675,0.2694012010888646,0.018244220589306945,902,26,42,834,860,0.030232558139534883,0.9697674418604652,-0.10465449166407148,-0.031383812685686296,0.4738770222931881,0.842011707755408,-6.605743371962286,-0.10976552497789822,-0.045124648523521146,0.4186046511627907,-94.39835148099237,-94.4649046313181,-0.22084736490836152,True,8,10,False,False
14,250.0,0.05,1.0,40.0,0.11290141411171073,0.23723696861030416,0.4870697779685208,0.2684251640422782,0.02445713343920928,902,37,50,815,852,0.04342723004694836,0.9565727699530516,-0.10240954644251667,-0.0293862834956634,0.47431667042535525,1.2871531286234297,-6.605743371962286,-0.10841949635111506,-0.04546772856412025,0.4154929577464789,-92.37341089114996,-92.43996404147569,-0.2159096502989835,True,6,9,False,False
15,250.0,0.05,2.0,20.0,0.09462907773332116,0.24002045931740223,0.48991882931502256,0.27526516491772884,0.0037954533419070355,902,153,69,680,833,0.1836734693877551,0.8163265306122449,-0.08716018497017006,-0.02233998585181415,0.45765409886790137,1.2871531286234297,-6.605743371962286,-0.09437993618618654,-0.0449889292779688,0.4177671068427371,-78.61848684309341,-80.73239925687437,-0.19044991661994976,True,13,4,False,False
16,250.0,0.05,2.0,40.0,0.10097023852116256,0.2348560885998679,0.48461952973427297,0.2717140804113916,0.029458372580956214,902,209,119,574,783,0.2669220945083014,0.7330779054916986,-0.07092453673997706,-0.006663835054082599,0.4607542207581956,3.555772138048402,-6.605743371962286,-0.0817036170363465,-0.0445431877694338,0.41379310344827586,-63.973932139459336,-65.59689364624798,-0.15393138802563103,True,3,1,True,False
