RUN_ID,source,target,source_variable,target_variable,lag,coefficient,standard_error,t_stat,raw_p,hac_p,sign,selected_target_order,diagnostic_role
2026-08-18T14:32:21.874883+00:00,Q,R,squared_return,realised_variance_ann_252,1,11.45243074462041,3.6378405918938657,3.1481397975875174,0.0016592606748885648,0.06149382683195143,positive,1,CROSS-VARIABLE DIAGNOSTIC
2026-08-18T14:32:21.874883+00:00,R,R,realised_variance_ann_252,realised_variance_ann_252,1,0.07330797286337912,0.022430320416207274,3.2682534847076745,0.001094335624691246,0.25849224410234867,positive,1,OWN HISTORY / PERSISTENCE
2026-08-18T14:32:21.874883+00:00,I,R,implied_variance_ann,realised_variance_ann_252,1,0.38124803420446624,0.015333801920784962,24.86324240876522,3.0847282539990636e-124,8.805199531189214e-12,positive,1,CROSS-VARIABLE DIAGNOSTIC
2026-08-18T14:32:21.874883+00:00,Q,I,squared_return,implied_variance_ann,1,-4.876812565811775,3.9499313146009234,-1.2346575617111708,0.21709049216253518,0.4947971388741508,negative,12,CROSS-VARIABLE DIAGNOSTIC
2026-08-18T14:32:21.874883+00:00,Q,I,squared_return,implied_variance_ann,2,3.797463108638617,4.035025600570436,0.9411249108560216,0.34674469463763846,0.5977652815141343,positive,12,CROSS-VARIABLE DIAGNOSTIC
2026-08-18T14:32:21.874883+00:00,Q,I,squared_return,implied_variance_ann,3,1.2825483655340968,4.141853835321455,0.3096556316392938,0.7568523196119521,0.9287875954022631,positive,12,CROSS-VARIABLE DIAGNOSTIC
2026-08-18T14:32:21.874883+00:00,Q,I,squared_return,implied_variance_ann,4,20.6656181250578,4.145421421871352,4.98516701245993,6.67677366002267e-07,0.2380166997098859,positive,12,CROSS-VARIABLE DIAGNOSTIC
2026-08-18T14:32:21.874883+00:00,Q,I,squared_return,implied_variance_ann,5,-6.066377547124117,4.556122754584203,-1.3314780733289837,0.1831703907753544,0.24961288857708558,negative,12,CROSS-VARIABLE DIAGNOSTIC
2026-08-18T14:32:21.874883+00:00,Q,I,squared_return,implied_variance_ann,6,-14.106725834502646,4.543185268957342,-3.105029841263799,0.0019269578532193567,0.1231793359173978,negative,12,CROSS-VARIABLE DIAGNOSTIC
2026-08-18T14:32:21.874883+00:00,Q,I,squared_return,implied_variance_ann,7,3.8693360003969666,4.546243652519247,0.8511061650320523,0.39480347258870685,0.42878692688434716,positive,12,CROSS-VARIABLE DIAGNOSTIC
2026-08-18T14:32:21.874883+00:00,Q,I,squared_return,implied_variance_ann,8,9.260110465398704,4.5894172263656,2.0177094407979697,0.04374333538261214,0.13281545073440976,positive,12,CROSS-VARIABLE DIAGNOSTIC
2026-08-18T14:32:21.874883+00:00,Q,I,squared_return,implied_variance_ann,9,-6.5654484696857285,4.584993513564059,-1.4319428043382771,0.15230295779450997,0.5495462298876754,negative,12,CROSS-VARIABLE DIAGNOSTIC
2026-08-18T14:32:21.874883+00:00,Q,I,squared_return,implied_variance_ann,10,-23.002701181947558,4.580916439211675,-5.02141907349571,5.543523608884512e-07,0.012758516061050733,negative,12,CROSS-VARIABLE DIAGNOSTIC
2026-08-18T14:32:21.874883+00:00,Q,I,squared_return,implied_variance_ann,11,-8.558997551774988,4.612289508283117,-1.8556939100210554,0.06363152011452025,0.31982299400275466,negative,12,CROSS-VARIABLE DIAGNOSTIC
2026-08-18T14:32:21.874883+00:00,Q,I,squared_return,implied_variance_ann,12,-3.120871820866804,4.564797351346951,-0.6836824464827376,0.4942480716505091,0.7138559683682644,negative,12,CROSS-VARIABLE DIAGNOSTIC
2026-08-18T14:32:21.874883+00:00,R,I,realised_variance_ann_252,implied_variance_ann,1,0.1250590955307233,0.022529503116364306,5.550903403630177,3.186169116515844e-08,0.07022491428294639,positive,12,CROSS-VARIABLE DIAGNOSTIC
2026-08-18T14:32:21.874883+00:00,R,I,realised_variance_ann_252,implied_variance_ann,2,0.018964902750511766,0.022800875435325947,0.8317620437121017,0.40563399536857203,0.7907602355609806,positive,12,CROSS-VARIABLE DIAGNOSTIC
2026-08-18T14:32:21.874883+00:00,R,I,realised_variance_ann_252,implied_variance_ann,3,-0.04793605341040995,0.022873291060691886,-2.095721743024064,0.036221471323768635,0.18188396449678026,negative,12,CROSS-VARIABLE DIAGNOSTIC
2026-08-18T14:32:21.874883+00:00,R,I,realised_variance_ann_252,implied_variance_ann,4,-0.05721594920060077,0.022931847870895604,-2.4950431174461736,0.012667338367259954,0.3333515430957956,negative,12,CROSS-VARIABLE DIAGNOSTIC
2026-08-18T14:32:21.874883+00:00,R,I,realised_variance_ann_252,implied_variance_ann,5,0.03464285945382452,0.023552874220344033,1.4708548574467144,0.14147410016652087,0.11079973170700624,positive,12,CROSS-VARIABLE DIAGNOSTIC
2026-08-18T14:32:21.874883+00:00,R,I,realised_variance_ann_252,implied_variance_ann,6,0.026461240044349608,0.02558534807828682,1.0342341235062626,0.30114096777203203,0.436826281054562,positive,12,CROSS-VARIABLE DIAGNOSTIC
2026-08-18T14:32:21.874883+00:00,R,I,realised_variance_ann_252,implied_variance_ann,7,0.007454535072554398,0.02563970532207145,0.29074183883608457,0.7712763127599639,0.7813437706285986,positive,12,CROSS-VARIABLE DIAGNOSTIC
2026-08-18T14:32:21.874883+00:00,R,I,realised_variance_ann_252,implied_variance_ann,8,-0.029048632590481134,0.025743073577911193,-1.1284057633042806,0.2592722494355223,0.23740784065122358,negative,12,CROSS-VARIABLE DIAGNOSTIC
2026-08-18T14:32:21.874883+00:00,R,I,realised_variance_ann_252,implied_variance_ann,9,-0.058173744727938986,0.025681441651168167,-2.265205572105912,0.023597415322708305,0.23984755724924742,negative,12,CROSS-VARIABLE DIAGNOSTIC
2026-08-18T14:32:21.874883+00:00,R,I,realised_variance_ann_252,implied_variance_ann,10,-0.06447267962040601,0.025588755968197447,-2.5195706934926725,0.011820460195049941,0.23006420493708551,negative,12,CROSS-VARIABLE DIAGNOSTIC
2026-08-18T14:32:21.874883+00:00,R,I,realised_variance_ann_252,implied_variance_ann,11,-0.06104169255748824,0.025567598220098842,-2.3874629142718224,0.017049501233090292,0.16855599880485192,negative,12,CROSS-VARIABLE DIAGNOSTIC
2026-08-18T14:32:21.874883+00:00,R,I,realised_variance_ann_252,implied_variance_ann,12,0.07924886221075927,0.025362212972950608,3.12468246738879,0.0018032969355115719,0.22538563499958003,positive,12,CROSS-VARIABLE DIAGNOSTIC
2026-08-18T14:32:21.874883+00:00,I,I,implied_variance_ann,implied_variance_ann,1,0.39373192598917023,0.022284558428168462,17.668374594826133,2.0569690317455403e-65,3.901236790012961e-05,positive,12,OWN HISTORY / PERSISTENCE
2026-08-18T14:32:21.874883+00:00,I,I,implied_variance_ann,implied_variance_ann,2,0.19607525473782889,0.024630322016435093,7.960726400856376,2.7206212136829452e-15,0.013214402297492062,positive,12,OWN HISTORY / PERSISTENCE
2026-08-18T14:32:21.874883+00:00,I,I,implied_variance_ann,implied_variance_ann,3,-0.02393507864941682,0.02472825784793972,-0.9679241779424836,0.3331891656951008,0.6675914157220931,negative,12,OWN HISTORY / PERSISTENCE
2026-08-18T14:32:21.874883+00:00,I,I,implied_variance_ann,implied_variance_ann,4,0.045669713626191585,0.024632924851291683,1.854010999582812,0.06387201554669947,0.6959721837164743,positive,12,OWN HISTORY / PERSISTENCE
2026-08-18T14:32:21.874883+00:00,I,I,implied_variance_ann,implied_variance_ann,5,-0.14200985360838397,0.024757434511271704,-5.736048843983771,1.1034027745039055e-08,0.11465322807400447,negative,12,OWN HISTORY / PERSISTENCE
2026-08-18T14:32:21.874883+00:00,I,I,implied_variance_ann,implied_variance_ann,6,0.013209038856248894,0.0285273430483834,0.46303081341455066,0.6433883083174249,0.8511155066013201,positive,12,OWN HISTORY / PERSISTENCE
2026-08-18T14:32:21.874883+00:00,I,I,implied_variance_ann,implied_variance_ann,7,0.023313316598033994,0.029578922600573366,0.7881732851751024,0.4306806946511963,0.7537418772200013,positive,12,OWN HISTORY / PERSISTENCE
2026-08-18T14:32:21.874883+00:00,I,I,implied_variance_ann,implied_variance_ann,8,0.04776091789488359,0.030093568180263822,1.5870805884098016,0.11263882015398104,0.21369495482400241,positive,12,OWN HISTORY / PERSISTENCE
2026-08-18T14:32:21.874883+00:00,I,I,implied_variance_ann,implied_variance_ann,9,-0.029690149106172,0.02972978617946233,-0.9986667555208415,0.31806652955929987,0.6682018378392187,negative,12,OWN HISTORY / PERSISTENCE
2026-08-18T14:32:21.874883+00:00,I,I,implied_variance_ann,implied_variance_ann,10,0.37501483210847286,0.029807014265348947,12.581428947227117,4.2444845765768543e-35,0.0713170626853135,positive,12,OWN HISTORY / PERSISTENCE
2026-08-18T14:32:21.874883+00:00,I,I,implied_variance_ann,implied_variance_ann,11,0.39856572272947766,0.029422892362072586,13.546109533515697,3.3234100559460013e-40,0.03683186793836365,positive,12,OWN HISTORY / PERSISTENCE
2026-08-18T14:32:21.874883+00:00,I,I,implied_variance_ann,implied_variance_ann,12,-0.2069984892615766,0.030135099469981535,-6.869016293368268,8.394439200848212e-12,0.1496809045764512,negative,12,OWN HISTORY / PERSISTENCE
