RUN_ID,coefficient,estimate,std_error,t_stat,p_value,model_name,target,calibration_stage,n_observations,sample_start,sample_end,residual_sd,adjusted_R2,condition_number,coefficient_group
2026-08-11T02:49:01.489250+00:00,const,0.006736039902263023,0.00034931952393343365,19.283319255715703,1.2793493181945606e-78,R1_AR,R,train,3319,2003-05-06,2017-03-27,0.01741720979841275,0.14518314921243747,53.36828196327505,intercept
2026-08-11T02:49:01.489250+00:00,R_lag1,0.38331146908757674,0.01613270022721799,23.75990774569032,2.2584263369609736e-115,R1_AR,R,train,3319,2003-05-06,2017-03-27,0.01741720979841275,0.14518314921243747,53.36828196327505,R_lags
2026-08-11T02:49:01.489250+00:00,const,0.006674565824485784,0.0003488388770774238,19.133663886334503,1.7165144130867122e-77,R2_AR_Q,R,train,3319,2003-05-06,2017-03-27,0.017376810246070813,0.14914407832962828,12528.431627165883,intercept
2026-08-11T02:49:01.489250+00:00,Q_lag1,15.321608058629849,3.778635709467111,4.0547989371514745,5.133132748478935e-05,R2_AR_Q,R,train,3319,2003-05-06,2017-03-27,0.017376810246070813,0.14914407832962828,12528.431627165883,Q_lags
2026-08-11T02:49:01.489250+00:00,R_lag1,0.3307329668499387,0.020668832761470572,16.00153093630273,1.4257228743733547e-55,R2_AR_Q,R,train,3319,2003-05-06,2017-03-27,0.017376810246070813,0.14914407832962828,12528.431627165883,R_lags
2026-08-11T02:49:01.489250+00:00,const,0.0029892182453918003,0.00036530566791241294,8.182786384000224,4.051093328783323e-16,R3_AR_I,R,train,3005,2003-05-07,2017-03-27,0.016115159447810095,0.3244121106174833,69.7117182658653,intercept
2026-08-11T02:49:01.489250+00:00,R_lag1,0.11223004125035298,0.01793927488091723,6.256108008564875,4.5079539829556035e-10,R3_AR_I,R,train,3005,2003-05-07,2017-03-27,0.016115159447810095,0.3244121106174833,69.7117182658653,R_lags
2026-08-11T02:49:01.489250+00:00,I_lag1,0.4097586511279348,0.014598404971258902,28.068727503769136,3.845305649742421e-154,R3_AR_I,R,train,3005,2003-05-07,2017-03-27,0.016115159447810095,0.3244121106174833,69.7117182658653,I_lags
2026-08-11T02:49:01.489250+00:00,const,0.0029743024736625947,0.0003650211293365005,8.148302206694142,5.357976469217115e-16,R4_FULL,R,train,3005,2003-05-07,2017-03-27,0.01610052586740427,0.3256385063046632,12136.385634334341,intercept
2026-08-11T02:49:01.489250+00:00,Q_lag1,9.057613767058953,3.563823415316357,2.5415439295145092,0.011086314012857335,R4_FULL,R,train,3005,2003-05-07,2017-03-27,0.01610052586740427,0.3256385063046632,12136.385634334341,Q_lags
2026-08-11T02:49:01.489250+00:00,R_lag1,0.08252170266414884,0.021397855934950475,3.8565407167435364,0.0001174183316048347,R4_FULL,R,train,3005,2003-05-07,2017-03-27,0.01610052586740427,0.3256385063046632,12136.385634334341,R_lags
2026-08-11T02:49:01.489250+00:00,I_lag1,0.4075195346303592,0.014611732781715724,27.889884158044936,2.070934594769435e-152,R4_FULL,R,train,3005,2003-05-07,2017-03-27,0.01610052586740427,0.3256385063046632,12136.385634334341,I_lags
2026-08-11T02:49:01.489250+00:00,const,0.0014112554890525124,0.00041588857158402246,3.393350011223847,0.0006999639713472017,I1_AR16,I,train,2837,2006-01-26,2017-03-27,0.01607848493414112,0.5808722491446949,87.48946956497316,intercept
2026-08-11T02:49:01.489250+00:00,I_lag1,0.38906535246006163,0.01855315482656736,20.970306996141485,7.438103535120133e-91,I1_AR16,I,train,2837,2006-01-26,2017-03-27,0.01607848493414112,0.5808722491446949,87.48946956497316,I_lags
2026-08-11T02:49:01.489250+00:00,I_lag2,0.17519455670484435,0.019562741320514238,8.955521817442254,6.000592721756404e-19,I1_AR16,I,train,2837,2006-01-26,2017-03-27,0.01607848493414112,0.5808722491446949,87.48946956497316,I_lags
2026-08-11T02:49:01.489250+00:00,I_lag3,0.044911443125296775,0.019835315346129284,2.2642162396506045,0.023636454639493897,I1_AR16,I,train,2837,2006-01-26,2017-03-27,0.01607848493414112,0.5808722491446949,87.48946956497316,I_lags
2026-08-11T02:49:01.489250+00:00,I_lag4,-0.0483801357624821,0.019786192883933403,-2.4451462717604096,0.014540122461105516,I1_AR16,I,train,2837,2006-01-26,2017-03-27,0.01607848493414112,0.5808722491446949,87.48946956497316,I_lags
2026-08-11T02:49:01.489250+00:00,I_lag5,0.0867260080371366,0.01979155532329423,4.38197032120371,1.219060843663706e-05,I1_AR16,I,train,2837,2006-01-26,2017-03-27,0.01607848493414112,0.5808722491446949,87.48946956497316,I_lags
2026-08-11T02:49:01.489250+00:00,I_lag6,-0.04241292562209109,0.019848624812340517,-2.1368193526294896,0.03269850560392992,I1_AR16,I,train,2837,2006-01-26,2017-03-27,0.01607848493414112,0.5808722491446949,87.48946956497316,I_lags
2026-08-11T02:49:01.489250+00:00,I_lag7,0.04211598520418262,0.019493858211050447,2.1604745837490706,0.030819925748254175,I1_AR16,I,train,2837,2006-01-26,2017-03-27,0.01607848493414112,0.5808722491446949,87.48946956497316,I_lags
2026-08-11T02:49:01.489250+00:00,I_lag8,0.03542194015802291,0.019470055523663488,1.8193034999295121,0.06897113593888335,I1_AR16,I,train,2837,2006-01-26,2017-03-27,0.01607848493414112,0.5808722491446949,87.48946956497316,I_lags
2026-08-11T02:49:01.489250+00:00,I_lag9,-0.06608429831529135,0.019469690720030762,-3.394214076924327,0.0006977680944813226,I1_AR16,I,train,2837,2006-01-26,2017-03-27,0.01607848493414112,0.5808722491446949,87.48946956497316,I_lags
2026-08-11T02:49:01.489250+00:00,I_lag10,0.20247048516593077,0.019492572784715657,10.387058055501535,7.915180722105265e-25,I1_AR16,I,train,2837,2006-01-26,2017-03-27,0.01607848493414112,0.5808722491446949,87.48946956497316,I_lags
2026-08-11T02:49:01.489250+00:00,I_lag11,0.03245472510138867,0.01984574837541292,1.6353490172029557,0.10208750670943766,I1_AR16,I,train,2837,2006-01-26,2017-03-27,0.01607848493414112,0.5808722491446949,87.48946956497316,I_lags
2026-08-11T02:49:01.489250+00:00,I_lag12,-0.0429336870541056,0.019788458250244802,-2.169632748098224,0.030117934789120563,I1_AR16,I,train,2837,2006-01-26,2017-03-27,0.01607848493414112,0.5808722491446949,87.48946956497316,I_lags
2026-08-11T02:49:01.489250+00:00,I_lag13,0.08386749588260173,0.019783640379550882,4.239234755262249,2.3148947897142793e-05,I1_AR16,I,train,2837,2006-01-26,2017-03-27,0.01607848493414112,0.5808722491446949,87.48946956497316,I_lags
2026-08-11T02:49:01.489250+00:00,I_lag14,-0.00856060643762418,0.01982674913577816,-0.4317705529534453,0.6659411917198219,I1_AR16,I,train,2837,2006-01-26,2017-03-27,0.01607848493414112,0.5808722491446949,87.48946956497316,I_lags
2026-08-11T02:49:01.489250+00:00,I_lag15,0.2063611753101606,0.019535197124948552,10.563557357023807,1.3141988676352877e-25,I1_AR16,I,train,2837,2006-01-26,2017-03-27,0.01607848493414112,0.5808722491446949,87.48946956497316,I_lags
2026-08-11T02:49:01.489250+00:00,I_lag16,-0.17154957473991744,0.018531933452738243,-9.2569712263115,4.040621225635708e-20,I1_AR16,I,train,2837,2006-01-26,2017-03-27,0.01607848493414112,0.5808722491446949,87.48946956497316,I_lags
2026-08-11T02:49:01.489250+00:00,const,0.00016327719991486746,0.0005262531854028313,0.31026358498881784,0.7563918148268274,I2_AR16_Q,I,train,2099,2006-01-26,2017-03-27,0.01608793127882904,0.6270719977316515,13587.643848225956,intercept
2026-08-11T02:49:01.489250+00:00,I_lag1,0.4045290747390151,0.021581466922519055,18.744280738252858,1.5927033135524852e-72,I2_AR16_Q,I,train,2099,2006-01-26,2017-03-27,0.01608793127882904,0.6270719977316515,13587.643848225956,I_lags
2026-08-11T02:49:01.489250+00:00,I_lag2,0.15299210626542362,0.02577827142725533,5.934924950152603,3.438866080292871e-09,I2_AR16_Q,I,train,2099,2006-01-26,2017-03-27,0.01608793127882904,0.6270719977316515,13587.643848225956,I_lags
2026-08-11T02:49:01.489250+00:00,I_lag3,0.04318040991916951,0.026112384889218705,1.6536371573244486,0.0983531777632009,I2_AR16_Q,I,train,2099,2006-01-26,2017-03-27,0.01608793127882904,0.6270719977316515,13587.643848225956,I_lags
2026-08-11T02:49:01.489250+00:00,I_lag4,-0.0449123525351925,0.025897893520417166,-1.7342087108275763,0.08303021953574577,I2_AR16_Q,I,train,2099,2006-01-26,2017-03-27,0.01608793127882904,0.6270719977316515,13587.643848225956,I_lags
2026-08-11T02:49:01.489250+00:00,I_lag5,-0.008874370541203176,0.02575974884410428,-0.3445053208752182,0.7305013584497363,I2_AR16_Q,I,train,2099,2006-01-26,2017-03-27,0.01608793127882904,0.6270719977316515,13587.643848225956,I_lags
2026-08-11T02:49:01.489250+00:00,I_lag6,-0.03698325046491532,0.029302711516912935,-1.2621101785604152,0.20705159951216004,I2_AR16_Q,I,train,2099,2006-01-26,2017-03-27,0.01608793127882904,0.6270719977316515,13587.643848225956,I_lags
2026-08-11T02:49:01.489250+00:00,I_lag7,0.08845097164404254,0.028807045935054093,3.070463102792857,0.002165098761687783,I2_AR16_Q,I,train,2099,2006-01-26,2017-03-27,0.01608793127882904,0.6270719977316515,13587.643848225956,I_lags
2026-08-11T02:49:01.489250+00:00,I_lag8,0.010572414071758766,0.02889643799201601,0.3658725713764405,0.7144976221462117,I2_AR16_Q,I,train,2099,2006-01-26,2017-03-27,0.01608793127882904,0.6270719977316515,13587.643848225956,I_lags
2026-08-11T02:49:01.489250+00:00,I_lag9,-0.040977450530693786,0.028964577173676436,-1.414743611998413,0.15729437640387392,I2_AR16_Q,I,train,2099,2006-01-26,2017-03-27,0.01608793127882904,0.6270719977316515,13587.643848225956,I_lags
2026-08-11T02:49:01.489250+00:00,I_lag10,0.344528811602663,0.028988462210841615,11.885032365525415,1.4736995851065438e-31,I2_AR16_Q,I,train,2099,2006-01-26,2017-03-27,0.01608793127882904,0.6270719977316515,13587.643848225956,I_lags
2026-08-11T02:49:01.489250+00:00,I_lag11,0.09259976371435637,0.030352780145365462,3.050783594480565,0.0023114737074257474,I2_AR16_Q,I,train,2099,2006-01-26,2017-03-27,0.01608793127882904,0.6270719977316515,13587.643848225956,I_lags
2026-08-11T02:49:01.489250+00:00,I_lag12,-0.044552903884294066,0.029945601408176845,-1.487794593837364,0.13695767719384358,I2_AR16_Q,I,train,2099,2006-01-26,2017-03-27,0.01608793127882904,0.6270719977316515,13587.643848225956,I_lags
2026-08-11T02:49:01.489250+00:00,I_lag13,0.13623322564682133,0.030166341831026275,4.516067158885821,6.654931482803798e-06,I2_AR16_Q,I,train,2099,2006-01-26,2017-03-27,0.01608793127882904,0.6270719977316515,13587.643848225956,I_lags
2026-08-11T02:49:01.489250+00:00,I_lag14,-0.021803678533876325,0.02978260701174155,-0.7320943571286557,0.46419401510679403,I2_AR16_Q,I,train,2099,2006-01-26,2017-03-27,0.01608793127882904,0.6270719977316515,13587.643848225956,I_lags
2026-08-11T02:49:01.489250+00:00,I_lag15,0.2688684599374372,0.029194756093259493,9.209477862345071,7.801601224350346e-20,I2_AR16_Q,I,train,2099,2006-01-26,2017-03-27,0.01608793127882904,0.6270719977316515,13587.643848225956,I_lags
2026-08-11T02:49:01.489250+00:00,I_lag16,-0.29759542788606613,0.028522468501953176,-10.433719222643273,7.132877277791181e-25,I2_AR16_Q,I,train,2099,2006-01-26,2017-03-27,0.01608793127882904,0.6270719977316515,13587.643848225956,I_lags
2026-08-11T02:49:01.489250+00:00,Q_lag1,11.47296346016844,3.8683955747934973,2.965819611346466,0.0030533846832940703,I2_AR16_Q,I,train,2099,2006-01-26,2017-03-27,0.01608793127882904,0.6270719977316515,13587.643848225956,Q_lags
2026-08-11T02:49:01.489250+00:00,Q_lag2,5.600352629389185,3.9559188318422795,1.415689468729845,0.15701717052645323,I2_AR16_Q,I,train,2099,2006-01-26,2017-03-27,0.01608793127882904,0.6270719977316515,13587.643848225956,Q_lags
2026-08-11T02:49:01.489250+00:00,Q_lag3,-9.662485649128183,4.0722778365382295,-2.3727471545365106,0.017747412547976474,I2_AR16_Q,I,train,2099,2006-01-26,2017-03-27,0.01608793127882904,0.6270719977316515,13587.643848225956,Q_lags
2026-08-11T02:49:01.489250+00:00,Q_lag4,10.513682946099046,4.027064034306635,2.6107563367586857,0.009099548031084587,I2_AR16_Q,I,train,2099,2006-01-26,2017-03-27,0.01608793127882904,0.6270719977316515,13587.643848225956,Q_lags
2026-08-11T02:49:01.489250+00:00,Q_lag5,-2.0970616824458177,4.199612424847395,-0.4993464801747796,0.6175884848029857,I2_AR16_Q,I,train,2099,2006-01-26,2017-03-27,0.01608793127882904,0.6270719977316515,13587.643848225956,Q_lags
2026-08-11T02:49:01.489250+00:00,Q_lag6,-7.3374923793879745,4.417110592664265,-1.6611520643322233,0.09683463696694089,I2_AR16_Q,I,train,2099,2006-01-26,2017-03-27,0.01608793127882904,0.6270719977316515,13587.643848225956,Q_lags
2026-08-11T02:49:01.489250+00:00,Q_lag7,3.4599798396919916,4.446001249755075,0.77822286709492,0.4365267520809044,I2_AR16_Q,I,train,2099,2006-01-26,2017-03-27,0.01608793127882904,0.6270719977316515,13587.643848225956,Q_lags
2026-08-11T02:49:01.489250+00:00,Q_lag8,12.116351292702625,4.453334086720847,2.7207371054490856,0.006568261606843489,I2_AR16_Q,I,train,2099,2006-01-26,2017-03-27,0.01608793127882904,0.6270719977316515,13587.643848225956,Q_lags
2026-08-11T02:49:01.489250+00:00,Q_lag9,-21.31481543792832,4.4452391329270435,-4.794976108269167,1.7430611126259595e-06,I2_AR16_Q,I,train,2099,2006-01-26,2017-03-27,0.01608793127882904,0.6270719977316515,13587.643848225956,Q_lags
2026-08-11T02:49:01.489250+00:00,Q_lag10,-19.23974989741606,4.45390975092367,-4.319743994234738,1.6361201245125214e-05,I2_AR16_Q,I,train,2099,2006-01-26,2017-03-27,0.01608793127882904,0.6270719977316515,13587.643848225956,Q_lags
2026-08-11T02:49:01.489250+00:00,Q_lag11,-10.992780757697155,4.444309731858676,-2.473450641591492,0.013461400173708676,I2_AR16_Q,I,train,2099,2006-01-26,2017-03-27,0.01608793127882904,0.6270719977316515,13587.643848225956,Q_lags
2026-08-11T02:49:01.489250+00:00,Q_lag12,-4.817132110342578,4.470805536957911,-1.0774640208619584,0.2813988059631595,I2_AR16_Q,I,train,2099,2006-01-26,2017-03-27,0.01608793127882904,0.6270719977316515,13587.643848225956,Q_lags
2026-08-11T02:49:01.489250+00:00,Q_lag13,21.622167828743393,4.471044218568456,4.836044282216114,1.4222684199969006e-06,I2_AR16_Q,I,train,2099,2006-01-26,2017-03-27,0.01608793127882904,0.6270719977316515,13587.643848225956,Q_lags
2026-08-11T02:49:01.489250+00:00,Q_lag14,-26.236098411320977,4.465358794338024,-5.875473756910143,4.902660027868881e-09,I2_AR16_Q,I,train,2099,2006-01-26,2017-03-27,0.01608793127882904,0.6270719977316515,13587.643848225956,Q_lags
2026-08-11T02:49:01.489250+00:00,Q_lag15,25.86749710815757,4.460936150175198,5.798670108098645,7.714327771429414e-09,I2_AR16_Q,I,train,2099,2006-01-26,2017-03-27,0.01608793127882904,0.6270719977316515,13587.643848225956,Q_lags
2026-08-11T02:49:01.489250+00:00,Q_lag16,-6.4992802409473,4.294552175737426,-1.5133778738713999,0.1303366553241281,I2_AR16_Q,I,train,2099,2006-01-26,2017-03-27,0.01608793127882904,0.6270719977316515,13587.643848225956,Q_lags
2026-08-11T02:49:01.489250+00:00,const,-0.00021382509038415728,0.0005507444284226615,-0.38824739634054006,0.6978729625996642,I3_AR16_R,I,train,2099,2006-01-26,2017-03-27,0.016258394447998276,0.6191272501451996,112.39175612201377,intercept
2026-08-11T02:49:01.489250+00:00,I_lag1,0.32353425277639286,0.022677347489053652,14.266847255066438,4.0841864804087813e-44,I3_AR16_R,I,train,2099,2006-01-26,2017-03-27,0.016258394447998276,0.6191272501451996,112.39175612201377,I_lags
2026-08-11T02:49:01.489250+00:00,I_lag2,0.15219916950146042,0.024281041383222568,6.268230719569765,4.4326240859122933e-10,I3_AR16_R,I,train,2099,2006-01-26,2017-03-27,0.016258394447998276,0.6191272501451996,112.39175612201377,I_lags
2026-08-11T02:49:01.489250+00:00,I_lag3,0.04978666281144778,0.024452216122193785,2.036079779544377,0.04186966306796094,I3_AR16_R,I,train,2099,2006-01-26,2017-03-27,0.016258394447998276,0.6191272501451996,112.39175612201377,I_lags
2026-08-11T02:49:01.489250+00:00,I_lag4,-0.05416179319917039,0.024202864890011014,-2.237825705564468,0.02533861848104077,I3_AR16_R,I,train,2099,2006-01-26,2017-03-27,0.016258394447998276,0.6191272501451996,112.39175612201377,I_lags
2026-08-11T02:49:01.489250+00:00,I_lag5,0.04759040097004102,0.0240353545309111,1.9800166004972601,0.04783415741709482,I3_AR16_R,I,train,2099,2006-01-26,2017-03-27,0.016258394447998276,0.6191272501451996,112.39175612201377,I_lags
2026-08-11T02:49:01.489250+00:00,I_lag6,-0.032651865550285396,0.030502732914399887,-1.070457051894879,0.2845386697485278,I3_AR16_R,I,train,2099,2006-01-26,2017-03-27,0.016258394447998276,0.6191272501451996,112.39175612201377,I_lags
2026-08-11T02:49:01.489250+00:00,I_lag7,0.06659294183519808,0.03002987921559775,2.217556099946256,0.026693548948380115,I3_AR16_R,I,train,2099,2006-01-26,2017-03-27,0.016258394447998276,0.6191272501451996,112.39175612201377,I_lags
2026-08-11T02:49:01.489250+00:00,I_lag8,0.0191666638362023,0.03013713000712366,0.6359817219380804,0.5248587788826751,I3_AR16_R,I,train,2099,2006-01-26,2017-03-27,0.016258394447998276,0.6191272501451996,112.39175612201377,I_lags
2026-08-11T02:49:01.489250+00:00,I_lag9,-0.00845789244054097,0.030296960036006182,-0.2791663728139475,0.7801450905033755,I3_AR16_R,I,train,2099,2006-01-26,2017-03-27,0.016258394447998276,0.6191272501451996,112.39175612201377,I_lags
2026-08-11T02:49:01.489250+00:00,I_lag10,0.3274716532794091,0.030243420166909733,10.827864423803033,1.2970317301736569e-26,I3_AR16_R,I,train,2099,2006-01-26,2017-03-27,0.016258394447998276,0.6191272501451996,112.39175612201377,I_lags
2026-08-11T02:49:01.489250+00:00,I_lag11,0.10612862848617699,0.03158198593527292,3.360416558467442,0.0007924102921037891,I3_AR16_R,I,train,2099,2006-01-26,2017-03-27,0.016258394447998276,0.6191272501451996,112.39175612201377,I_lags
2026-08-11T02:49:01.489250+00:00,I_lag12,-0.05764716739358618,0.03096755399485223,-1.8615344112476215,0.06281066134979953,I3_AR16_R,I,train,2099,2006-01-26,2017-03-27,0.016258394447998276,0.6191272501451996,112.39175612201377,I_lags
2026-08-11T02:49:01.489250+00:00,I_lag13,0.10925327616049058,0.031094843202571477,3.5135496728105564,0.0004516695814498867,I3_AR16_R,I,train,2099,2006-01-26,2017-03-27,0.016258394447998276,0.6191272501451996,112.39175612201377,I_lags
2026-08-11T02:49:01.489250+00:00,I_lag14,-0.028965518683217294,0.03053719008429858,-0.9485325468144694,0.3429693470232379,I3_AR16_R,I,train,2099,2006-01-26,2017-03-27,0.016258394447998276,0.6191272501451996,112.39175612201377,I_lags
2026-08-11T02:49:01.489250+00:00,I_lag15,0.21776990144503758,0.029881466035170275,7.287791743173643,4.463070141433497e-13,I3_AR16_R,I,train,2099,2006-01-26,2017-03-27,0.016258394447998276,0.6191272501451996,112.39175612201377,I_lags
2026-08-11T02:49:01.489250+00:00,I_lag16,-0.22341730084824465,0.030025584750596208,-7.440897577983334,1.458781359386268e-13,I3_AR16_R,I,train,2099,2006-01-26,2017-03-27,0.016258394447998276,0.6191272501451996,112.39175612201377,I_lags
2026-08-11T02:49:01.489250+00:00,R_lag1,0.1838189061907131,0.021171578881489343,8.682342834214833,7.72313196774334e-18,I3_AR16_R,I,train,2099,2006-01-26,2017-03-27,0.016258394447998276,0.6191272501451996,112.39175612201377,R_lags
2026-08-11T02:49:01.489250+00:00,R_lag2,0.00946637531358715,0.02152413022772467,0.43980291948771794,0.6601258543212049,I3_AR16_R,I,train,2099,2006-01-26,2017-03-27,0.016258394447998276,0.6191272501451996,112.39175612201377,R_lags
2026-08-11T02:49:01.489250+00:00,R_lag3,-0.03546777509316101,0.021606811621304636,-1.6415089701707426,0.10084400840443222,I3_AR16_R,I,train,2099,2006-01-26,2017-03-27,0.016258394447998276,0.6191272501451996,112.39175612201377,R_lags
2026-08-11T02:49:01.489250+00:00,R_lag4,-0.0027028275168394537,0.021367301243104153,-0.1264936309030479,0.8993534990300924,I3_AR16_R,I,train,2099,2006-01-26,2017-03-27,0.016258394447998276,0.6191272501451996,112.39175612201377,R_lags
2026-08-11T02:49:01.489250+00:00,R_lag5,-0.027046873159589892,0.021381949937629985,-1.2649395045112437,0.206035673149093,I3_AR16_R,I,train,2099,2006-01-26,2017-03-27,0.016258394447998276,0.6191272501451996,112.39175612201377,R_lags
2026-08-11T02:49:01.489250+00:00,R_lag6,-0.008681709556361546,0.024512734658042545,-0.35417140019149623,0.7232465779985342,I3_AR16_R,I,train,2099,2006-01-26,2017-03-27,0.016258394447998276,0.6191272501451996,112.39175612201377,R_lags
2026-08-11T02:49:01.489250+00:00,R_lag7,-0.0154492680925577,0.024868451990913774,-0.6212396371998716,0.5345104980666466,I3_AR16_R,I,train,2099,2006-01-26,2017-03-27,0.016258394447998276,0.6191272501451996,112.39175612201377,R_lags
2026-08-11T02:49:01.489250+00:00,R_lag8,0.015835769962039555,0.02499382703309762,0.6335872430048157,0.5264203611893272,I3_AR16_R,I,train,2099,2006-01-26,2017-03-27,0.016258394447998276,0.6191272501451996,112.39175612201377,R_lags
2026-08-11T02:49:01.489250+00:00,R_lag9,-0.06980212418118059,0.025019079177042575,-2.789955764848084,0.005319911963329787,I3_AR16_R,I,train,2099,2006-01-26,2017-03-27,0.016258394447998276,0.6191272501451996,112.39175612201377,R_lags
2026-08-11T02:49:01.489250+00:00,R_lag10,-0.08870940389041555,0.025060746318910292,-3.539775023518648,0.0004093240634232284,I3_AR16_R,I,train,2099,2006-01-26,2017-03-27,0.016258394447998276,0.6191272501451996,112.39175612201377,R_lags
2026-08-11T02:49:01.489250+00:00,R_lag11,-0.02921973481902569,0.025052643533106135,-1.166333396330527,0.2436142916832328,I3_AR16_R,I,train,2099,2006-01-26,2017-03-27,0.016258394447998276,0.6191272501451996,112.39175612201377,R_lags
2026-08-11T02:49:01.489250+00:00,R_lag12,-0.01417702457126078,0.024999161055366717,-0.5671000134709446,0.5707078422298797,I3_AR16_R,I,train,2099,2006-01-26,2017-03-27,0.016258394447998276,0.6191272501451996,112.39175612201377,R_lags
2026-08-11T02:49:01.489250+00:00,R_lag13,0.1211880351827077,0.024893223558810375,4.8683142581514325,1.2108636616900796e-06,I3_AR16_R,I,train,2099,2006-01-26,2017-03-27,0.016258394447998276,0.6191272501451996,112.39175612201377,R_lags
2026-08-11T02:49:01.489250+00:00,R_lag14,-0.03355971770954039,0.02479874716325264,-1.3532827883849696,0.17611335427198754,I3_AR16_R,I,train,2099,2006-01-26,2017-03-27,0.016258394447998276,0.6191272501451996,112.39175612201377,R_lags
2026-08-11T02:49:01.489250+00:00,R_lag15,0.024263403284053978,0.024754080189405916,0.9801779382793656,0.32711305532249535,I3_AR16_R,I,train,2099,2006-01-26,2017-03-27,0.016258394447998276,0.6191272501451996,112.39175612201377,R_lags
2026-08-11T02:49:01.489250+00:00,R_lag16,-0.013095137736622778,0.023719101358009146,-0.552092490308491,0.5809447020886143,I3_AR16_R,I,train,2099,2006-01-26,2017-03-27,0.016258394447998276,0.6191272501451996,112.39175612201377,R_lags
2026-08-11T02:49:01.489250+00:00,const,-4.9812346092243036e-05,0.0005378433427175825,-0.0926149719369105,0.9262184985471662,I4_FULL,I,train,2099,2006-01-26,2017-03-27,0.01584353529194685,0.6383164298150812,15533.845925243753,intercept
2026-08-11T02:49:01.489250+00:00,I_lag1,0.35332339321794126,0.022703578605095764,15.56245380358842,1.0546755814115317e-51,I4_FULL,I,train,2099,2006-01-26,2017-03-27,0.01584353529194685,0.6383164298150812,15533.845925243753,I_lags
2026-08-11T02:49:01.489250+00:00,I_lag2,0.15429599535720834,0.026409436228489774,5.8424569923517735,5.968253116493768e-09,I4_FULL,I,train,2099,2006-01-26,2017-03-27,0.01584353529194685,0.6383164298150812,15533.845925243753,I_lags
2026-08-11T02:49:01.489250+00:00,I_lag3,0.04063758361201632,0.026817564868322347,1.5153345880415325,0.12984186023654362,I4_FULL,I,train,2099,2006-01-26,2017-03-27,0.01584353529194685,0.6383164298150812,15533.845925243753,I_lags
2026-08-11T02:49:01.489250+00:00,I_lag4,-0.03006213028976589,0.02657134187690143,-1.1313741861075903,0.2580299628772896,I4_FULL,I,train,2099,2006-01-26,2017-03-27,0.01584353529194685,0.6383164298150812,15533.845925243753,I_lags
2026-08-11T02:49:01.489250+00:00,I_lag5,-0.00605616106626822,0.026537543440015757,-0.22821106557799098,0.8195049194693949,I4_FULL,I,train,2099,2006-01-26,2017-03-27,0.01584353529194685,0.6383164298150812,15533.845925243753,I_lags
2026-08-11T02:49:01.489250+00:00,I_lag6,-0.01796611410154258,0.03041370947589194,-0.5907241967897338,0.5547703501594268,I4_FULL,I,train,2099,2006-01-26,2017-03-27,0.01584353529194685,0.6383164298150812,15533.845925243753,I_lags
2026-08-11T02:49:01.489250+00:00,I_lag7,0.07753590028002483,0.0301874817733562,2.5684785787087034,0.010284831242101698,I4_FULL,I,train,2099,2006-01-26,2017-03-27,0.01584353529194685,0.6383164298150812,15533.845925243753,I_lags
2026-08-11T02:49:01.489250+00:00,I_lag8,0.003486171682285105,0.030345332641498978,0.11488329106393007,0.9085488800326968,I4_FULL,I,train,2099,2006-01-26,2017-03-27,0.01584353529194685,0.6383164298150812,15533.845925243753,I_lags
2026-08-11T02:49:01.489250+00:00,I_lag9,-0.01101769385757831,0.03050101892200121,-0.36122379667883653,0.7179693765388951,I4_FULL,I,train,2099,2006-01-26,2017-03-27,0.01584353529194685,0.6383164298150812,15533.845925243753,I_lags
2026-08-11T02:49:01.489250+00:00,I_lag10,0.34629127116720465,0.030490203979059428,11.357459969931206,4.9233178009693465e-29,I4_FULL,I,train,2099,2006-01-26,2017-03-27,0.01584353529194685,0.6383164298150812,15533.845925243753,I_lags
2026-08-11T02:49:01.489250+00:00,I_lag11,0.11097642848294345,0.031788230644817596,3.491116876649309,0.0004911820668943841,I4_FULL,I,train,2099,2006-01-26,2017-03-27,0.01584353529194685,0.6383164298150812,15533.845925243753,I_lags
2026-08-11T02:49:01.489250+00:00,I_lag12,-0.04913092727000229,0.031293947502701286,-1.5699817757335126,0.11657367658356994,I4_FULL,I,train,2099,2006-01-26,2017-03-27,0.01584353529194685,0.6383164298150812,15533.845925243753,I_lags
2026-08-11T02:49:01.489250+00:00,I_lag13,0.11477251333122163,0.03137686731921688,3.6578703719389085,0.0002607357299797475,I4_FULL,I,train,2099,2006-01-26,2017-03-27,0.01584353529194685,0.6383164298150812,15533.845925243753,I_lags
2026-08-11T02:49:01.489250+00:00,I_lag14,-0.05324481124681138,0.03081831309613881,-1.727700379988753,0.08419256159132545,I4_FULL,I,train,2099,2006-01-26,2017-03-27,0.01584353529194685,0.6383164298150812,15533.845925243753,I_lags
2026-08-11T02:49:01.489250+00:00,I_lag15,0.2698687790653558,0.030282629987183105,8.911669137706193,1.0843662431525359e-18,I4_FULL,I,train,2099,2006-01-26,2017-03-27,0.01584353529194685,0.6383164298150812,15533.845925243753,I_lags
2026-08-11T02:49:01.489250+00:00,I_lag16,-0.27129567417518996,0.030236488904318553,-8.972459568096278,6.385393155007478e-19,I4_FULL,I,train,2099,2006-01-26,2017-03-27,0.01584353529194685,0.6383164298150812,15533.845925243753,I_lags
2026-08-11T02:49:01.489250+00:00,Q_lag1,-4.506575186522181,4.456537741082361,-1.0112278742707712,0.3120267151191825,I4_FULL,I,train,2099,2006-01-26,2017-03-27,0.01584353529194685,0.6383164298150812,15533.845925243753,Q_lags
2026-08-11T02:49:01.489250+00:00,Q_lag2,1.5772716485417544,4.565295548821252,0.3454916843114356,0.7297602083945967,I4_FULL,I,train,2099,2006-01-26,2017-03-27,0.01584353529194685,0.6383164298150812,15533.845925243753,Q_lags
2026-08-11T02:49:01.489250+00:00,Q_lag3,-9.917226072552435,4.658408654465664,-2.128887096035583,0.033382508280018784,I4_FULL,I,train,2099,2006-01-26,2017-03-27,0.01584353529194685,0.6383164298150812,15533.845925243753,Q_lags
2026-08-11T02:49:01.489250+00:00,Q_lag4,13.068505916583291,4.6640630776363405,2.8019573704406597,0.0051270824781873585,I4_FULL,I,train,2099,2006-01-26,2017-03-27,0.01584353529194685,0.6383164298150812,15533.845925243753,Q_lags
2026-08-11T02:49:01.489250+00:00,Q_lag5,0.44080973425115594,5.034499893422589,0.0875577998972767,0.9302366956913872,I4_FULL,I,train,2099,2006-01-26,2017-03-27,0.01584353529194685,0.6383164298150812,15533.845925243753,Q_lags
2026-08-11T02:49:01.489250+00:00,Q_lag6,-4.499973341781512,5.023437249815025,-0.8957956709715468,0.3704670742986783,I4_FULL,I,train,2099,2006-01-26,2017-03-27,0.01584353529194685,0.6383164298150812,15533.845925243753,Q_lags
2026-08-11T02:49:01.489250+00:00,Q_lag7,6.305185673967693,5.0353455158560205,1.2521853076641944,0.21064518773565452,I4_FULL,I,train,2099,2006-01-26,2017-03-27,0.01584353529194685,0.6383164298150812,15533.845925243753,Q_lags
2026-08-11T02:49:01.489250+00:00,Q_lag8,10.884090010569691,5.043079966409469,2.158222769233393,0.031026291996030707,I4_FULL,I,train,2099,2006-01-26,2017-03-27,0.01584353529194685,0.6383164298150812,15533.845925243753,Q_lags
2026-08-11T02:49:01.489250+00:00,Q_lag9,-18.24057169778661,5.042981114313404,-3.61702161565006,0.0003052180975704471,I4_FULL,I,train,2099,2006-01-26,2017-03-27,0.01584353529194685,0.6383164298150812,15533.845925243753,Q_lags
2026-08-11T02:49:01.489250+00:00,Q_lag10,-15.471225819209842,5.031428499083292,-3.074917157628026,0.0021333884720116437,I4_FULL,I,train,2099,2006-01-26,2017-03-27,0.01584353529194685,0.6383164298150812,15533.845925243753,Q_lags
2026-08-11T02:49:01.489250+00:00,Q_lag11,-8.932256176297164,5.01341907408164,-1.7816695640855393,0.07495113072354687,I4_FULL,I,train,2099,2006-01-26,2017-03-27,0.01584353529194685,0.6383164298150812,15533.845925243753,Q_lags
2026-08-11T02:49:01.489250+00:00,Q_lag12,-1.9861004280287153,5.036810816357922,-0.3943170590363465,0.6933879852125631,I4_FULL,I,train,2099,2006-01-26,2017-03-27,0.01584353529194685,0.6383164298150812,15533.845925243753,Q_lags
2026-08-11T02:49:01.489250+00:00,Q_lag13,15.903545504817224,5.021214217686996,3.1672708662374363,0.001561411916412627,I4_FULL,I,train,2099,2006-01-26,2017-03-27,0.01584353529194685,0.6383164298150812,15533.845925243753,Q_lags
2026-08-11T02:49:01.489250+00:00,Q_lag14,-30.641010174760336,5.026416784171017,-6.095994719589058,1.2959542931179003e-09,I4_FULL,I,train,2099,2006-01-26,2017-03-27,0.01584353529194685,0.6383164298150812,15533.845925243753,Q_lags
2026-08-11T02:49:01.489250+00:00,Q_lag15,26.705371504579887,5.044775188317932,5.293669293018426,1.3270639117870893e-07,I4_FULL,I,train,2099,2006-01-26,2017-03-27,0.01584353529194685,0.6383164298150812,15533.845925243753,Q_lags
2026-08-11T02:49:01.489250+00:00,Q_lag16,-9.649185284985016,4.959875604636877,-1.94544905036816,0.0518574864225701,I4_FULL,I,train,2099,2006-01-26,2017-03-27,0.01584353529194685,0.6383164298150812,15533.845925243753,Q_lags
2026-08-11T02:49:01.489250+00:00,R_lag1,0.18035547886397282,0.02408663261187504,7.487783027630649,1.0344607471966962e-13,I4_FULL,I,train,2099,2006-01-26,2017-03-27,0.01584353529194685,0.6383164298150812,15533.845925243753,R_lags
2026-08-11T02:49:01.489250+00:00,R_lag2,0.0025921640673333144,0.02457969000258591,0.10545959151887617,0.9160214499214674,I4_FULL,I,train,2099,2006-01-26,2017-03-27,0.01584353529194685,0.6383164298150812,15533.845925243753,R_lags
2026-08-11T02:49:01.489250+00:00,R_lag3,-0.008283713595371202,0.024626490277283263,-0.33637410374358234,0.7366232024224098,I4_FULL,I,train,2099,2006-01-26,2017-03-27,0.01584353529194685,0.6383164298150812,15533.845925243753,R_lags
2026-08-11T02:49:01.489250+00:00,R_lag4,-0.039048148122106816,0.02451271726803133,-1.5929750951369277,0.11131994276644215,I4_FULL,I,train,2099,2006-01-26,2017-03-27,0.01584353529194685,0.6383164298150812,15533.845925243753,R_lags
2026-08-11T02:49:01.489250+00:00,R_lag5,-0.013470159343183049,0.0254952882548627,-0.5283391663796504,0.5973211405971275,I4_FULL,I,train,2099,2006-01-26,2017-03-27,0.01584353529194685,0.6383164298150812,15533.845925243753,R_lags
2026-08-11T02:49:01.489250+00:00,R_lag6,-0.014576553431062398,0.02771097131530644,-0.5260210212483922,0.5989304998180918,I4_FULL,I,train,2099,2006-01-26,2017-03-27,0.01584353529194685,0.6383164298150812,15533.845925243753,R_lags
2026-08-11T02:49:01.489250+00:00,R_lag7,-0.02293722822422664,0.02791799086017273,-0.8215930845134151,0.41140406498454507,I4_FULL,I,train,2099,2006-01-26,2017-03-27,0.01584353529194685,0.6383164298150812,15533.845925243753,R_lags
2026-08-11T02:49:01.489250+00:00,R_lag8,-0.005043545399517457,0.027991457520012142,-0.18018159275599127,0.8570278176056079,I4_FULL,I,train,2099,2006-01-26,2017-03-27,0.01584353529194685,0.6383164298150812,15533.845925243753,R_lags
2026-08-11T02:49:01.489250+00:00,R_lag9,-0.019075780243934685,0.028071759208426056,-0.6795363305271183,0.4968748157524212,I4_FULL,I,train,2099,2006-01-26,2017-03-27,0.01584353529194685,0.6383164298150812,15533.845925243753,R_lags
2026-08-11T02:49:01.489250+00:00,R_lag10,-0.0381936937658189,0.028008256104664023,-1.3636584021187512,0.17282482171661323,I4_FULL,I,train,2099,2006-01-26,2017-03-27,0.01584353529194685,0.6383164298150812,15533.845925243753,R_lags
2026-08-11T02:49:01.489250+00:00,R_lag11,-0.02263965364623785,0.027992096352720652,-0.8087873577227602,0.4187313212074496,I4_FULL,I,train,2099,2006-01-26,2017-03-27,0.01584353529194685,0.6383164298150812,15533.845925243753,R_lags
2026-08-11T02:49:01.489250+00:00,R_lag12,-0.006551674314146157,0.02795976978107652,-0.23432504507173743,0.8147560435663562,I4_FULL,I,train,2099,2006-01-26,2017-03-27,0.01584353529194685,0.6383164298150812,15533.845925243753,R_lags
2026-08-11T02:49:01.489250+00:00,R_lag13,0.06979299410167805,0.02782814851319301,2.5079999148556356,0.012218377732389749,I4_FULL,I,train,2099,2006-01-26,2017-03-27,0.01584353529194685,0.6383164298150812,15533.845925243753,R_lags
2026-08-11T02:49:01.489250+00:00,R_lag14,0.04900655683792342,0.027761856885030467,1.765247801718492,0.07767098672127522,I4_FULL,I,train,2099,2006-01-26,2017-03-27,0.01584353529194685,0.6383164298150812,15533.845925243753,R_lags
2026-08-11T02:49:01.489250+00:00,R_lag15,-0.05010389099287253,0.027717143806148935,-1.8076859341386102,0.07080191252526775,I4_FULL,I,train,2099,2006-01-26,2017-03-27,0.01584353529194685,0.6383164298150812,15533.845925243753,R_lags
2026-08-11T02:49:01.489250+00:00,R_lag16,0.020778611913073744,0.027304711049095258,0.7609899945731982,0.44675056644267097,I4_FULL,I,train,2099,2006-01-26,2017-03-27,0.01584353529194685,0.6383164298150812,15533.845925243753,R_lags
2026-08-11T02:49:01.489250+00:00,const,0.005472916606263896,0.0002626822535077348,20.834740577945986,4.138962363106667e-92,R1_AR,R,train_validation,4500,2003-05-06,2021-11-12,0.015462034985199838,0.16514473587490808,59.39553326815597,intercept
2026-08-11T02:49:01.489250+00:00,R_lag1,0.40860719661274053,0.013689178364651448,29.848920492398335,8.95750659909301e-179,R1_AR,R,train_validation,4500,2003-05-06,2021-11-12,0.015462034985199838,0.16514473587490808,59.39553326815597,R_lags
2026-08-11T02:49:01.489250+00:00,const,0.005418314667991185,0.00026219203849398644,20.66544315805172,1.0312045372854188e-90,R2_AR_Q,R,train_validation,4500,2003-05-06,2021-11-12,0.015420061088165491,0.16967125072273748,13832.550983143516,intercept
2026-08-11T02:49:01.489250+00:00,Q_lag1,16.062296106643736,3.1795167341013983,5.051804236275956,4.549976943212685e-07,R2_AR_Q,R,train_validation,4500,2003-05-06,2021-11-12,0.015420061088165491,0.16967125072273748,13832.550983143516,Q_lags
2026-08-11T02:49:01.489250+00:00,R_lag1,0.35300211977433066,0.01753656306314455,20.129492791903573,2.340695541955544e-86,R2_AR_Q,R,train_validation,4500,2003-05-06,2021-11-12,0.015420061088165491,0.16967125072273748,13832.550983143516,R_lags
2026-08-11T02:49:01.489250+00:00,const,0.0025030881897943214,0.0002619089549724481,9.557092807527857,2.0011947048117043e-21,R3_AR_I,R,train_validation,4186,2003-05-07,2021-11-12,0.014073576661034742,0.3460078819738023,80.64764819525283,intercept
2026-08-11T02:49:01.489250+00:00,R_lag1,0.11880638462502342,0.01527164949403013,7.77953846252602,9.10605734459915e-15,R3_AR_I,R,train_validation,4186,2003-05-07,2021-11-12,0.014073576661034742,0.3460078819738023,80.64764819525283,R_lags
2026-08-11T02:49:01.489250+00:00,I_lag1,0.4164664657895032,0.012349948917594118,33.722120517939324,9.830010865929596e-221,R3_AR_I,R,train_validation,4186,2003-05-07,2021-11-12,0.014073576661034742,0.3460078819738023,80.64764819525283,I_lags
2026-08-11T02:49:01.489250+00:00,const,0.0024893054204959465,0.00026164430839126376,9.514082059730613,3.0029295011554173e-21,R4_FULL,R,train_validation,4186,2003-05-07,2021-11-12,0.014057509887877193,0.3475002595567591,13562.2325652714,intercept
2026-08-11T02:49:01.489250+00:00,Q_lag1,9.577650971295958,2.9463098368277856,3.250727690475338,0.001160222138010464,R4_FULL,R,train_validation,4186,2003-05-07,2021-11-12,0.014057509887877193,0.3475002595567591,13562.2325652714,Q_lags
2026-08-11T02:49:01.489250+00:00,R_lag1,0.0873194163141998,0.01806964782824231,4.832380638748377,1.3974587893208623e-06,R4_FULL,R,train_validation,4186,2003-05-07,2021-11-12,0.014057509887877193,0.3475002595567591,13562.2325652714,R_lags
2026-08-11T02:49:01.489250+00:00,I_lag1,0.4139176722508049,0.012360742532244718,33.486473095855125,5.112541389598511e-218,R4_FULL,R,train_validation,4186,2003-05-07,2021-11-12,0.014057509887877193,0.3475002595567591,13562.2325652714,I_lags
2026-08-11T02:49:01.489250+00:00,const,0.0010557196893898986,0.0002813748529193314,3.7520044113272895,0.00017789488372511934,I1_AR16,I,train_validation,4046,2006-01-26,2021-11-12,0.01377550841529687,0.6074611000036515,102.18878172980685,intercept
2026-08-11T02:49:01.489250+00:00,I_lag1,0.3977020427593697,0.015520886388504638,25.623668185209002,2.7792794981015427e-134,I1_AR16,I,train_validation,4046,2006-01-26,2021-11-12,0.01377550841529687,0.6074611000036515,102.18878172980685,I_lags
2026-08-11T02:49:01.489250+00:00,I_lag2,0.18649570769334045,0.01644397128720083,11.341281521118894,2.274265162078111e-29,I1_AR16,I,train_validation,4046,2006-01-26,2021-11-12,0.01377550841529687,0.6074611000036515,102.18878172980685,I_lags
2026-08-11T02:49:01.489250+00:00,I_lag3,0.04940391514948042,0.01670128233329744,2.9580911311812006,0.0031135056385039436,I1_AR16,I,train_validation,4046,2006-01-26,2021-11-12,0.01377550841529687,0.6074611000036515,102.18878172980685,I_lags
2026-08-11T02:49:01.489250+00:00,I_lag4,-0.05075063644105345,0.016670812159476002,-3.044280983767539,0.002347436342250944,I1_AR16,I,train_validation,4046,2006-01-26,2021-11-12,0.01377550841529687,0.6074611000036515,102.18878172980685,I_lags
2026-08-11T02:49:01.489250+00:00,I_lag5,0.09902975788482468,0.016673956009222363,5.939187906580258,3.10624968760207e-09,I1_AR16,I,train_validation,4046,2006-01-26,2021-11-12,0.01377550841529687,0.6074611000036515,102.18878172980685,I_lags
2026-08-11T02:49:01.489250+00:00,I_lag6,-0.04582377795464536,0.016738846853123338,-2.7375707751394476,0.006216659951527585,I1_AR16,I,train_validation,4046,2006-01-26,2021-11-12,0.01377550841529687,0.6074611000036515,102.18878172980685,I_lags
2026-08-11T02:49:01.489250+00:00,I_lag7,0.040811825650301455,0.016456970907418295,2.479911150107505,0.013182084450411517,I1_AR16,I,train_validation,4046,2006-01-26,2021-11-12,0.01377550841529687,0.6074611000036515,102.18878172980685,I_lags
2026-08-11T02:49:01.489250+00:00,I_lag8,0.03131492350449298,0.016437485218205608,1.9050921165124222,0.05683922613252519,I1_AR16,I,train_validation,4046,2006-01-26,2021-11-12,0.01377550841529687,0.6074611000036515,102.18878172980685,I_lags
2026-08-11T02:49:01.489250+00:00,I_lag9,-0.0648362890516284,0.01643673576187095,-3.9445964205394186,8.129450955469881e-05,I1_AR16,I,train_validation,4046,2006-01-26,2021-11-12,0.01377550841529687,0.6074611000036515,102.18878172980685,I_lags
2026-08-11T02:49:01.489250+00:00,I_lag10,0.19895103061171865,0.016455317191356865,12.090379559272028,4.411229930531784e-33,I1_AR16,I,train_validation,4046,2006-01-26,2021-11-12,0.01377550841529687,0.6074611000036515,102.18878172980685,I_lags
2026-08-11T02:49:01.489250+00:00,I_lag11,0.031401709613803466,0.01673528169254664,1.8763777145017395,0.060675661308682655,I1_AR16,I,train_validation,4046,2006-01-26,2021-11-12,0.01377550841529687,0.6074611000036515,102.18878172980685,I_lags
2026-08-11T02:49:01.489250+00:00,I_lag12,-0.04755991341941683,0.01666970859741034,-2.85307407394064,0.004351927884957245,I1_AR16,I,train_validation,4046,2006-01-26,2021-11-12,0.01377550841529687,0.6074611000036515,102.18878172980685,I_lags
2026-08-11T02:49:01.489250+00:00,I_lag13,0.07773298397407537,0.01666631218030085,4.664078239573224,3.2005367758990854e-06,I1_AR16,I,train_validation,4046,2006-01-26,2021-11-12,0.01377550841529687,0.6074611000036515,102.18878172980685,I_lags
2026-08-11T02:49:01.489250+00:00,I_lag14,-0.0064974226391691925,0.016691661101677687,-0.38926159593044535,0.6971032144858713,I1_AR16,I,train_validation,4046,2006-01-26,2021-11-12,0.01377550841529687,0.6074611000036515,102.18878172980685,I_lags
2026-08-11T02:49:01.489250+00:00,I_lag15,0.19747250964575938,0.01641888619147581,12.027156248167499,9.25331161409618e-33,I1_AR16,I,train_validation,4046,2006-01-26,2021-11-12,0.01377550841529687,0.6074611000036515,102.18878172980685,I_lags
2026-08-11T02:49:01.489250+00:00,I_lag16,-0.17187608650984862,0.015500883793950997,-11.08814754013709,3.6455102662872494e-28,I1_AR16,I,train_validation,4046,2006-01-26,2021-11-12,0.01377550841529687,0.6074611000036515,102.18878172980685,I_lags
2026-08-11T02:49:01.489250+00:00,const,0.00035476602658477665,0.0003312537447802425,1.0709796709472144,0.28426138288676955,I2_AR16_Q,I,train_validation,3154,2006-01-26,2021-11-08,0.013507534382667327,0.64747906599745,15784.350094182182,intercept
2026-08-11T02:49:01.489250+00:00,I_lag1,0.41071158125423163,0.01760231997202811,23.332809647074615,3.966250420101001e-111,I2_AR16_Q,I,train_validation,3154,2006-01-26,2021-11-08,0.013507534382667327,0.64747906599745,15784.350094182182,I_lags
2026-08-11T02:49:01.489250+00:00,I_lag2,0.15651694663767765,0.021142789072085597,7.402852391140952,1.7053677142543002e-13,I2_AR16_Q,I,train_validation,3154,2006-01-26,2021-11-08,0.013507534382667327,0.64747906599745,15784.350094182182,I_lags
2026-08-11T02:49:01.489250+00:00,I_lag3,0.04271861865205637,0.021427071814772932,1.9936750584185723,0.04627446706387577,I2_AR16_Q,I,train_validation,3154,2006-01-26,2021-11-08,0.013507534382667327,0.64747906599745,15784.350094182182,I_lags
2026-08-11T02:49:01.489250+00:00,I_lag4,-0.047086940531326824,0.0212514664889309,-2.215703116575633,0.026783743615150683,I2_AR16_Q,I,train_validation,3154,2006-01-26,2021-11-08,0.013507534382667327,0.64747906599745,15784.350094182182,I_lags
2026-08-11T02:49:01.489250+00:00,I_lag5,0.003253740221753558,0.021123166572966052,0.15403657451235436,0.8775908566262173,I2_AR16_Q,I,train_validation,3154,2006-01-26,2021-11-08,0.013507534382667327,0.64747906599745,15784.350094182182,I_lags
2026-08-11T02:49:01.489250+00:00,I_lag6,-0.04608051017489467,0.02401223112639272,-1.9190432547621907,0.055069959707591695,I2_AR16_Q,I,train_validation,3154,2006-01-26,2021-11-08,0.013507534382667327,0.64747906599745,15784.350094182182,I_lags
2026-08-11T02:49:01.489250+00:00,I_lag7,0.08974528221778053,0.023613910787350173,3.8005260130760097,0.00014714684778748444,I2_AR16_Q,I,train_validation,3154,2006-01-26,2021-11-08,0.013507534382667327,0.64747906599745,15784.350094182182,I_lags
2026-08-11T02:49:01.489250+00:00,I_lag8,0.010096267926722954,0.02371142052353663,0.42579768330206585,0.6702846355601112,I2_AR16_Q,I,train_validation,3154,2006-01-26,2021-11-08,0.013507534382667327,0.64747906599745,15784.350094182182,I_lags
2026-08-11T02:49:01.489250+00:00,I_lag9,-0.03920118151480924,0.02378077214014199,-1.6484402307794526,0.09936301639845138,I2_AR16_Q,I,train_validation,3154,2006-01-26,2021-11-08,0.013507534382667327,0.64747906599745,15784.350094182182,I_lags
2026-08-11T02:49:01.489250+00:00,I_lag10,0.33998963025759477,0.02379380490650906,14.288997980503186,6.491686578701611e-45,I2_AR16_Q,I,train_validation,3154,2006-01-26,2021-11-08,0.013507534382667327,0.64747906599745,15784.350094182182,I_lags
2026-08-11T02:49:01.489250+00:00,I_lag11,0.08781992345014249,0.024863042098523257,3.5321471564961295,0.0004181709795803926,I2_AR16_Q,I,train_validation,3154,2006-01-26,2021-11-08,0.013507534382667327,0.64747906599745,15784.350094182182,I_lags
2026-08-11T02:49:01.489250+00:00,I_lag12,-0.0515330068312567,0.024499639115846548,-2.103419017218289,0.03550899846610959,I2_AR16_Q,I,train_validation,3154,2006-01-26,2021-11-08,0.013507534382667327,0.64747906599745,15784.350094182182,I_lags
2026-08-11T02:49:01.489250+00:00,I_lag13,0.12479087055369226,0.02464689756845848,5.063147205731549,4.363116156348616e-07,I2_AR16_Q,I,train_validation,3154,2006-01-26,2021-11-08,0.013507534382667327,0.64747906599745,15784.350094182182,I_lags
2026-08-11T02:49:01.489250+00:00,I_lag14,-0.024371501007644125,0.02431600607389881,-1.0022822388502726,0.31628499859268483,I2_AR16_Q,I,train_validation,3154,2006-01-26,2021-11-08,0.013507534382667327,0.64747906599745,15784.350094182182,I_lags
2026-08-11T02:49:01.489250+00:00,I_lag15,0.2553775645851332,0.023767387466475123,10.744873198425942,1.8085614993843396e-26,I2_AR16_Q,I,train_validation,3154,2006-01-26,2021-11-08,0.013507534382667327,0.64747906599745,15784.350094182182,I_lags
2026-08-11T02:49:01.489250+00:00,I_lag16,-0.2901065082673306,0.02289821499534639,-12.669394025966174,6.59191415079634e-36,I2_AR16_Q,I,train_validation,3154,2006-01-26,2021-11-08,0.013507534382667327,0.64747906599745,15784.350094182182,I_lags
2026-08-11T02:49:01.489250+00:00,Q_lag1,14.772879620425284,3.0701865867037004,4.811720461682479,1.5673758935014474e-06,I2_AR16_Q,I,train_validation,3154,2006-01-26,2021-11-08,0.013507534382667327,0.64747906599745,15784.350094182182,Q_lags
2026-08-11T02:49:01.489250+00:00,Q_lag2,8.125443749869262,3.139080852185308,2.5884786447002917,0.009684824015970556,I2_AR16_Q,I,train_validation,3154,2006-01-26,2021-11-08,0.013507534382667327,0.64747906599745,15784.350094182182,Q_lags
2026-08-11T02:49:01.489250+00:00,Q_lag3,-8.37690784744979,3.2200661362343426,-2.60147074409038,0.009326345748189961,I2_AR16_Q,I,train_validation,3154,2006-01-26,2021-11-08,0.013507534382667327,0.64747906599745,15784.350094182182,Q_lags
2026-08-11T02:49:01.489250+00:00,Q_lag4,12.007403639265059,3.182736140218416,3.7726670104801863,0.00016451150914759987,I2_AR16_Q,I,train_validation,3154,2006-01-26,2021-11-08,0.013507534382667327,0.64747906599745,15784.350094182182,Q_lags
2026-08-11T02:49:01.489250+00:00,Q_lag5,-1.6202897989213854,3.2899125812576266,-0.4925023868877395,0.6223988782806403,I2_AR16_Q,I,train_validation,3154,2006-01-26,2021-11-08,0.013507534382667327,0.64747906599745,15784.350094182182,Q_lags
2026-08-11T02:49:01.489250+00:00,Q_lag6,-4.714165932034812,3.438694731066397,-1.370917252248463,0.17049932548737215,I2_AR16_Q,I,train_validation,3154,2006-01-26,2021-11-08,0.013507534382667327,0.64747906599745,15784.350094182182,Q_lags
2026-08-11T02:49:01.489250+00:00,Q_lag7,3.2944163807725526,3.4589492656152774,0.9524326978489355,0.3409513373972599,I2_AR16_Q,I,train_validation,3154,2006-01-26,2021-11-08,0.013507534382667327,0.64747906599745,15784.350094182182,Q_lags
2026-08-11T02:49:01.489250+00:00,Q_lag8,8.438085852849476,3.4702560735661825,2.4315455902878487,0.01509047019295559,I2_AR16_Q,I,train_validation,3154,2006-01-26,2021-11-08,0.013507534382667327,0.64747906599745,15784.350094182182,Q_lags
2026-08-11T02:49:01.489250+00:00,Q_lag9,-20.276338602409208,3.462968352594149,-5.855190269706037,5.259752601732211e-09,I2_AR16_Q,I,train_validation,3154,2006-01-26,2021-11-08,0.013507534382667327,0.64747906599745,15784.350094182182,Q_lags
2026-08-11T02:49:01.489250+00:00,Q_lag10,-18.88022795631573,3.466974702802256,-5.445735713345524,5.559158491197841e-08,I2_AR16_Q,I,train_validation,3154,2006-01-26,2021-11-08,0.013507534382667327,0.64747906599745,15784.350094182182,Q_lags
2026-08-11T02:49:01.489250+00:00,Q_lag11,-11.864424092350262,3.4582592604344193,-3.430750328088438,0.0006097321286779457,I2_AR16_Q,I,train_validation,3154,2006-01-26,2021-11-08,0.013507534382667327,0.64747906599745,15784.350094182182,Q_lags
2026-08-11T02:49:01.489250+00:00,Q_lag12,-6.274760528090646,3.4614302567080415,-1.8127652625473363,0.06996407025282118,I2_AR16_Q,I,train_validation,3154,2006-01-26,2021-11-08,0.013507534382667327,0.64747906599745,15784.350094182182,Q_lags
2026-08-11T02:49:01.489250+00:00,Q_lag13,19.795181281780312,3.4596125805295794,5.7217913338580155,1.153811209198562e-08,I2_AR16_Q,I,train_validation,3154,2006-01-26,2021-11-08,0.013507534382667327,0.64747906599745,15784.350094182182,Q_lags
2026-08-11T02:49:01.489250+00:00,Q_lag14,-23.949497996430487,3.453373071023612,-6.935103014900048,4.913503672379156e-12,I2_AR16_Q,I,train_validation,3154,2006-01-26,2021-11-08,0.013507534382667327,0.64747906599745,15784.350094182182,Q_lags
2026-08-11T02:49:01.489250+00:00,Q_lag15,20.652252003856063,3.44658822303443,5.992085699658516,2.308247331104874e-09,I2_AR16_Q,I,train_validation,3154,2006-01-26,2021-11-08,0.013507534382667327,0.64747906599745,15784.350094182182,Q_lags
2026-08-11T02:49:01.489250+00:00,Q_lag16,-6.82757237790658,3.3168543793147953,-2.058448034525121,0.03962997990015002,I2_AR16_Q,I,train_validation,3154,2006-01-26,2021-11-08,0.013507534382667327,0.64747906599745,15784.350094182182,Q_lags
2026-08-11T02:49:01.489250+00:00,const,0.00012726720770510797,0.00034835432074646275,0.36533839291097775,0.7148835792471534,I3_AR16_R,I,train_validation,3154,2006-01-26,2021-11-08,0.013639858039181938,0.6405384444717488,134.94212508314953,intercept
2026-08-11T02:49:01.489250+00:00,I_lag1,0.33364897647323716,0.018569927571214232,17.96716627965937,9.150867474177123e-69,I3_AR16_R,I,train_validation,3154,2006-01-26,2021-11-08,0.013639858039181938,0.6405384444717488,134.94212508314953,I_lags
2026-08-11T02:49:01.489250+00:00,I_lag2,0.1680742076434494,0.01996185978052865,8.419766970179484,5.671388807722188e-17,I3_AR16_R,I,train_validation,3154,2006-01-26,2021-11-08,0.013639858039181938,0.6405384444717488,134.94212508314953,I_lags
2026-08-11T02:49:01.489250+00:00,I_lag3,0.056107151311951674,0.02014236696280988,2.785529199003565,0.005376304903695012,I3_AR16_R,I,train_validation,3154,2006-01-26,2021-11-08,0.013639858039181938,0.6405384444717488,134.94212508314953,I_lags
2026-08-11T02:49:01.489250+00:00,I_lag4,-0.058599650699169316,0.019963213921218352,-2.9353815938868117,0.003355701529858411,I3_AR16_R,I,train_validation,3154,2006-01-26,2021-11-08,0.013639858039181938,0.6405384444717488,134.94212508314953,I_lags
2026-08-11T02:49:01.489250+00:00,I_lag5,0.06111284699705991,0.019825909673492344,3.082473793309422,0.0020708059732352266,I3_AR16_R,I,train_validation,3154,2006-01-26,2021-11-08,0.013639858039181938,0.6405384444717488,134.94212508314953,I_lags
2026-08-11T02:49:01.489250+00:00,I_lag6,-0.03855870507333219,0.024971666350332402,-1.5440982004318238,0.12266592824371832,I3_AR16_R,I,train_validation,3154,2006-01-26,2021-11-08,0.013639858039181938,0.6405384444717488,134.94212508314953,I_lags
2026-08-11T02:49:01.489250+00:00,I_lag7,0.06633373603581318,0.024616372615692862,2.694699867905218,0.007082952285343072,I3_AR16_R,I,train_validation,3154,2006-01-26,2021-11-08,0.013639858039181938,0.6405384444717488,134.94212508314953,I_lags
2026-08-11T02:49:01.489250+00:00,I_lag8,0.008476072752562604,0.024719582861827044,0.3428889880521281,0.7317050686229263,I3_AR16_R,I,train_validation,3154,2006-01-26,2021-11-08,0.013639858039181938,0.6405384444717488,134.94212508314953,I_lags
2026-08-11T02:49:01.489250+00:00,I_lag9,-0.009250173332510596,0.024843424918694873,-0.37233889299819395,0.7096658250232923,I3_AR16_R,I,train_validation,3154,2006-01-26,2021-11-08,0.013639858039181938,0.6405384444717488,134.94212508314953,I_lags
2026-08-11T02:49:01.489250+00:00,I_lag10,0.3173685749748078,0.024793307095482515,12.80057451604083,1.3339139027263651e-36,I3_AR16_R,I,train_validation,3154,2006-01-26,2021-11-08,0.013639858039181938,0.6405384444717488,134.94212508314953,I_lags
2026-08-11T02:49:01.489250+00:00,I_lag11,0.09746830975608185,0.02584796411407316,3.770831208443776,0.0001657210123914755,I3_AR16_R,I,train_validation,3154,2006-01-26,2021-11-08,0.013639858039181938,0.6405384444717488,134.94212508314953,I_lags
2026-08-11T02:49:01.489250+00:00,I_lag12,-0.07040097344978687,0.025273982118256495,-2.7855117219115693,0.005376594007470355,I3_AR16_R,I,train_validation,3154,2006-01-26,2021-11-08,0.013639858039181938,0.6405384444717488,134.94212508314953,I_lags
2026-08-11T02:49:01.489250+00:00,I_lag13,0.09415345186138858,0.025402889101301063,3.706407231316312,0.00021387126007077289,I3_AR16_R,I,train_validation,3154,2006-01-26,2021-11-08,0.013639858039181938,0.6405384444717488,134.94212508314953,I_lags
2026-08-11T02:49:01.489250+00:00,I_lag14,-0.025121872592617805,0.02493575258287117,-1.0074639820526003,0.3137899579685425,I3_AR16_R,I,train_validation,3154,2006-01-26,2021-11-08,0.013639858039181938,0.6405384444717488,134.94212508314953,I_lags
2026-08-11T02:49:01.489250+00:00,I_lag15,0.20590804585211397,0.024284095578314648,8.479131750576164,3.44997649168502e-17,I3_AR16_R,I,train_validation,3154,2006-01-26,2021-11-08,0.013639858039181938,0.6405384444717488,134.94212508314953,I_lags
2026-08-11T02:49:01.489250+00:00,I_lag16,-0.21546352487823392,0.024147512171178716,-8.92280427693088,7.58452367703504e-19,I3_AR16_R,I,train_validation,3154,2006-01-26,2021-11-08,0.013639858039181938,0.6405384444717488,134.94212508314953,I_lags
2026-08-11T02:49:01.489250+00:00,R_lag1,0.18706927149001032,0.017441014679103653,10.725825012586045,2.2065278519926367e-26,I3_AR16_R,I,train_validation,3154,2006-01-26,2021-11-08,0.013639858039181938,0.6405384444717488,134.94212508314953,R_lags
2026-08-11T02:49:01.489250+00:00,R_lag2,0.016413385358139024,0.017734308587890373,0.925515944238541,0.35476915007043763,I3_AR16_R,I,train_validation,3154,2006-01-26,2021-11-08,0.013639858039181938,0.6405384444717488,134.94212508314953,R_lags
2026-08-11T02:49:01.489250+00:00,R_lag3,-0.03708277521795271,0.017806379777852346,-2.082555560455721,0.03737299975153597,I3_AR16_R,I,train_validation,3154,2006-01-26,2021-11-08,0.013639858039181938,0.6405384444717488,134.94212508314953,R_lags
2026-08-11T02:49:01.489250+00:00,R_lag4,-0.00677794438073336,0.017616405741493278,-0.3847518319113612,0.7004475048594558,I3_AR16_R,I,train_validation,3154,2006-01-26,2021-11-08,0.013639858039181938,0.6405384444717488,134.94212508314953,R_lags
2026-08-11T02:49:01.489250+00:00,R_lag5,-0.017901058882935004,0.017630836969251155,-1.0153266639669531,0.31002884068688863,I3_AR16_R,I,train_validation,3154,2006-01-26,2021-11-08,0.013639858039181938,0.6405384444717488,134.94212508314953,R_lags
2026-08-11T02:49:01.489250+00:00,R_lag6,-0.009547156241031895,0.020155625033759488,-0.473672050608253,0.6357669180441199,I3_AR16_R,I,train_validation,3154,2006-01-26,2021-11-08,0.013639858039181938,0.6405384444717488,134.94212508314953,R_lags
2026-08-11T02:49:01.489250+00:00,R_lag7,-0.012955085581237246,0.020440512943595737,-0.63379454405014,0.5262613590569063,I3_AR16_R,I,train_validation,3154,2006-01-26,2021-11-08,0.013639858039181938,0.6405384444717488,134.94212508314953,R_lags
2026-08-11T02:49:01.489250+00:00,R_lag8,0.017804777768046225,0.02055896429277683,0.8660347629623415,0.38653766689200153,I3_AR16_R,I,train_validation,3154,2006-01-26,2021-11-08,0.013639858039181938,0.6405384444717488,134.94212508314953,R_lags
2026-08-11T02:49:01.489250+00:00,R_lag9,-0.07123657378424267,0.020570813959320207,-3.4629924671486743,0.0005413888233611717,I3_AR16_R,I,train_validation,3154,2006-01-26,2021-11-08,0.013639858039181938,0.6405384444717488,134.94212508314953,R_lags
2026-08-11T02:49:01.489250+00:00,R_lag10,-0.08764123201090279,0.020596934081300148,-4.255062023549992,2.1513937561084652e-05,I3_AR16_R,I,train_validation,3154,2006-01-26,2021-11-08,0.013639858039181938,0.6405384444717488,134.94212508314953,R_lags
2026-08-11T02:49:01.489250+00:00,R_lag11,-0.028776937337581646,0.020581209411066267,-1.3982141069955119,0.16214813015837393,I3_AR16_R,I,train_validation,3154,2006-01-26,2021-11-08,0.013639858039181938,0.6405384444717488,134.94212508314953,R_lags
2026-08-11T02:49:01.489250+00:00,R_lag12,-0.013691497761947932,0.020508929207565703,-0.6675871579339777,0.50444651591162,I3_AR16_R,I,train_validation,3154,2006-01-26,2021-11-08,0.013639858039181938,0.6405384444717488,134.94212508314953,R_lags
2026-08-11T02:49:01.489250+00:00,R_lag13,0.11745999084113713,0.020429155860959697,5.749625272848608,9.807323512257674e-09,I3_AR16_R,I,train_validation,3154,2006-01-26,2021-11-08,0.013639858039181938,0.6405384444717488,134.94212508314953,R_lags
2026-08-11T02:49:01.489250+00:00,R_lag14,-0.03499536023843339,0.020333043156400016,-1.721107852339273,0.08533035931396656,I3_AR16_R,I,train_validation,3154,2006-01-26,2021-11-08,0.013639858039181938,0.6405384444717488,134.94212508314953,R_lags
2026-08-11T02:49:01.489250+00:00,R_lag15,0.012070468778055638,0.019926235427819995,0.6057576114554716,0.5447197697782633,I3_AR16_R,I,train_validation,3154,2006-01-26,2021-11-08,0.013639858039181938,0.6405384444717488,134.94212508314953,R_lags
2026-08-11T02:49:01.489250+00:00,R_lag16,-0.01874660093030791,0.019146330820848396,-0.9791223762776927,0.327595405490137,I3_AR16_R,I,train_validation,3154,2006-01-26,2021-11-08,0.013639858039181938,0.6405384444717488,134.94212508314953,R_lags
2026-08-11T02:49:01.489250+00:00,const,0.0002079027354956298,0.00034022920176814944,0.611066699787004,0.5412001541361209,I4_FULL,I,train_validation,3154,2006-01-26,2021-11-08,0.013308406981866696,0.6577961465413983,17935.868022177114,intercept
2026-08-11T02:49:01.489250+00:00,I_lag1,0.35846465299514624,0.018559114303025204,19.314750000581395,1.3785485145216302e-78,I4_FULL,I,train_validation,3154,2006-01-26,2021-11-08,0.013308406981866696,0.6577961465413983,17935.868022177114,I_lags
2026-08-11T02:49:01.489250+00:00,I_lag2,0.15725109578549334,0.0216714995876452,7.256124346611497,5.008720901268542e-13,I4_FULL,I,train_validation,3154,2006-01-26,2021-11-08,0.013308406981866696,0.6577961465413983,17935.868022177114,I_lags
2026-08-11T02:49:01.489250+00:00,I_lag3,0.04440046029734597,0.02198625920525681,2.0194640608407832,0.04352476475577116,I4_FULL,I,train_validation,3154,2006-01-26,2021-11-08,0.013308406981866696,0.6577961465413983,17935.868022177114,I_lags
2026-08-11T02:49:01.489250+00:00,I_lag4,-0.02967028272429621,0.021777468946362736,-1.3624302620921303,0.1731609522974086,I4_FULL,I,train_validation,3154,2006-01-26,2021-11-08,0.013308406981866696,0.6577961465413983,17935.868022177114,I_lags
2026-08-11T02:49:01.489250+00:00,I_lag5,0.00407277566890482,0.021730213201465096,0.1874245609624403,0.8513400129070334,I4_FULL,I,train_validation,3154,2006-01-26,2021-11-08,0.013308406981866696,0.6577961465413983,17935.868022177114,I_lags
2026-08-11T02:49:01.489250+00:00,I_lag6,-0.027394873006075755,0.024947668650756566,-1.0980935088395514,0.2722488028603683,I4_FULL,I,train_validation,3154,2006-01-26,2021-11-08,0.013308406981866696,0.6577961465413983,17935.868022177114,I_lags
2026-08-11T02:49:01.489250+00:00,I_lag7,0.08128763811650692,0.024728511221620335,3.2872030745399865,0.0010231436679182559,I4_FULL,I,train_validation,3154,2006-01-26,2021-11-08,0.013308406981866696,0.6577961465413983,17935.868022177114,I_lags
2026-08-11T02:49:01.489250+00:00,I_lag8,-0.0024522251511557274,0.024898363819528112,-0.0984894095423417,0.9215500383899107,I4_FULL,I,train_validation,3154,2006-01-26,2021-11-08,0.013308406981866696,0.6577961465413983,17935.868022177114,I_lags
2026-08-11T02:49:01.489250+00:00,I_lag9,-0.012237201776070128,0.025043459707274996,-0.48863862737444713,0.6251320694394809,I4_FULL,I,train_validation,3154,2006-01-26,2021-11-08,0.013308406981866696,0.6577961465413983,17935.868022177114,I_lags
2026-08-11T02:49:01.489250+00:00,I_lag10,0.34336052365468056,0.02503530344115582,13.715053402956814,1.3141822282918317e-41,I4_FULL,I,train_validation,3154,2006-01-26,2021-11-08,0.013308406981866696,0.6577961465413983,17935.868022177114,I_lags
2026-08-11T02:49:01.489250+00:00,I_lag11,0.10099602389459587,0.026066260341566335,3.8745881676606846,0.00010901155271791595,I4_FULL,I,train_validation,3154,2006-01-26,2021-11-08,0.013308406981866696,0.6577961465413983,17935.868022177114,I_lags
2026-08-11T02:49:01.489250+00:00,I_lag12,-0.05813184224594112,0.025619751670618106,-2.269024422770239,0.023335174132175566,I4_FULL,I,train_validation,3154,2006-01-26,2021-11-08,0.013308406981866696,0.6577961465413983,17935.868022177114,I_lags
2026-08-11T02:49:01.489250+00:00,I_lag13,0.10560604957813952,0.025661646918673554,4.11532626541174,3.9668777070774054e-05,I4_FULL,I,train_validation,3154,2006-01-26,2021-11-08,0.013308406981866696,0.6577961465413983,17935.868022177114,I_lags
2026-08-11T02:49:01.489250+00:00,I_lag14,-0.055570306230086776,0.025182669757273776,-2.206688439538299,0.02740876536799633,I4_FULL,I,train_validation,3154,2006-01-26,2021-11-08,0.013308406981866696,0.6577961465413983,17935.868022177114,I_lags
2026-08-11T02:49:01.489250+00:00,I_lag15,0.2569509713145208,0.02464792955730662,10.424850116400565,4.920194775030545e-25,I4_FULL,I,train_validation,3154,2006-01-26,2021-11-08,0.013308406981866696,0.6577961465413983,17935.868022177114,I_lags
2026-08-11T02:49:01.489250+00:00,I_lag16,-0.26211526226249027,0.024281784372326663,-10.794728189795492,1.0788382705613225e-26,I4_FULL,I,train_validation,3154,2006-01-26,2021-11-08,0.013308406981866696,0.6577961465413983,17935.868022177114,I_lags
2026-08-11T02:49:01.489250+00:00,Q_lag1,0.48973987727724266,3.49144858580654,0.1402683915404444,0.8884570353692831,I4_FULL,I,train_validation,3154,2006-01-26,2021-11-08,0.013308406981866696,0.6577961465413983,17935.868022177114,Q_lags
2026-08-11T02:49:01.489250+00:00,Q_lag2,4.191600018689443,3.5736740430360823,1.1729105587728392,0.24092164684787665,I4_FULL,I,train_validation,3154,2006-01-26,2021-11-08,0.013308406981866696,0.6577961465413983,17935.868022177114,Q_lags
2026-08-11T02:49:01.489250+00:00,Q_lag3,-8.68690722863319,3.642298693633805,-2.385006821054135,0.017138465301914586,I4_FULL,I,train_validation,3154,2006-01-26,2021-11-08,0.013308406981866696,0.6577961465413983,17935.868022177114,Q_lags
2026-08-11T02:49:01.489250+00:00,Q_lag4,15.792420115471455,3.636214766766516,4.343093334257255,1.4498679024239933e-05,I4_FULL,I,train_validation,3154,2006-01-26,2021-11-08,0.013308406981866696,0.6577961465413983,17935.868022177114,Q_lags
2026-08-11T02:49:01.489250+00:00,Q_lag5,0.13584214779664827,3.870385897577587,0.035097830395069834,0.9720039874901707,I4_FULL,I,train_validation,3154,2006-01-26,2021-11-08,0.013308406981866696,0.6577961465413983,17935.868022177114,Q_lags
2026-08-11T02:49:01.489250+00:00,Q_lag6,-1.53715045143189,3.860057450101864,-0.39821957867267643,0.6904957138081979,I4_FULL,I,train_validation,3154,2006-01-26,2021-11-08,0.013308406981866696,0.6577961465413983,17935.868022177114,Q_lags
2026-08-11T02:49:01.489250+00:00,Q_lag7,5.343431149327361,3.8712850475984237,1.3802732383765417,0.1676018932864107,I4_FULL,I,train_validation,3154,2006-01-26,2021-11-08,0.013308406981866696,0.6577961465413983,17935.868022177114,Q_lags
2026-08-11T02:49:01.489250+00:00,Q_lag8,6.534876032931367,3.8791190583048434,1.6846288898869417,0.09216069221455839,I4_FULL,I,train_validation,3154,2006-01-26,2021-11-08,0.013308406981866696,0.6577961465413983,17935.868022177114,Q_lags
2026-08-11T02:49:01.489250+00:00,Q_lag9,-17.418615641944054,3.878732184802908,-4.490801326833334,7.3540905094857325e-06,I4_FULL,I,train_validation,3154,2006-01-26,2021-11-08,0.013308406981866696,0.6577961465413983,17935.868022177114,Q_lags
2026-08-11T02:49:01.489250+00:00,Q_lag10,-15.983677182816509,3.8647903876076386,-4.135716450255051,3.632281604215961e-05,I4_FULL,I,train_validation,3154,2006-01-26,2021-11-08,0.013308406981866696,0.6577961465413983,17935.868022177114,Q_lags
2026-08-11T02:49:01.489250+00:00,Q_lag11,-9.4233817877975,3.8524268167985354,-2.446089760020041,0.014496633856705658,I4_FULL,I,train_validation,3154,2006-01-26,2021-11-08,0.013308406981866696,0.6577961465413983,17935.868022177114,Q_lags
2026-08-11T02:49:01.489250+00:00,Q_lag12,-4.554127624575354,3.8560509205176374,-1.1810340989905825,0.2376796328285532,I4_FULL,I,train_validation,3154,2006-01-26,2021-11-08,0.013308406981866696,0.6577961465413983,17935.868022177114,Q_lags
2026-08-11T02:49:01.489250+00:00,Q_lag13,14.372534267531917,3.848889626893213,3.7342027599615237,0.00019169249031718858,I4_FULL,I,train_validation,3154,2006-01-26,2021-11-08,0.013308406981866696,0.6577961465413983,17935.868022177114,Q_lags
2026-08-11T02:49:01.489250+00:00,Q_lag14,-27.339778152924943,3.8549021773284147,-7.092210617876791,1.6274710197572393e-12,I4_FULL,I,train_validation,3154,2006-01-26,2021-11-08,0.013308406981866696,0.6577961465413983,17935.868022177114,Q_lags
2026-08-11T02:49:01.489250+00:00,Q_lag15,20.422900825156493,3.851125403556597,5.303099402137231,1.2183286594628098e-07,I4_FULL,I,train_validation,3154,2006-01-26,2021-11-08,0.013308406981866696,0.6577961465413983,17935.868022177114,Q_lags
2026-08-11T02:49:01.489250+00:00,Q_lag16,-8.460335578423319,3.7846903240578986,-2.235410259234169,0.025461251612737414,I4_FULL,I,train_validation,3154,2006-01-26,2021-11-08,0.013308406981866696,0.6577961465413983,17935.868022177114,Q_lags
2026-08-11T02:49:01.489250+00:00,R_lag1,0.172441070827348,0.01965746141308479,8.772296035772165,2.832568044598358e-18,I4_FULL,I,train_validation,3154,2006-01-26,2021-11-08,0.013308406981866696,0.6577961465413983,17935.868022177114,R_lags
2026-08-11T02:49:01.489250+00:00,R_lag2,0.006291180795734062,0.01999103672751295,0.3147000769137568,0.7530105306205348,I4_FULL,I,train_validation,3154,2006-01-26,2021-11-08,0.013308406981866696,0.6577961465413983,17935.868022177114,R_lags
2026-08-11T02:49:01.489250+00:00,R_lag3,-0.012787739921931367,0.020025906281060338,-0.6385598605355242,0.5231563961994663,I4_FULL,I,train_validation,3154,2006-01-26,2021-11-08,0.013308406981866696,0.6577961465413983,17935.868022177114,R_lags
2026-08-11T02:49:01.489250+00:00,R_lag4,-0.05025319916355226,0.019932697864108777,-2.521143876566714,0.011747083609349767,I4_FULL,I,train_validation,3154,2006-01-26,2021-11-08,0.013308406981866696,0.6577961465413983,17935.868022177114,R_lags
2026-08-11T02:49:01.489250+00:00,R_lag5,-0.0025801171393879875,0.020552750264751715,-0.12553634458415663,0.9001070809577217,I4_FULL,I,train_validation,3154,2006-01-26,2021-11-08,0.013308406981866696,0.6577961465413983,17935.868022177114,R_lags
2026-08-11T02:49:01.489250+00:00,R_lag6,-0.021371094938527756,0.02240765914976389,-0.9537406292951821,0.34028918909074657,I4_FULL,I,train_validation,3154,2006-01-26,2021-11-08,0.013308406981866696,0.6577961465413983,17935.868022177114,R_lags
2026-08-11T02:49:01.489250+00:00,R_lag7,-0.016231587634950136,0.022645072490581095,-0.716782321703825,0.47356233217162047,I4_FULL,I,train_validation,3154,2006-01-26,2021-11-08,0.013308406981866696,0.6577961465413983,17935.868022177114,R_lags
2026-08-11T02:49:01.489250+00:00,R_lag8,0.006607860352514289,0.02270048166370465,0.29108899319433673,0.7710027001312472,I4_FULL,I,train_validation,3154,2006-01-26,2021-11-08,0.013308406981866696,0.6577961465413983,17935.868022177114,R_lags
2026-08-11T02:49:01.489250+00:00,R_lag9,-0.02527812710466138,0.02277784857722216,-1.1097679844065476,0.2671849579630408,I4_FULL,I,train_validation,3154,2006-01-26,2021-11-08,0.013308406981866696,0.6577961465413983,17935.868022177114,R_lags
2026-08-11T02:49:01.489250+00:00,R_lag10,-0.031532282772472685,0.022716610053149382,-1.388071666445721,0.1652148082915062,I4_FULL,I,train_validation,3154,2006-01-26,2021-11-08,0.013308406981866696,0.6577961465413983,17935.868022177114,R_lags
2026-08-11T02:49:01.489250+00:00,R_lag11,-0.021250988935421048,0.02269282177717612,-0.9364630429872219,0.3491076605801213,I4_FULL,I,train_validation,3154,2006-01-26,2021-11-08,0.013308406981866696,0.6577961465413983,17935.868022177114,R_lags
2026-08-11T02:49:01.489250+00:00,R_lag12,-0.0029403140558191387,0.022668734664375495,-0.1297079038310823,0.8968059306034821,I4_FULL,I,train_validation,3154,2006-01-26,2021-11-08,0.013308406981866696,0.6577961465413983,17935.868022177114,R_lags
2026-08-11T02:49:01.489250+00:00,R_lag13,0.07051280790298753,0.022576680915197444,3.1232583818608157,0.001805085480866239,I4_FULL,I,train_validation,3154,2006-01-26,2021-11-08,0.013308406981866696,0.6577961465413983,17935.868022177114,R_lags
2026-08-11T02:49:01.489250+00:00,R_lag14,0.042776326676652564,0.02249073502839394,1.9019532542021689,0.05726972339426044,I4_FULL,I,train_validation,3154,2006-01-26,2021-11-08,0.013308406981866696,0.6577961465413983,17935.868022177114,R_lags
2026-08-11T02:49:01.489250+00:00,R_lag15,-0.0380746686912341,0.02199524753172575,-1.7310407003292658,0.08354384539833003,I4_FULL,I,train_validation,3154,2006-01-26,2021-11-08,0.013308406981866696,0.6577961465413983,17935.868022177114,R_lags
2026-08-11T02:49:01.489250+00:00,R_lag16,0.005676742329937881,0.021695176644311698,0.2616591891832454,0.7936015620439866,I4_FULL,I,train_validation,3154,2006-01-26,2021-11-08,0.013308406981866696,0.6577961465413983,17935.868022177114,R_lags
